[2026-09-09 14:00:46] production.ERROR: The C:\Users\josea\Desktop\Proyectois\bootstrap\cache directory must be present and writable. {"exception":"[object] (Exception(code: 0): The C:\\Users\\josea\\Desktop\\Proyectois\\bootstrap\\cache directory must be present and writable. at C:/Users/josea/Desktop/Proyectois/vendor/laravel/framework/src/Illuminate/Foundation/PackageManifest.php:179)
[stacktrace]
#0 C:/Users/josea/Desktop/Proyectois/vendor/laravel/framework/src/Illuminate/Foundation/PackageManifest.php(132): Illuminate/Foundation/PackageManifest->write(Array)
#1 C:/Users/josea/Desktop/Proyectois/vendor/laravel/framework/src/Illuminate/Foundation/PackageManifest.php(108): Illuminate/Foundation/PackageManifest->build()
#2 C:/Users/josea/Desktop/Proyectois/vendor/laravel/framework/src/Illuminate/Foundation/PackageManifest.php(90): Illuminate/Foundation/PackageManifest->getManifest()
#3 C:/Users/josea/Desktop/Proyectois/vendor/laravel/framework/src/Illuminate/Foundation/PackageManifest.php(79): Illuminate/Foundation/PackageManifest->config('aliases')
#4 C:/Users/josea/Desktop/Proyectois/vendor/laravel/framework/src/Illuminate/Foundation/Bootstrap/RegisterFacades.php(26): Illuminate/Foundation/PackageManifest->aliases()
#5 C:/Users/josea/Desktop/Proyectois/vendor/laravel/framework/src/Illuminate/Foundation/Application.php(349): Illuminate/Foundation/Bootstrap/RegisterFacades->bootstrap(Object(Illuminate/Foundation/Application))
#6 C:/Users/josea/Desktop/Proyectois/vendor/laravel/framework/src/Illuminate/Foundation/Console/Kernel.php(507): Illuminate/Foundation/Application->bootstrapWith(Array)
#7 C:/Users/josea/Desktop/Proyectois/vendor/laravel/framework/src/Illuminate/Foundation/Console/Kernel.php(196): Illuminate/Foundation/Console/Kernel->bootstrap()
#8 C:/Users/josea/Desktop/Proyectois/vendor/laravel/framework/src/Illuminate/Foundation/Application.php(1242): Illuminate/Foundation/Console/Kernel->handle(Object(Symfony/Component/Console/Input/ArgvInput), Object(Symfony/Component/Console/Output/ConsoleOutput))
#9 C:/Users/josea/Desktop/Proyectois/artisan(11): Illuminate/Foundation/Application->handleCommand(Object(Symfony/Component/Console/Input/ArgvInput))
#10 {main}
"} 
[2026-09-09 15:32:06] local.ERROR: The C:\Users\josea\Desktop\Proyectois\bootstrap\cache directory must be present and writable. {"exception":"[object] (Exception(code: 0): The C:\\Users\\josea\\Desktop\\Proyectois\\bootstrap\\cache directory must be present and writable. at C:/Users/josea/Desktop/Proyectois/vendor/laravel/framework/src/Illuminate/Foundation/PackageManifest.php:179)
[stacktrace]
#0 C:/Users/josea/Desktop/Proyectois/vendor/laravel/framework/src/Illuminate/Foundation/PackageManifest.php(132): Illuminate/Foundation/PackageManifest->write(Array)
#1 C:/Users/josea/Desktop/Proyectois/vendor/laravel/framework/src/Illuminate/Foundation/PackageManifest.php(108): Illuminate/Foundation/PackageManifest->build()
#2 C:/Users/josea/Desktop/Proyectois/vendor/laravel/framework/src/Illuminate/Foundation/PackageManifest.php(90): Illuminate/Foundation/PackageManifest->getManifest()
#3 C:/Users/josea/Desktop/Proyectois/vendor/laravel/framework/src/Illuminate/Foundation/PackageManifest.php(79): Illuminate/Foundation/PackageManifest->config('aliases')
#4 C:/Users/josea/Desktop/Proyectois/vendor/laravel/framework/src/Illuminate/Foundation/Bootstrap/RegisterFacades.php(26): Illuminate/Foundation/PackageManifest->aliases()
#5 C:/Users/josea/Desktop/Proyectois/vendor/laravel/framework/src/Illuminate/Foundation/Application.php(349): Illuminate/Foundation/Bootstrap/RegisterFacades->bootstrap(Object(Illuminate/Foundation/Application))
#6 C:/Users/josea/Desktop/Proyectois/vendor/laravel/framework/src/Illuminate/Foundation/Console/Kernel.php(507): Illuminate/Foundation/Application->bootstrapWith(Array)
#7 C:/Users/josea/Desktop/Proyectois/vendor/laravel/framework/src/Illuminate/Foundation/Console/Kernel.php(196): Illuminate/Foundation/Console/Kernel->bootstrap()
#8 C:/Users/josea/Desktop/Proyectois/vendor/laravel/framework/src/Illuminate/Foundation/Application.php(1242): Illuminate/Foundation/Console/Kernel->handle(Object(Symfony/Component/Console/Input/ArgvInput), Object(Symfony/Component/Console/Output/ConsoleOutput))
#9 C:/Users/josea/Desktop/Proyectois/artisan(11): Illuminate/Foundation/Application->handleCommand(Object(Symfony/Component/Console/Input/ArgvInput))
#10 {main}
"} 
[2026-09-09 15:35:01] local.ERROR: The C:\Users\josea\Desktop\Proyectois\bootstrap\cache directory must be present and writable. {"exception":"[object] (Exception(code: 0): The C:\\Users\\josea\\Desktop\\Proyectois\\bootstrap\\cache directory must be present and writable. at C:/Users/josea/Desktop/Proyectois/vendor/laravel/framework/src/Illuminate/Foundation/PackageManifest.php:179)
[stacktrace]
#0 C:/Users/josea/Desktop/Proyectois/vendor/laravel/framework/src/Illuminate/Foundation/PackageManifest.php(132): Illuminate/Foundation/PackageManifest->write(Array)
#1 C:/Users/josea/Desktop/Proyectois/vendor/laravel/framework/src/Illuminate/Foundation/PackageManifest.php(108): Illuminate/Foundation/PackageManifest->build()
#2 C:/Users/josea/Desktop/Proyectois/vendor/laravel/framework/src/Illuminate/Foundation/PackageManifest.php(90): Illuminate/Foundation/PackageManifest->getManifest()
#3 C:/Users/josea/Desktop/Proyectois/vendor/laravel/framework/src/Illuminate/Foundation/PackageManifest.php(79): Illuminate/Foundation/PackageManifest->config('aliases')
#4 C:/Users/josea/Desktop/Proyectois/vendor/laravel/framework/src/Illuminate/Foundation/Bootstrap/RegisterFacades.php(26): Illuminate/Foundation/PackageManifest->aliases()
#5 C:/Users/josea/Desktop/Proyectois/vendor/laravel/framework/src/Illuminate/Foundation/Application.php(349): Illuminate/Foundation/Bootstrap/RegisterFacades->bootstrap(Object(Illuminate/Foundation/Application))
#6 C:/Users/josea/Desktop/Proyectois/vendor/laravel/framework/src/Illuminate/Foundation/Console/Kernel.php(507): Illuminate/Foundation/Application->bootstrapWith(Array)
#7 C:/Users/josea/Desktop/Proyectois/vendor/laravel/framework/src/Illuminate/Foundation/Console/Kernel.php(196): Illuminate/Foundation/Console/Kernel->bootstrap()
#8 C:/Users/josea/Desktop/Proyectois/vendor/laravel/framework/src/Illuminate/Foundation/Application.php(1242): Illuminate/Foundation/Console/Kernel->handle(Object(Symfony/Component/Console/Input/ArgvInput), Object(Symfony/Component/Console/Output/ConsoleOutput))
#9 C:/Users/josea/Desktop/Proyectois/artisan(11): Illuminate/Foundation/Application->handleCommand(Object(Symfony/Component/Console/Input/ArgvInput))
#10 {main}
"} 
[2026-09-09 15:36:31] local.ERROR: View path not found. {"exception":"[object] (RuntimeException(code: 0): View path not found. at C:/Users/josea/Desktop/Proyectois/vendor/laravel/framework/src/Illuminate/Foundation/Console/ViewClearCommand.php:58)
[stacktrace]
#0 C:/Users/josea/Desktop/Proyectois/vendor/laravel/framework/src/Illuminate/Container/BoundMethod.php(36): Illuminate/Foundation/Console/ViewClearCommand->handle()
#1 C:/Users/josea/Desktop/Proyectois/vendor/laravel/framework/src/Illuminate/Container/Util.php(43): Illuminate/Container/BoundMethod::{closure:Illuminate/Container/BoundMethod::call():35}()
#2 C:/Users/josea/Desktop/Proyectois/vendor/laravel/framework/src/Illuminate/Container/BoundMethod.php(96): Illuminate/Container/Util::unwrapIfClosure(Object(Closure))
#3 C:/Users/josea/Desktop/Proyectois/vendor/laravel/framework/src/Illuminate/Container/BoundMethod.php(35): Illuminate/Container/BoundMethod::callBoundMethod(Object(Illuminate/Foundation/Application), Array, Object(Closure))
#4 C:/Users/josea/Desktop/Proyectois/vendor/laravel/framework/src/Illuminate/Container/Container.php(803): Illuminate/Container/BoundMethod::call(Object(Illuminate/Foundation/Application), Array, Array, NULL)
#5 C:/Users/josea/Desktop/Proyectois/vendor/laravel/framework/src/Illuminate/Console/Command.php(292): Illuminate/Container/Container->call(Array)
#6 C:/Users/josea/Desktop/Proyectois/vendor/symfony/console/Command/Command.php(285): Illuminate/Console/Command->execute(Object(Symfony/Component/Console/Input/ArrayInput), Object(Illuminate/Console/OutputStyle))
#7 C:/Users/josea/Desktop/Proyectois/vendor/laravel/framework/src/Illuminate/Console/Command.php(261): Symfony/Component/Console/Command/Command->run(Object(Symfony/Component/Console/Input/ArrayInput), Object(Illuminate/Console/OutputStyle))
#8 C:/Users/josea/Desktop/Proyectois/vendor/laravel/framework/src/Illuminate/Console/Concerns/CallsCommands.php(68): Illuminate/Console/Command->run(Object(Symfony/Component/Console/Input/ArrayInput), Object(Symfony/Component/Console/Output/NullOutput))
#9 C:/Users/josea/Desktop/Proyectois/vendor/laravel/framework/src/Illuminate/Console/Concerns/CallsCommands.php(41): Illuminate/Console/Command->runCommand('view:clear', Array, Object(Symfony/Component/Console/Output/NullOutput))
#10 C:/Users/josea/Desktop/Proyectois/vendor/laravel/framework/src/Illuminate/Console/Concerns/CallsCommands.php(53): Illuminate/Console/Command->callSilent('view:clear', Array)
#11 C:/Users/josea/Desktop/Proyectois/vendor/laravel/framework/src/Illuminate/Foundation/Console/OptimizeClearCommand.php(48): Illuminate/Console/Command->callSilently('view:clear')
#12 C:/Users/josea/Desktop/Proyectois/vendor/laravel/framework/src/Illuminate/Console/View/Components/Task.php(43): Illuminate/Foundation/Console/OptimizeClearCommand->{closure:Illuminate/Foundation/Console/OptimizeClearCommand::handle():48}()
#13 C:/Users/josea/Desktop/Proyectois/vendor/laravel/framework/src/Illuminate/Console/View/Components/Factory.php(61): Illuminate/Console/View/Components/Task->render('views', Object(Closure))
#14 C:/Users/josea/Desktop/Proyectois/vendor/laravel/framework/src/Illuminate/Foundation/Console/OptimizeClearCommand.php(48): Illuminate/Console/View/Components/Factory->__call('task', Array)
#15 C:/Users/josea/Desktop/Proyectois/vendor/laravel/framework/src/Illuminate/Container/BoundMethod.php(36): Illuminate/Foundation/Console/OptimizeClearCommand->handle()
#16 C:/Users/josea/Desktop/Proyectois/vendor/laravel/framework/src/Illuminate/Container/Util.php(43): Illuminate/Container/BoundMethod::{closure:Illuminate/Container/BoundMethod::call():35}()
#17 C:/Users/josea/Desktop/Proyectois/vendor/laravel/framework/src/Illuminate/Container/BoundMethod.php(96): Illuminate/Container/Util::unwrapIfClosure(Object(Closure))
#18 C:/Users/josea/Desktop/Proyectois/vendor/laravel/framework/src/Illuminate/Container/BoundMethod.php(35): Illuminate/Container/BoundMethod::callBoundMethod(Object(Illuminate/Foundation/Application), Array, Object(Closure))
#19 C:/Users/josea/Desktop/Proyectois/vendor/laravel/framework/src/Illuminate/Container/Container.php(803): Illuminate/Container/BoundMethod::call(Object(Illuminate/Foundation/Application), Array, Array, NULL)
#20 C:/Users/josea/Desktop/Proyectois/vendor/laravel/framework/src/Illuminate/Console/Command.php(292): Illuminate/Container/Container->call(Array)
#21 C:/Users/josea/Desktop/Proyectois/vendor/symfony/console/Command/Command.php(285): Illuminate/Console/Command->execute(Object(Symfony/Component/Console/Input/ArgvInput), Object(Illuminate/Console/OutputStyle))
#22 C:/Users/josea/Desktop/Proyectois/vendor/laravel/framework/src/Illuminate/Console/Command.php(261): Symfony/Component/Console/Command/Command->run(Object(Symfony/Component/Console/Input/ArgvInput), Object(Illuminate/Console/OutputStyle))
#23 C:/Users/josea/Desktop/Proyectois/vendor/symfony/console/Application.php(1144): Illuminate/Console/Command->run(Object(Symfony/Component/Console/Input/ArgvInput), Object(Symfony/Component/Console/Output/ConsoleOutput))
#24 C:/Users/josea/Desktop/Proyectois/vendor/symfony/console/Application.php(379): Symfony/Component/Console/Application->doRunCommand(Object(Illuminate/Foundation/Console/OptimizeClearCommand), Object(Symfony/Component/Console/Input/ArgvInput), Object(Symfony/Component/Console/Output/ConsoleOutput))
#25 C:/Users/josea/Desktop/Proyectois/vendor/symfony/console/Application.php(218): Symfony/Component/Console/Application->doRun(Object(Symfony/Component/Console/Input/ArgvInput), Object(Symfony/Component/Console/Output/ConsoleOutput))
#26 C:/Users/josea/Desktop/Proyectois/vendor/laravel/framework/src/Illuminate/Foundation/Console/Kernel.php(198): Symfony/Component/Console/Application->run(Object(Symfony/Component/Console/Input/ArgvInput), Object(Symfony/Component/Console/Output/ConsoleOutput))
#27 C:/Users/josea/Desktop/Proyectois/vendor/laravel/framework/src/Illuminate/Foundation/Application.php(1242): Illuminate/Foundation/Console/Kernel->handle(Object(Symfony/Component/Console/Input/ArgvInput), Object(Symfony/Component/Console/Output/ConsoleOutput))
#28 C:/Users/josea/Desktop/Proyectois/artisan(11): Illuminate/Foundation/Application->handleCommand(Object(Symfony/Component/Console/Input/ArgvInput))
#29 {main}
"} 
[2026-09-09 15:37:44] local.ERROR: Please provide a valid cache path. {"exception":"[object] (InvalidArgumentException(code: 0): Please provide a valid cache path. at C:/Users/josea/Desktop/Proyectois/vendor/laravel/framework/src/Illuminate/View/Compilers/Compiler.php:75)
[stacktrace]
#0 C:/Users/josea/Desktop/Proyectois/vendor/laravel/framework/src/Illuminate/View/ViewServiceProvider.php(97): Illuminate/View/Compilers/Compiler->__construct(Object(Illuminate/Filesystem/Filesystem), false, '', true, 'php', true)
#1 C:/Users/josea/Desktop/Proyectois/vendor/laravel/framework/src/Illuminate/Container/Container.php(1140): Illuminate/View/ViewServiceProvider->{closure:Illuminate/View/ViewServiceProvider::registerBladeCompiler():96}(Object(Illuminate/Foundation/Application), Array)
#2 C:/Users/josea/Desktop/Proyectois/vendor/laravel/framework/src/Illuminate/Container/Container.php(939): Illuminate/Container/Container->build(Object(Closure))
#3 C:/Users/josea/Desktop/Proyectois/vendor/laravel/framework/src/Illuminate/Foundation/Application.php(1085): Illuminate/Container/Container->resolve('blade.compiler', Array, true)
#4 C:/Users/josea/Desktop/Proyectois/vendor/laravel/framework/src/Illuminate/Container/Container.php(867): Illuminate/Foundation/Application->resolve('blade.compiler', Array)
#5 C:/Users/josea/Desktop/Proyectois/vendor/laravel/framework/src/Illuminate/Foundation/Application.php(1065): Illuminate/Container/Container->make('blade.compiler', Array)
#6 C:/Users/josea/Desktop/Proyectois/vendor/laravel/framework/src/Illuminate/View/ViewServiceProvider.php(169): Illuminate/Foundation/Application->make('blade.compiler')
#7 [internal function]: Illuminate/View/ViewServiceProvider->{closure:Illuminate/View/ViewServiceProvider::registerBladeEngine():165}()
#8 C:/Users/josea/Desktop/Proyectois/vendor/laravel/framework/src/Illuminate/View/Engines/EngineResolver.php(55): call_user_func(Object(Closure))
#9 C:/Users/josea/Desktop/Proyectois/vendor/laravel/framework/src/Illuminate/View/Factory.php(325): Illuminate/View/Engines/EngineResolver->resolve('blade')
#10 C:/Users/josea/Desktop/Proyectois/vendor/laravel/framework/src/Illuminate/View/Factory.php(287): Illuminate/View/Factory->getEngineFromPath('C://Users//josea//...')
#11 C:/Users/josea/Desktop/Proyectois/vendor/laravel/framework/src/Illuminate/View/Factory.php(159): Illuminate/View/Factory->viewInstance('errors::404', 'C://Users//josea//...', Array)
#12 C:/Users/josea/Desktop/Proyectois/vendor/laravel/framework/src/Illuminate/Routing/ResponseFactory.php(91): Illuminate/View/Factory->make('errors::404', Array)
#13 C:/Users/josea/Desktop/Proyectois/vendor/laravel/framework/src/Illuminate/Foundation/Exceptions/Handler.php(1042): Illuminate/Routing/ResponseFactory->view('errors::404', Array, 404, Array)
#14 C:/Users/josea/Desktop/Proyectois/vendor/laravel/framework/src/Illuminate/Foundation/Exceptions/Handler.php(961): Illuminate/Foundation/Exceptions/Handler->renderHttpException(Object(Symfony/Component/HttpKernel/Exception/NotFoundHttpException))
#15 C:/Users/josea/Desktop/Proyectois/vendor/laravel/framework/src/Illuminate/Foundation/Exceptions/Handler.php(844): Illuminate/Foundation/Exceptions/Handler->prepareResponse(Object(Illuminate/Http/Request), Object(Symfony/Component/HttpKernel/Exception/NotFoundHttpException))
#16 C:/Users/josea/Desktop/Proyectois/vendor/laravel/framework/src/Illuminate/Foundation/Exceptions/Handler.php(731): Illuminate/Foundation/Exceptions/Handler->renderExceptionResponse(Object(Illuminate/Http/Request), Object(Symfony/Component/HttpKernel/Exception/NotFoundHttpException))
#17 C:/Users/josea/Desktop/Proyectois/vendor/laravel/framework/src/Illuminate/Routing/Pipeline.php(51): Illuminate/Foundation/Exceptions/Handler->render(Object(Illuminate/Http/Request), Object(Symfony/Component/HttpKernel/Exception/NotFoundHttpException))
#18 C:/Users/josea/Desktop/Proyectois/vendor/laravel/framework/src/Illuminate/Pipeline/Pipeline.php(182): Illuminate/Routing/Pipeline->handleException(Object(Illuminate/Http/Request), Object(Symfony/Component/HttpKernel/Exception/NotFoundHttpException))
#19 C:/Users/josea/Desktop/Proyectois/vendor/laravel/framework/src/Illuminate/Foundation/Http/Middleware/TransformsRequest.php(21): Illuminate/Pipeline/Pipeline->{closure:Illuminate/Pipeline/Pipeline::prepareDestination():178}(Object(Illuminate/Http/Request))
#20 C:/Users/josea/Desktop/Proyectois/vendor/laravel/framework/src/Illuminate/Foundation/Http/Middleware/ConvertEmptyStringsToNull.php(31): Illuminate/Foundation/Http/Middleware/TransformsRequest->handle(Object(Illuminate/Http/Request), Object(Closure))
#21 C:/Users/josea/Desktop/Proyectois/vendor/laravel/framework/src/Illuminate/Pipeline/Pipeline.php(219): Illuminate/Foundation/Http/Middleware/ConvertEmptyStringsToNull->handle(Object(Illuminate/Http/Request), Object(Closure))
#22 C:/Users/josea/Desktop/Proyectois/vendor/laravel/framework/src/Illuminate/Foundation/Http/Middleware/TransformsRequest.php(21): Illuminate/Pipeline/Pipeline->{closure:{closure:Illuminate/Pipeline/Pipeline::carry():194}:195}(Object(Illuminate/Http/Request))
#23 C:/Users/josea/Desktop/Proyectois/vendor/laravel/framework/src/Illuminate/Foundation/Http/Middleware/TrimStrings.php(51): Illuminate/Foundation/Http/Middleware/TransformsRequest->handle(Object(Illuminate/Http/Request), Object(Closure))
#24 C:/Users/josea/Desktop/Proyectois/vendor/laravel/framework/src/Illuminate/Pipeline/Pipeline.php(219): Illuminate/Foundation/Http/Middleware/TrimStrings->handle(Object(Illuminate/Http/Request), Object(Closure))
#25 C:/Users/josea/Desktop/Proyectois/vendor/laravel/framework/src/Illuminate/Http/Middleware/ValidatePostSize.php(27): Illuminate/Pipeline/Pipeline->{closure:{closure:Illuminate/Pipeline/Pipeline::carry():194}:195}(Object(Illuminate/Http/Request))
#26 C:/Users/josea/Desktop/Proyectois/vendor/laravel/framework/src/Illuminate/Pipeline/Pipeline.php(219): Illuminate/Http/Middleware/ValidatePostSize->handle(Object(Illuminate/Http/Request), Object(Closure))
#27 C:/Users/josea/Desktop/Proyectois/vendor/laravel/framework/src/Illuminate/Foundation/Http/Middleware/PreventRequestsDuringMaintenance.php(110): Illuminate/Pipeline/Pipeline->{closure:{closure:Illuminate/Pipeline/Pipeline::carry():194}:195}(Object(Illuminate/Http/Request))
#28 C:/Users/josea/Desktop/Proyectois/vendor/laravel/framework/src/Illuminate/Pipeline/Pipeline.php(219): Illuminate/Foundation/Http/Middleware/PreventRequestsDuringMaintenance->handle(Object(Illuminate/Http/Request), Object(Closure))
#29 C:/Users/josea/Desktop/Proyectois/vendor/laravel/framework/src/Illuminate/Http/Middleware/HandleCors.php(61): Illuminate/Pipeline/Pipeline->{closure:{closure:Illuminate/Pipeline/Pipeline::carry():194}:195}(Object(Illuminate/Http/Request))
#30 C:/Users/josea/Desktop/Proyectois/vendor/laravel/framework/src/Illuminate/Pipeline/Pipeline.php(219): Illuminate/Http/Middleware/HandleCors->handle(Object(Illuminate/Http/Request), Object(Closure))
#31 C:/Users/josea/Desktop/Proyectois/vendor/laravel/framework/src/Illuminate/Http/Middleware/TrustProxies.php(58): Illuminate/Pipeline/Pipeline->{closure:{closure:Illuminate/Pipeline/Pipeline::carry():194}:195}(Object(Illuminate/Http/Request))
#32 C:/Users/josea/Desktop/Proyectois/vendor/laravel/framework/src/Illuminate/Pipeline/Pipeline.php(219): Illuminate/Http/Middleware/TrustProxies->handle(Object(Illuminate/Http/Request), Object(Closure))
#33 C:/Users/josea/Desktop/Proyectois/vendor/laravel/framework/src/Illuminate/Foundation/Http/Middleware/InvokeDeferredCallbacks.php(22): Illuminate/Pipeline/Pipeline->{closure:{closure:Illuminate/Pipeline/Pipeline::carry():194}:195}(Object(Illuminate/Http/Request))
#34 C:/Users/josea/Desktop/Proyectois/vendor/laravel/framework/src/Illuminate/Pipeline/Pipeline.php(219): Illuminate/Foundation/Http/Middleware/InvokeDeferredCallbacks->handle(Object(Illuminate/Http/Request), Object(Closure))
#35 C:/Users/josea/Desktop/Proyectois/vendor/laravel/framework/src/Illuminate/Http/Middleware/ValidatePathEncoding.php(28): Illuminate/Pipeline/Pipeline->{closure:{closure:Illuminate/Pipeline/Pipeline::carry():194}:195}(Object(Illuminate/Http/Request))
#36 C:/Users/josea/Desktop/Proyectois/vendor/laravel/framework/src/Illuminate/Pipeline/Pipeline.php(219): Illuminate/Http/Middleware/ValidatePathEncoding->handle(Object(Illuminate/Http/Request), Object(Closure))
#37 C:/Users/josea/Desktop/Proyectois/vendor/laravel/framework/src/Illuminate/Pipeline/Pipeline.php(137): Illuminate/Pipeline/Pipeline->{closure:{closure:Illuminate/Pipeline/Pipeline::carry():194}:195}(Object(Illuminate/Http/Request))
#38 C:/Users/josea/Desktop/Proyectois/vendor/laravel/framework/src/Illuminate/Foundation/Http/Kernel.php(175): Illuminate/Pipeline/Pipeline->then(Object(Closure))
#39 C:/Users/josea/Desktop/Proyectois/vendor/laravel/framework/src/Illuminate/Foundation/Http/Kernel.php(144): Illuminate/Foundation/Http/Kernel->sendRequestThroughRouter(Object(Illuminate/Http/Request))
#40 C:/Users/josea/Desktop/Proyectois/vendor/laravel/framework/src/Illuminate/Foundation/Application.php(1227): Illuminate/Foundation/Http/Kernel->handle(Object(Illuminate/Http/Request))
#41 C:/Users/josea/Desktop/Proyectois/public/index.php(17): Illuminate/Foundation/Application->handleRequest(Object(Illuminate/Http/Request))
#42 C:/Users/josea/Desktop/Proyectois/vendor/laravel/framework/src/Illuminate/Foundation/resources/server.php(23): require_once('C://Users//josea//...')
#43 {main}
"} 
[2026-09-09 15:51:39] local.ERROR: Class "App\Http\Controllers\Controller" not found {"exception":"[object] (Error(code: 0): Class \"App\\Http\\Controllers\\Controller\" not found at C:/Users/josea/Desktop/Proyectois/app/Http/Controllers/Team4Controller.php:8)
[stacktrace]
#0 C:/Users/josea/Desktop/Proyectois/vendor/composer/ClassLoader.php(576): include()
#1 C:/Users/josea/Desktop/Proyectois/vendor/composer/ClassLoader.php(427): {closure:Composer/Autoload/ClassLoader::initializeIncludeClosure():575}('C://Users//josea//...')
#2 [internal function]: Composer/Autoload/ClassLoader->loadClass('App//Http//Contro...')
#3 C:/Users/josea/Desktop/Proyectois/vendor/laravel/framework/src/Illuminate/Routing/Route.php(1182): ReflectionClass->__construct('App//Http//Contro...')
#4 C:/Users/josea/Desktop/Proyectois/vendor/laravel/framework/src/Illuminate/Routing/Route.php(1132): Illuminate/Routing/Route->attributeProvidedControllerMiddleware('App//Http//Contro...', 'dashboard')
#5 C:/Users/josea/Desktop/Proyectois/vendor/laravel/framework/src/Illuminate/Routing/Route.php(1069): Illuminate/Routing/Route->controllerMiddleware()
#6 C:/Users/josea/Desktop/Proyectois/vendor/laravel/framework/src/Illuminate/Routing/Router.php(834): Illuminate/Routing/Route->gatherMiddleware()
#7 C:/Users/josea/Desktop/Proyectois/vendor/laravel/framework/src/Illuminate/Routing/Router.php(816): Illuminate/Routing/Router->gatherRouteMiddleware(Object(Illuminate/Routing/Route))
#8 C:/Users/josea/Desktop/Proyectois/vendor/laravel/framework/src/Illuminate/Routing/Router.php(800): Illuminate/Routing/Router->runRouteWithinStack(Object(Illuminate/Routing/Route), Object(Illuminate/Http/Request))
#9 C:/Users/josea/Desktop/Proyectois/vendor/laravel/framework/src/Illuminate/Routing/Router.php(764): Illuminate/Routing/Router->runRoute(Object(Illuminate/Http/Request), Object(Illuminate/Routing/Route))
#10 C:/Users/josea/Desktop/Proyectois/vendor/laravel/framework/src/Illuminate/Routing/Router.php(753): Illuminate/Routing/Router->dispatchToRoute(Object(Illuminate/Http/Request))
#11 C:/Users/josea/Desktop/Proyectois/vendor/laravel/framework/src/Illuminate/Foundation/Http/Kernel.php(200): Illuminate/Routing/Router->dispatch(Object(Illuminate/Http/Request))
#12 C:/Users/josea/Desktop/Proyectois/vendor/laravel/framework/src/Illuminate/Pipeline/Pipeline.php(180): Illuminate/Foundation/Http/Kernel->{closure:Illuminate/Foundation/Http/Kernel::dispatchToRouter():197}(Object(Illuminate/Http/Request))
#13 C:/Users/josea/Desktop/Proyectois/vendor/laravel/framework/src/Illuminate/Foundation/Http/Middleware/TransformsRequest.php(21): Illuminate/Pipeline/Pipeline->{closure:Illuminate/Pipeline/Pipeline::prepareDestination():178}(Object(Illuminate/Http/Request))
#14 C:/Users/josea/Desktop/Proyectois/vendor/laravel/framework/src/Illuminate/Foundation/Http/Middleware/ConvertEmptyStringsToNull.php(31): Illuminate/Foundation/Http/Middleware/TransformsRequest->handle(Object(Illuminate/Http/Request), Object(Closure))
#15 C:/Users/josea/Desktop/Proyectois/vendor/laravel/framework/src/Illuminate/Pipeline/Pipeline.php(219): Illuminate/Foundation/Http/Middleware/ConvertEmptyStringsToNull->handle(Object(Illuminate/Http/Request), Object(Closure))
#16 C:/Users/josea/Desktop/Proyectois/vendor/laravel/framework/src/Illuminate/Foundation/Http/Middleware/TransformsRequest.php(21): Illuminate/Pipeline/Pipeline->{closure:{closure:Illuminate/Pipeline/Pipeline::carry():194}:195}(Object(Illuminate/Http/Request))
#17 C:/Users/josea/Desktop/Proyectois/vendor/laravel/framework/src/Illuminate/Foundation/Http/Middleware/TrimStrings.php(51): Illuminate/Foundation/Http/Middleware/TransformsRequest->handle(Object(Illuminate/Http/Request), Object(Closure))
#18 C:/Users/josea/Desktop/Proyectois/vendor/laravel/framework/src/Illuminate/Pipeline/Pipeline.php(219): Illuminate/Foundation/Http/Middleware/TrimStrings->handle(Object(Illuminate/Http/Request), Object(Closure))
#19 C:/Users/josea/Desktop/Proyectois/vendor/laravel/framework/src/Illuminate/Http/Middleware/ValidatePostSize.php(27): Illuminate/Pipeline/Pipeline->{closure:{closure:Illuminate/Pipeline/Pipeline::carry():194}:195}(Object(Illuminate/Http/Request))
#20 C:/Users/josea/Desktop/Proyectois/vendor/laravel/framework/src/Illuminate/Pipeline/Pipeline.php(219): Illuminate/Http/Middleware/ValidatePostSize->handle(Object(Illuminate/Http/Request), Object(Closure))
#21 C:/Users/josea/Desktop/Proyectois/vendor/laravel/framework/src/Illuminate/Foundation/Http/Middleware/PreventRequestsDuringMaintenance.php(110): Illuminate/Pipeline/Pipeline->{closure:{closure:Illuminate/Pipeline/Pipeline::carry():194}:195}(Object(Illuminate/Http/Request))
#22 C:/Users/josea/Desktop/Proyectois/vendor/laravel/framework/src/Illuminate/Pipeline/Pipeline.php(219): Illuminate/Foundation/Http/Middleware/PreventRequestsDuringMaintenance->handle(Object(Illuminate/Http/Request), Object(Closure))
#23 C:/Users/josea/Desktop/Proyectois/vendor/laravel/framework/src/Illuminate/Http/Middleware/HandleCors.php(61): Illuminate/Pipeline/Pipeline->{closure:{closure:Illuminate/Pipeline/Pipeline::carry():194}:195}(Object(Illuminate/Http/Request))
#24 C:/Users/josea/Desktop/Proyectois/vendor/laravel/framework/src/Illuminate/Pipeline/Pipeline.php(219): Illuminate/Http/Middleware/HandleCors->handle(Object(Illuminate/Http/Request), Object(Closure))
#25 C:/Users/josea/Desktop/Proyectois/vendor/laravel/framework/src/Illuminate/Http/Middleware/TrustProxies.php(58): Illuminate/Pipeline/Pipeline->{closure:{closure:Illuminate/Pipeline/Pipeline::carry():194}:195}(Object(Illuminate/Http/Request))
#26 C:/Users/josea/Desktop/Proyectois/vendor/laravel/framework/src/Illuminate/Pipeline/Pipeline.php(219): Illuminate/Http/Middleware/TrustProxies->handle(Object(Illuminate/Http/Request), Object(Closure))
#27 C:/Users/josea/Desktop/Proyectois/vendor/laravel/framework/src/Illuminate/Foundation/Http/Middleware/InvokeDeferredCallbacks.php(22): Illuminate/Pipeline/Pipeline->{closure:{closure:Illuminate/Pipeline/Pipeline::carry():194}:195}(Object(Illuminate/Http/Request))
#28 C:/Users/josea/Desktop/Proyectois/vendor/laravel/framework/src/Illuminate/Pipeline/Pipeline.php(219): Illuminate/Foundation/Http/Middleware/InvokeDeferredCallbacks->handle(Object(Illuminate/Http/Request), Object(Closure))
#29 C:/Users/josea/Desktop/Proyectois/vendor/laravel/framework/src/Illuminate/Http/Middleware/ValidatePathEncoding.php(28): Illuminate/Pipeline/Pipeline->{closure:{closure:Illuminate/Pipeline/Pipeline::carry():194}:195}(Object(Illuminate/Http/Request))
#30 C:/Users/josea/Desktop/Proyectois/vendor/laravel/framework/src/Illuminate/Pipeline/Pipeline.php(219): Illuminate/Http/Middleware/ValidatePathEncoding->handle(Object(Illuminate/Http/Request), Object(Closure))
#31 C:/Users/josea/Desktop/Proyectois/vendor/laravel/framework/src/Illuminate/Pipeline/Pipeline.php(137): Illuminate/Pipeline/Pipeline->{closure:{closure:Illuminate/Pipeline/Pipeline::carry():194}:195}(Object(Illuminate/Http/Request))
#32 C:/Users/josea/Desktop/Proyectois/vendor/laravel/framework/src/Illuminate/Foundation/Http/Kernel.php(175): Illuminate/Pipeline/Pipeline->then(Object(Closure))
#33 C:/Users/josea/Desktop/Proyectois/vendor/laravel/framework/src/Illuminate/Foundation/Http/Kernel.php(144): Illuminate/Foundation/Http/Kernel->sendRequestThroughRouter(Object(Illuminate/Http/Request))
#34 C:/Users/josea/Desktop/Proyectois/vendor/laravel/framework/src/Illuminate/Foundation/Application.php(1227): Illuminate/Foundation/Http/Kernel->handle(Object(Illuminate/Http/Request))
#35 C:/Users/josea/Desktop/Proyectois/public/index.php(17): Illuminate/Foundation/Application->handleRequest(Object(Illuminate/Http/Request))
#36 C:/Users/josea/Desktop/Proyectois/vendor/laravel/framework/src/Illuminate/Foundation/resources/server.php(23): require_once('C://Users//josea//...')
#37 {main}
"} 
[2026-09-09 15:51:52] local.ERROR: Class "App\Http\Controllers\Controller" not found {"exception":"[object] (Error(code: 0): Class \"App\\Http\\Controllers\\Controller\" not found at C:/Users/josea/Desktop/Proyectois/app/Http/Controllers/Team4Controller.php:8)
[stacktrace]
#0 C:/Users/josea/Desktop/Proyectois/vendor/composer/ClassLoader.php(576): include()
#1 C:/Users/josea/Desktop/Proyectois/vendor/composer/ClassLoader.php(427): {closure:Composer/Autoload/ClassLoader::initializeIncludeClosure():575}('C://Users//josea//...')
#2 [internal function]: Composer/Autoload/ClassLoader->loadClass('App//Http//Contro...')
#3 C:/Users/josea/Desktop/Proyectois/vendor/laravel/framework/src/Illuminate/Routing/Route.php(1247): ReflectionClass->__construct('App//Http//Contro...')
#4 C:/Users/josea/Desktop/Proyectois/vendor/laravel/framework/src/Illuminate/Routing/Route.php(1234): Illuminate/Routing/Route->attributeProvidedControllerMiddlewareExclusions('App//Http//Contro...', 'dashboard')
#5 C:/Users/josea/Desktop/Proyectois/vendor/laravel/framework/src/Illuminate/Routing/Route.php(1307): Illuminate/Routing/Route->excludedControllerMiddleware()
#6 C:/Users/josea/Desktop/Proyectois/vendor/laravel/framework/src/Illuminate/Routing/Router.php(834): Illuminate/Routing/Route->excludedMiddleware()
#7 C:/Users/josea/Desktop/Proyectois/vendor/laravel/framework/src/Illuminate/Foundation/Http/Kernel.php(307): Illuminate/Routing/Router->gatherRouteMiddleware(Object(Illuminate/Routing/Route))
#8 C:/Users/josea/Desktop/Proyectois/vendor/laravel/framework/src/Illuminate/Foundation/Http/Kernel.php(246): Illuminate/Foundation/Http/Kernel->gatherRouteMiddleware(Object(Illuminate/Http/Request))
#9 C:/Users/josea/Desktop/Proyectois/vendor/laravel/framework/src/Illuminate/Foundation/Http/Kernel.php(215): Illuminate/Foundation/Http/Kernel->terminateMiddleware(Object(Illuminate/Http/Request), Object(Illuminate/Http/Response))
#10 C:/Users/josea/Desktop/Proyectois/vendor/laravel/framework/src/Illuminate/Foundation/Application.php(1229): Illuminate/Foundation/Http/Kernel->terminate(Object(Illuminate/Http/Request), Object(Illuminate/Http/Response))
#11 C:/Users/josea/Desktop/Proyectois/public/index.php(17): Illuminate/Foundation/Application->handleRequest(Object(Illuminate/Http/Request))
#12 C:/Users/josea/Desktop/Proyectois/vendor/laravel/framework/src/Illuminate/Foundation/resources/server.php(23): require_once('C://Users//josea//...')
#13 {main}
"} 
[2026-09-09 15:51:53] local.ERROR: Uncaught ErrorException: Cannot modify header information - headers already sent by (output started at C:\Users\josea\Desktop\Proyectois\vendor\symfony\http-foundation\Response.php:393) in C:\Users\josea\Desktop\Proyectois\vendor\symfony\http-foundation\Response.php:328
Stack trace:
#0 C:\Users\josea\Desktop\Proyectois\vendor\laravel\framework\src\Illuminate\Foundation\Bootstrap\HandleExceptions.php(265): Illuminate\Foundation\Bootstrap\HandleExceptions->handleError(2, 'Cannot modify h...', 'C:\\Users\\josea\\...', 328)
#1 [internal function]: Illuminate\Foundation\Bootstrap\HandleExceptions->{closure:Illuminate\Foundation\Bootstrap\HandleExceptions::forwardsTo():264}(2, 'Cannot modify h...', 'C:\\Users\\josea\\...', 328)
#2 C:\Users\josea\Desktop\Proyectois\vendor\symfony\http-foundation\Response.php(328): header('HTTP/1.1 500 In...', true, 500)
#3 C:\Users\josea\Desktop\Proyectois\vendor\symfony\http-foundation\Response.php(407): Symfony\Component\HttpFoundation\Response->sendHeaders()
#4 C:\Users\josea\Desktop\Proyectois\vendor\laravel\framework\src\Illuminate\Foundation\Bootstrap\HandleExceptions.php(228): Symfony\Component\HttpFoundation\Response->send()
#5 C:\Users\josea\Desktop\Proyectois\vendor\laravel\framework\src\Illuminate\Foundation\Bootstrap\HandleExceptions.php(205): Illuminate\Foundation\Bootstrap\HandleExceptions->renderHttpResponse(Object(Error))
#6 C:\Users\josea\Desktop\Proyectois\vendor\laravel\framework\src\Illuminate\Foundation\Bootstrap\HandleExceptions.php(265): Illuminate\Foundation\Bootstrap\HandleExceptions->handleException(Object(Error))
#7 [internal function]: Illuminate\Foundation\Bootstrap\HandleExceptions->{closure:Illuminate\Foundation\Bootstrap\HandleExceptions::forwardsTo():264}(Object(Error))
#8 {main}
  thrown {"exception":"[object] (Symfony\\Component\\ErrorHandler\\Error\\FatalError(code: 0): Uncaught ErrorException: Cannot modify header information - headers already sent by (output started at C:\\Users\\josea\\Desktop\\Proyectois\\vendor\\symfony\\http-foundation\\Response.php:393) in C:\\Users\\josea\\Desktop\\Proyectois\\vendor\\symfony\\http-foundation\\Response.php:328
Stack trace:
#0 C:\\Users\\josea\\Desktop\\Proyectois\\vendor\\laravel\\framework\\src\\Illuminate\\Foundation\\Bootstrap\\HandleExceptions.php(265): Illuminate\\Foundation\\Bootstrap\\HandleExceptions->handleError(2, 'Cannot modify h...', 'C:\\\\Users\\\\josea\\\\...', 328)
#1 [internal function]: Illuminate\\Foundation\\Bootstrap\\HandleExceptions->{closure:Illuminate\\Foundation\\Bootstrap\\HandleExceptions::forwardsTo():264}(2, 'Cannot modify h...', 'C:\\\\Users\\\\josea\\\\...', 328)
#2 C:\\Users\\josea\\Desktop\\Proyectois\\vendor\\symfony\\http-foundation\\Response.php(328): header('HTTP/1.1 500 In...', true, 500)
#3 C:\\Users\\josea\\Desktop\\Proyectois\\vendor\\symfony\\http-foundation\\Response.php(407): Symfony\\Component\\HttpFoundation\\Response->sendHeaders()
#4 C:\\Users\\josea\\Desktop\\Proyectois\\vendor\\laravel\\framework\\src\\Illuminate\\Foundation\\Bootstrap\\HandleExceptions.php(228): Symfony\\Component\\HttpFoundation\\Response->send()
#5 C:\\Users\\josea\\Desktop\\Proyectois\\vendor\\laravel\\framework\\src\\Illuminate\\Foundation\\Bootstrap\\HandleExceptions.php(205): Illuminate\\Foundation\\Bootstrap\\HandleExceptions->renderHttpResponse(Object(Error))
#6 C:\\Users\\josea\\Desktop\\Proyectois\\vendor\\laravel\\framework\\src\\Illuminate\\Foundation\\Bootstrap\\HandleExceptions.php(265): Illuminate\\Foundation\\Bootstrap\\HandleExceptions->handleException(Object(Error))
#7 [internal function]: Illuminate\\Foundation\\Bootstrap\\HandleExceptions->{closure:Illuminate\\Foundation\\Bootstrap\\HandleExceptions::forwardsTo():264}(Object(Error))
#8 {main}
  thrown at C:/Users/josea/Desktop/Proyectois/vendor/symfony/http-foundation/Response.php:328)
[stacktrace]
#0 {main}
"} 
[2026-09-09 15:52:16] local.ERROR: Class "App\Http\Controllers\Controller" not found {"exception":"[object] (Error(code: 0): Class \"App\\Http\\Controllers\\Controller\" not found at C:/Users/josea/Desktop/Proyectois/app/Http/Controllers/Team4Controller.php:8)
[stacktrace]
#0 C:/Users/josea/Desktop/Proyectois/vendor/composer/ClassLoader.php(576): include()
#1 C:/Users/josea/Desktop/Proyectois/vendor/composer/ClassLoader.php(427): {closure:Composer/Autoload/ClassLoader::initializeIncludeClosure():575}('C://Users//josea//...')
#2 [internal function]: Composer/Autoload/ClassLoader->loadClass('App//Http//Contro...')
#3 C:/Users/josea/Desktop/Proyectois/vendor/laravel/framework/src/Illuminate/Routing/Route.php(1182): ReflectionClass->__construct('App//Http//Contro...')
#4 C:/Users/josea/Desktop/Proyectois/vendor/laravel/framework/src/Illuminate/Routing/Route.php(1132): Illuminate/Routing/Route->attributeProvidedControllerMiddleware('App//Http//Contro...', 'dashboard')
#5 C:/Users/josea/Desktop/Proyectois/vendor/laravel/framework/src/Illuminate/Routing/Route.php(1069): Illuminate/Routing/Route->controllerMiddleware()
#6 C:/Users/josea/Desktop/Proyectois/vendor/laravel/framework/src/Illuminate/Routing/Router.php(834): Illuminate/Routing/Route->gatherMiddleware()
#7 C:/Users/josea/Desktop/Proyectois/vendor/laravel/framework/src/Illuminate/Routing/Router.php(816): Illuminate/Routing/Router->gatherRouteMiddleware(Object(Illuminate/Routing/Route))
#8 C:/Users/josea/Desktop/Proyectois/vendor/laravel/framework/src/Illuminate/Routing/Router.php(800): Illuminate/Routing/Router->runRouteWithinStack(Object(Illuminate/Routing/Route), Object(Illuminate/Http/Request))
#9 C:/Users/josea/Desktop/Proyectois/vendor/laravel/framework/src/Illuminate/Routing/Router.php(764): Illuminate/Routing/Router->runRoute(Object(Illuminate/Http/Request), Object(Illuminate/Routing/Route))
#10 C:/Users/josea/Desktop/Proyectois/vendor/laravel/framework/src/Illuminate/Routing/Router.php(753): Illuminate/Routing/Router->dispatchToRoute(Object(Illuminate/Http/Request))
#11 C:/Users/josea/Desktop/Proyectois/vendor/laravel/framework/src/Illuminate/Foundation/Http/Kernel.php(200): Illuminate/Routing/Router->dispatch(Object(Illuminate/Http/Request))
#12 C:/Users/josea/Desktop/Proyectois/vendor/laravel/framework/src/Illuminate/Pipeline/Pipeline.php(180): Illuminate/Foundation/Http/Kernel->{closure:Illuminate/Foundation/Http/Kernel::dispatchToRouter():197}(Object(Illuminate/Http/Request))
#13 C:/Users/josea/Desktop/Proyectois/vendor/laravel/framework/src/Illuminate/Foundation/Http/Middleware/TransformsRequest.php(21): Illuminate/Pipeline/Pipeline->{closure:Illuminate/Pipeline/Pipeline::prepareDestination():178}(Object(Illuminate/Http/Request))
#14 C:/Users/josea/Desktop/Proyectois/vendor/laravel/framework/src/Illuminate/Foundation/Http/Middleware/ConvertEmptyStringsToNull.php(31): Illuminate/Foundation/Http/Middleware/TransformsRequest->handle(Object(Illuminate/Http/Request), Object(Closure))
#15 C:/Users/josea/Desktop/Proyectois/vendor/laravel/framework/src/Illuminate/Pipeline/Pipeline.php(219): Illuminate/Foundation/Http/Middleware/ConvertEmptyStringsToNull->handle(Object(Illuminate/Http/Request), Object(Closure))
#16 C:/Users/josea/Desktop/Proyectois/vendor/laravel/framework/src/Illuminate/Foundation/Http/Middleware/TransformsRequest.php(21): Illuminate/Pipeline/Pipeline->{closure:{closure:Illuminate/Pipeline/Pipeline::carry():194}:195}(Object(Illuminate/Http/Request))
#17 C:/Users/josea/Desktop/Proyectois/vendor/laravel/framework/src/Illuminate/Foundation/Http/Middleware/TrimStrings.php(51): Illuminate/Foundation/Http/Middleware/TransformsRequest->handle(Object(Illuminate/Http/Request), Object(Closure))
#18 C:/Users/josea/Desktop/Proyectois/vendor/laravel/framework/src/Illuminate/Pipeline/Pipeline.php(219): Illuminate/Foundation/Http/Middleware/TrimStrings->handle(Object(Illuminate/Http/Request), Object(Closure))
#19 C:/Users/josea/Desktop/Proyectois/vendor/laravel/framework/src/Illuminate/Http/Middleware/ValidatePostSize.php(27): Illuminate/Pipeline/Pipeline->{closure:{closure:Illuminate/Pipeline/Pipeline::carry():194}:195}(Object(Illuminate/Http/Request))
#20 C:/Users/josea/Desktop/Proyectois/vendor/laravel/framework/src/Illuminate/Pipeline/Pipeline.php(219): Illuminate/Http/Middleware/ValidatePostSize->handle(Object(Illuminate/Http/Request), Object(Closure))
#21 C:/Users/josea/Desktop/Proyectois/vendor/laravel/framework/src/Illuminate/Foundation/Http/Middleware/PreventRequestsDuringMaintenance.php(110): Illuminate/Pipeline/Pipeline->{closure:{closure:Illuminate/Pipeline/Pipeline::carry():194}:195}(Object(Illuminate/Http/Request))
#22 C:/Users/josea/Desktop/Proyectois/vendor/laravel/framework/src/Illuminate/Pipeline/Pipeline.php(219): Illuminate/Foundation/Http/Middleware/PreventRequestsDuringMaintenance->handle(Object(Illuminate/Http/Request), Object(Closure))
#23 C:/Users/josea/Desktop/Proyectois/vendor/laravel/framework/src/Illuminate/Http/Middleware/HandleCors.php(61): Illuminate/Pipeline/Pipeline->{closure:{closure:Illuminate/Pipeline/Pipeline::carry():194}:195}(Object(Illuminate/Http/Request))
#24 C:/Users/josea/Desktop/Proyectois/vendor/laravel/framework/src/Illuminate/Pipeline/Pipeline.php(219): Illuminate/Http/Middleware/HandleCors->handle(Object(Illuminate/Http/Request), Object(Closure))
#25 C:/Users/josea/Desktop/Proyectois/vendor/laravel/framework/src/Illuminate/Http/Middleware/TrustProxies.php(58): Illuminate/Pipeline/Pipeline->{closure:{closure:Illuminate/Pipeline/Pipeline::carry():194}:195}(Object(Illuminate/Http/Request))
#26 C:/Users/josea/Desktop/Proyectois/vendor/laravel/framework/src/Illuminate/Pipeline/Pipeline.php(219): Illuminate/Http/Middleware/TrustProxies->handle(Object(Illuminate/Http/Request), Object(Closure))
#27 C:/Users/josea/Desktop/Proyectois/vendor/laravel/framework/src/Illuminate/Foundation/Http/Middleware/InvokeDeferredCallbacks.php(22): Illuminate/Pipeline/Pipeline->{closure:{closure:Illuminate/Pipeline/Pipeline::carry():194}:195}(Object(Illuminate/Http/Request))
#28 C:/Users/josea/Desktop/Proyectois/vendor/laravel/framework/src/Illuminate/Pipeline/Pipeline.php(219): Illuminate/Foundation/Http/Middleware/InvokeDeferredCallbacks->handle(Object(Illuminate/Http/Request), Object(Closure))
#29 C:/Users/josea/Desktop/Proyectois/vendor/laravel/framework/src/Illuminate/Http/Middleware/ValidatePathEncoding.php(28): Illuminate/Pipeline/Pipeline->{closure:{closure:Illuminate/Pipeline/Pipeline::carry():194}:195}(Object(Illuminate/Http/Request))
#30 C:/Users/josea/Desktop/Proyectois/vendor/laravel/framework/src/Illuminate/Pipeline/Pipeline.php(219): Illuminate/Http/Middleware/ValidatePathEncoding->handle(Object(Illuminate/Http/Request), Object(Closure))
#31 C:/Users/josea/Desktop/Proyectois/vendor/laravel/framework/src/Illuminate/Pipeline/Pipeline.php(137): Illuminate/Pipeline/Pipeline->{closure:{closure:Illuminate/Pipeline/Pipeline::carry():194}:195}(Object(Illuminate/Http/Request))
#32 C:/Users/josea/Desktop/Proyectois/vendor/laravel/framework/src/Illuminate/Foundation/Http/Kernel.php(175): Illuminate/Pipeline/Pipeline->then(Object(Closure))
#33 C:/Users/josea/Desktop/Proyectois/vendor/laravel/framework/src/Illuminate/Foundation/Http/Kernel.php(144): Illuminate/Foundation/Http/Kernel->sendRequestThroughRouter(Object(Illuminate/Http/Request))
#34 C:/Users/josea/Desktop/Proyectois/vendor/laravel/framework/src/Illuminate/Foundation/Application.php(1227): Illuminate/Foundation/Http/Kernel->handle(Object(Illuminate/Http/Request))
#35 C:/Users/josea/Desktop/Proyectois/public/index.php(17): Illuminate/Foundation/Application->handleRequest(Object(Illuminate/Http/Request))
#36 C:/Users/josea/Desktop/Proyectois/vendor/laravel/framework/src/Illuminate/Foundation/resources/server.php(23): require_once('C://Users//josea//...')
#37 {main}
"} 
[2026-09-09 15:52:16] local.ERROR: Class "App\Http\Controllers\Controller" not found {"exception":"[object] (Error(code: 0): Class \"App\\Http\\Controllers\\Controller\" not found at C:/Users/josea/Desktop/Proyectois/app/Http/Controllers/Team4Controller.php:8)
[stacktrace]
#0 C:/Users/josea/Desktop/Proyectois/vendor/composer/ClassLoader.php(576): include()
#1 C:/Users/josea/Desktop/Proyectois/vendor/composer/ClassLoader.php(427): {closure:Composer/Autoload/ClassLoader::initializeIncludeClosure():575}('C://Users//josea//...')
#2 [internal function]: Composer/Autoload/ClassLoader->loadClass('App//Http//Contro...')
#3 C:/Users/josea/Desktop/Proyectois/vendor/laravel/framework/src/Illuminate/Routing/Route.php(1247): ReflectionClass->__construct('App//Http//Contro...')
#4 C:/Users/josea/Desktop/Proyectois/vendor/laravel/framework/src/Illuminate/Routing/Route.php(1234): Illuminate/Routing/Route->attributeProvidedControllerMiddlewareExclusions('App//Http//Contro...', 'dashboard')
#5 C:/Users/josea/Desktop/Proyectois/vendor/laravel/framework/src/Illuminate/Routing/Route.php(1307): Illuminate/Routing/Route->excludedControllerMiddleware()
#6 C:/Users/josea/Desktop/Proyectois/vendor/laravel/framework/src/Illuminate/Routing/Router.php(834): Illuminate/Routing/Route->excludedMiddleware()
#7 C:/Users/josea/Desktop/Proyectois/vendor/laravel/framework/src/Illuminate/Foundation/Http/Kernel.php(307): Illuminate/Routing/Router->gatherRouteMiddleware(Object(Illuminate/Routing/Route))
#8 C:/Users/josea/Desktop/Proyectois/vendor/laravel/framework/src/Illuminate/Foundation/Http/Kernel.php(246): Illuminate/Foundation/Http/Kernel->gatherRouteMiddleware(Object(Illuminate/Http/Request))
#9 C:/Users/josea/Desktop/Proyectois/vendor/laravel/framework/src/Illuminate/Foundation/Http/Kernel.php(215): Illuminate/Foundation/Http/Kernel->terminateMiddleware(Object(Illuminate/Http/Request), Object(Illuminate/Http/Response))
#10 C:/Users/josea/Desktop/Proyectois/vendor/laravel/framework/src/Illuminate/Foundation/Application.php(1229): Illuminate/Foundation/Http/Kernel->terminate(Object(Illuminate/Http/Request), Object(Illuminate/Http/Response))
#11 C:/Users/josea/Desktop/Proyectois/public/index.php(17): Illuminate/Foundation/Application->handleRequest(Object(Illuminate/Http/Request))
#12 C:/Users/josea/Desktop/Proyectois/vendor/laravel/framework/src/Illuminate/Foundation/resources/server.php(23): require_once('C://Users//josea//...')
#13 {main}
"} 
[2026-09-09 15:52:17] local.ERROR: Uncaught ErrorException: Cannot modify header information - headers already sent by (output started at C:\Users\josea\Desktop\Proyectois\vendor\symfony\http-foundation\Response.php:393) in C:\Users\josea\Desktop\Proyectois\vendor\symfony\http-foundation\Response.php:328
Stack trace:
#0 C:\Users\josea\Desktop\Proyectois\vendor\laravel\framework\src\Illuminate\Foundation\Bootstrap\HandleExceptions.php(265): Illuminate\Foundation\Bootstrap\HandleExceptions->handleError(2, 'Cannot modify h...', 'C:\\Users\\josea\\...', 328)
#1 [internal function]: Illuminate\Foundation\Bootstrap\HandleExceptions->{closure:Illuminate\Foundation\Bootstrap\HandleExceptions::forwardsTo():264}(2, 'Cannot modify h...', 'C:\\Users\\josea\\...', 328)
#2 C:\Users\josea\Desktop\Proyectois\vendor\symfony\http-foundation\Response.php(328): header('HTTP/1.1 500 In...', true, 500)
#3 C:\Users\josea\Desktop\Proyectois\vendor\symfony\http-foundation\Response.php(407): Symfony\Component\HttpFoundation\Response->sendHeaders()
#4 C:\Users\josea\Desktop\Proyectois\vendor\laravel\framework\src\Illuminate\Foundation\Bootstrap\HandleExceptions.php(228): Symfony\Component\HttpFoundation\Response->send()
#5 C:\Users\josea\Desktop\Proyectois\vendor\laravel\framework\src\Illuminate\Foundation\Bootstrap\HandleExceptions.php(205): Illuminate\Foundation\Bootstrap\HandleExceptions->renderHttpResponse(Object(Error))
#6 C:\Users\josea\Desktop\Proyectois\vendor\laravel\framework\src\Illuminate\Foundation\Bootstrap\HandleExceptions.php(265): Illuminate\Foundation\Bootstrap\HandleExceptions->handleException(Object(Error))
#7 [internal function]: Illuminate\Foundation\Bootstrap\HandleExceptions->{closure:Illuminate\Foundation\Bootstrap\HandleExceptions::forwardsTo():264}(Object(Error))
#8 {main}
  thrown {"exception":"[object] (Symfony\\Component\\ErrorHandler\\Error\\FatalError(code: 0): Uncaught ErrorException: Cannot modify header information - headers already sent by (output started at C:\\Users\\josea\\Desktop\\Proyectois\\vendor\\symfony\\http-foundation\\Response.php:393) in C:\\Users\\josea\\Desktop\\Proyectois\\vendor\\symfony\\http-foundation\\Response.php:328
Stack trace:
#0 C:\\Users\\josea\\Desktop\\Proyectois\\vendor\\laravel\\framework\\src\\Illuminate\\Foundation\\Bootstrap\\HandleExceptions.php(265): Illuminate\\Foundation\\Bootstrap\\HandleExceptions->handleError(2, 'Cannot modify h...', 'C:\\\\Users\\\\josea\\\\...', 328)
#1 [internal function]: Illuminate\\Foundation\\Bootstrap\\HandleExceptions->{closure:Illuminate\\Foundation\\Bootstrap\\HandleExceptions::forwardsTo():264}(2, 'Cannot modify h...', 'C:\\\\Users\\\\josea\\\\...', 328)
#2 C:\\Users\\josea\\Desktop\\Proyectois\\vendor\\symfony\\http-foundation\\Response.php(328): header('HTTP/1.1 500 In...', true, 500)
#3 C:\\Users\\josea\\Desktop\\Proyectois\\vendor\\symfony\\http-foundation\\Response.php(407): Symfony\\Component\\HttpFoundation\\Response->sendHeaders()
#4 C:\\Users\\josea\\Desktop\\Proyectois\\vendor\\laravel\\framework\\src\\Illuminate\\Foundation\\Bootstrap\\HandleExceptions.php(228): Symfony\\Component\\HttpFoundation\\Response->send()
#5 C:\\Users\\josea\\Desktop\\Proyectois\\vendor\\laravel\\framework\\src\\Illuminate\\Foundation\\Bootstrap\\HandleExceptions.php(205): Illuminate\\Foundation\\Bootstrap\\HandleExceptions->renderHttpResponse(Object(Error))
#6 C:\\Users\\josea\\Desktop\\Proyectois\\vendor\\laravel\\framework\\src\\Illuminate\\Foundation\\Bootstrap\\HandleExceptions.php(265): Illuminate\\Foundation\\Bootstrap\\HandleExceptions->handleException(Object(Error))
#7 [internal function]: Illuminate\\Foundation\\Bootstrap\\HandleExceptions->{closure:Illuminate\\Foundation\\Bootstrap\\HandleExceptions::forwardsTo():264}(Object(Error))
#8 {main}
  thrown at C:/Users/josea/Desktop/Proyectois/vendor/symfony/http-foundation/Response.php:328)
[stacktrace]
#0 {main}
"} 
[2026-09-19 15:21:32] local.ERROR: Transaction numbers are only allowed on a replica set member or mongos {"exception":"[object] (MongoDB\\Driver\\Exception\\BulkWriteException(code: 20): Transaction numbers are only allowed on a replica set member or mongos at C:/Users/josea/Desktop/Proyectois/vendor/mongodb/mongodb/src/Operation/InsertMany.php:139)
[stacktrace]
#0 C:/Users/josea/Desktop/Proyectois/vendor/mongodb/mongodb/src/Operation/InsertMany.php(139): MongoDB/Driver/Server->executeBulkWrite('campus_digital....', Object(MongoDB/Driver/BulkWrite), Array)
#1 C:/Users/josea/Desktop/Proyectois/vendor/mongodb/mongodb/src/Collection.php(896): MongoDB/Operation/InsertMany->execute(Object(MongoDB/Driver/Server))
#2 C:/Users/josea/Desktop/Proyectois/vendor/mongodb/laravel-mongodb/src/Query/Builder.php(777): MongoDB/Collection->insertMany(Array, Array)
#3 C:/Users/josea/Desktop/Proyectois/vendor/laravel/framework/src/Illuminate/Database/Eloquent/Builder.php(2336): MongoDB/Laravel/Query/Builder->insert(Array)
#4 C:/Users/josea/Desktop/Proyectois/vendor/mongodb/laravel-mongodb/src/Eloquent/Builder.php(180): Illuminate/Database/Eloquent/Builder->__call('insert', Array)
#5 C:/Users/josea/Desktop/Proyectois/vendor/laravel/framework/src/Illuminate/Database/Eloquent/Model.php(1614): MongoDB/Laravel/Eloquent/Builder->insert(Array)
#6 C:/Users/josea/Desktop/Proyectois/vendor/laravel/framework/src/Illuminate/Database/Eloquent/Model.php(1407): Illuminate/Database/Eloquent/Model->performInsert(Object(MongoDB/Laravel/Eloquent/Builder))
#7 C:/Users/josea/Desktop/Proyectois/vendor/mongodb/laravel-mongodb/src/Eloquent/DocumentModel.php(780): Illuminate/Database/Eloquent/Model->save(Array)
#8 C:/Users/josea/Desktop/Proyectois/vendor/laravel/framework/src/Illuminate/Database/Eloquent/Builder.php(1258): MongoDB/Laravel/Eloquent/Model->save()
#9 C:/Users/josea/Desktop/Proyectois/vendor/laravel/framework/src/Illuminate/Support/helpers.php(393): Illuminate/Database/Eloquent/Builder->{closure:Illuminate/Database/Eloquent/Builder::create():1257}(Object(App/Models/PurchaseOrder))
#10 C:/Users/josea/Desktop/Proyectois/vendor/laravel/framework/src/Illuminate/Database/Eloquent/Builder.php(1257): tap(Object(App/Models/PurchaseOrder), Object(Closure))
#11 C:/Users/josea/Desktop/Proyectois/vendor/laravel/framework/src/Illuminate/Support/Traits/ForwardsCalls.php(23): Illuminate/Database/Eloquent/Builder->create(Array)
#12 C:/Users/josea/Desktop/Proyectois/vendor/laravel/framework/src/Illuminate/Database/Eloquent/Model.php(2866): Illuminate/Database/Eloquent/Model->forwardCallTo(Object(MongoDB/Laravel/Eloquent/Builder), 'create', Array)
#13 C:/Users/josea/Desktop/Proyectois/vendor/laravel/framework/src/Illuminate/Database/Eloquent/Model.php(2882): Illuminate/Database/Eloquent/Model->__call('create', Array)
#14 C:/Users/josea/Desktop/Proyectois/app/Http/Controllers/PurchaseOrderController.php(108): Illuminate/Database/Eloquent/Model::__callStatic('create', Array)
#15 C:/Users/josea/Desktop/Proyectois/vendor/mongodb/laravel-mongodb/src/Concerns/ManagesTransactions.php(167): App/Http/Controllers/PurchaseOrderController->{closure:App/Http/Controllers/PurchaseOrderController::store():107}(Object(MongoDB/Laravel/Connection))
#16 C:/Users/josea/Desktop/Proyectois/vendor/mongodb/mongodb/src/Operation/WithTransaction.php(83): MongoDB/Laravel/Connection->{closure:MongoDB/Laravel/Concerns/ManagesTransactions::transaction():150}(Object(MongoDB/Driver/Session))
#17 C:/Users/josea/Desktop/Proyectois/vendor/mongodb/mongodb/src/functions.php(564): MongoDB/Operation/WithTransaction->execute(Object(MongoDB/Driver/Session))
#18 C:/Users/josea/Desktop/Proyectois/vendor/mongodb/laravel-mongodb/src/Concerns/ManagesTransactions.php(174): MongoDB/with_transaction(Object(MongoDB/Driver/Session), Object(Closure), Array)
#19 C:/Users/josea/Desktop/Proyectois/app/Http/Controllers/PurchaseOrderController.php(107): MongoDB/Laravel/Connection->transaction(Object(Closure))
#20 C:/Users/josea/Desktop/Proyectois/vendor/laravel/framework/src/Illuminate/Routing/ControllerDispatcher.php(46): App/Http/Controllers/PurchaseOrderController->store(Object(App/Http/Requests/StorePurchaseOrderRequest))
#21 C:/Users/josea/Desktop/Proyectois/vendor/laravel/framework/src/Illuminate/Routing/Route.php(276): Illuminate/Routing/ControllerDispatcher->dispatch(Object(Illuminate/Routing/Route), Object(App/Http/Controllers/PurchaseOrderController), 'store')
#22 C:/Users/josea/Desktop/Proyectois/vendor/laravel/framework/src/Illuminate/Routing/Route.php(216): Illuminate/Routing/Route->runController()
#23 C:/Users/josea/Desktop/Proyectois/vendor/laravel/framework/src/Illuminate/Routing/Router.php(822): Illuminate/Routing/Route->run()
#24 C:/Users/josea/Desktop/Proyectois/vendor/laravel/framework/src/Illuminate/Pipeline/Pipeline.php(180): Illuminate/Routing/Router->{closure:Illuminate/Routing/Router::runRouteWithinStack():821}(Object(Illuminate/Http/Request))
#25 C:/Users/josea/Desktop/Proyectois/vendor/inertiajs/inertia-laravel/src/Middleware.php(122): Illuminate/Pipeline/Pipeline->{closure:Illuminate/Pipeline/Pipeline::prepareDestination():178}(Object(Illuminate/Http/Request))
#26 C:/Users/josea/Desktop/Proyectois/vendor/laravel/framework/src/Illuminate/Pipeline/Pipeline.php(219): Inertia/Middleware->handle(Object(Illuminate/Http/Request), Object(Closure))
#27 C:/Users/josea/Desktop/Proyectois/vendor/laravel/framework/src/Illuminate/Routing/Middleware/SubstituteBindings.php(52): Illuminate/Pipeline/Pipeline->{closure:{closure:Illuminate/Pipeline/Pipeline::carry():194}:195}(Object(Illuminate/Http/Request))
#28 C:/Users/josea/Desktop/Proyectois/vendor/laravel/framework/src/Illuminate/Pipeline/Pipeline.php(219): Illuminate/Routing/Middleware/SubstituteBindings->handle(Object(Illuminate/Http/Request), Object(Closure))
#29 C:/Users/josea/Desktop/Proyectois/vendor/laravel/framework/src/Illuminate/Foundation/Http/Middleware/PreventRequestForgery.php(104): Illuminate/Pipeline/Pipeline->{closure:{closure:Illuminate/Pipeline/Pipeline::carry():194}:195}(Object(Illuminate/Http/Request))
#30 C:/Users/josea/Desktop/Proyectois/vendor/laravel/framework/src/Illuminate/Pipeline/Pipeline.php(219): Illuminate/Foundation/Http/Middleware/PreventRequestForgery->handle(Object(Illuminate/Http/Request), Object(Closure))
#31 C:/Users/josea/Desktop/Proyectois/vendor/laravel/framework/src/Illuminate/View/Middleware/ShareErrorsFromSession.php(48): Illuminate/Pipeline/Pipeline->{closure:{closure:Illuminate/Pipeline/Pipeline::carry():194}:195}(Object(Illuminate/Http/Request))
#32 C:/Users/josea/Desktop/Proyectois/vendor/laravel/framework/src/Illuminate/Pipeline/Pipeline.php(219): Illuminate/View/Middleware/ShareErrorsFromSession->handle(Object(Illuminate/Http/Request), Object(Closure))
#33 C:/Users/josea/Desktop/Proyectois/vendor/laravel/framework/src/Illuminate/Session/Middleware/StartSession.php(120): Illuminate/Pipeline/Pipeline->{closure:{closure:Illuminate/Pipeline/Pipeline::carry():194}:195}(Object(Illuminate/Http/Request))
#34 C:/Users/josea/Desktop/Proyectois/vendor/laravel/framework/src/Illuminate/Session/Middleware/StartSession.php(63): Illuminate/Session/Middleware/StartSession->handleStatefulRequest(Object(Illuminate/Http/Request), Object(Illuminate/Session/Store), Object(Closure))
#35 C:/Users/josea/Desktop/Proyectois/vendor/laravel/framework/src/Illuminate/Pipeline/Pipeline.php(219): Illuminate/Session/Middleware/StartSession->handle(Object(Illuminate/Http/Request), Object(Closure))
#36 C:/Users/josea/Desktop/Proyectois/vendor/laravel/framework/src/Illuminate/Cookie/Middleware/AddQueuedCookiesToResponse.php(36): Illuminate/Pipeline/Pipeline->{closure:{closure:Illuminate/Pipeline/Pipeline::carry():194}:195}(Object(Illuminate/Http/Request))
#37 C:/Users/josea/Desktop/Proyectois/vendor/laravel/framework/src/Illuminate/Pipeline/Pipeline.php(219): Illuminate/Cookie/Middleware/AddQueuedCookiesToResponse->handle(Object(Illuminate/Http/Request), Object(Closure))
#38 C:/Users/josea/Desktop/Proyectois/vendor/laravel/framework/src/Illuminate/Cookie/Middleware/EncryptCookies.php(74): Illuminate/Pipeline/Pipeline->{closure:{closure:Illuminate/Pipeline/Pipeline::carry():194}:195}(Object(Illuminate/Http/Request))
#39 C:/Users/josea/Desktop/Proyectois/vendor/laravel/framework/src/Illuminate/Pipeline/Pipeline.php(219): Illuminate/Cookie/Middleware/EncryptCookies->handle(Object(Illuminate/Http/Request), Object(Closure))
#40 C:/Users/josea/Desktop/Proyectois/vendor/laravel/framework/src/Illuminate/Pipeline/Pipeline.php(137): Illuminate/Pipeline/Pipeline->{closure:{closure:Illuminate/Pipeline/Pipeline::carry():194}:195}(Object(Illuminate/Http/Request))
#41 C:/Users/josea/Desktop/Proyectois/vendor/laravel/framework/src/Illuminate/Routing/Router.php(821): Illuminate/Pipeline/Pipeline->then(Object(Closure))
#42 C:/Users/josea/Desktop/Proyectois/vendor/laravel/framework/src/Illuminate/Routing/Router.php(800): Illuminate/Routing/Router->runRouteWithinStack(Object(Illuminate/Routing/Route), Object(Illuminate/Http/Request))
#43 C:/Users/josea/Desktop/Proyectois/vendor/laravel/framework/src/Illuminate/Routing/Router.php(764): Illuminate/Routing/Router->runRoute(Object(Illuminate/Http/Request), Object(Illuminate/Routing/Route))
#44 C:/Users/josea/Desktop/Proyectois/vendor/laravel/framework/src/Illuminate/Routing/Router.php(753): Illuminate/Routing/Router->dispatchToRoute(Object(Illuminate/Http/Request))
#45 C:/Users/josea/Desktop/Proyectois/vendor/laravel/framework/src/Illuminate/Foundation/Http/Kernel.php(200): Illuminate/Routing/Router->dispatch(Object(Illuminate/Http/Request))
#46 C:/Users/josea/Desktop/Proyectois/vendor/laravel/framework/src/Illuminate/Pipeline/Pipeline.php(180): Illuminate/Foundation/Http/Kernel->{closure:Illuminate/Foundation/Http/Kernel::dispatchToRouter():197}(Object(Illuminate/Http/Request))
#47 C:/Users/josea/Desktop/Proyectois/vendor/laravel/framework/src/Illuminate/Foundation/Http/Middleware/TransformsRequest.php(21): Illuminate/Pipeline/Pipeline->{closure:Illuminate/Pipeline/Pipeline::prepareDestination():178}(Object(Illuminate/Http/Request))
#48 C:/Users/josea/Desktop/Proyectois/vendor/laravel/framework/src/Illuminate/Foundation/Http/Middleware/ConvertEmptyStringsToNull.php(31): Illuminate/Foundation/Http/Middleware/TransformsRequest->handle(Object(Illuminate/Http/Request), Object(Closure))
#49 C:/Users/josea/Desktop/Proyectois/vendor/laravel/framework/src/Illuminate/Pipeline/Pipeline.php(219): Illuminate/Foundation/Http/Middleware/ConvertEmptyStringsToNull->handle(Object(Illuminate/Http/Request), Object(Closure))
#50 C:/Users/josea/Desktop/Proyectois/vendor/laravel/framework/src/Illuminate/Foundation/Http/Middleware/TransformsRequest.php(21): Illuminate/Pipeline/Pipeline->{closure:{closure:Illuminate/Pipeline/Pipeline::carry():194}:195}(Object(Illuminate/Http/Request))
#51 C:/Users/josea/Desktop/Proyectois/vendor/laravel/framework/src/Illuminate/Foundation/Http/Middleware/TrimStrings.php(51): Illuminate/Foundation/Http/Middleware/TransformsRequest->handle(Object(Illuminate/Http/Request), Object(Closure))
#52 C:/Users/josea/Desktop/Proyectois/vendor/laravel/framework/src/Illuminate/Pipeline/Pipeline.php(219): Illuminate/Foundation/Http/Middleware/TrimStrings->handle(Object(Illuminate/Http/Request), Object(Closure))
#53 C:/Users/josea/Desktop/Proyectois/vendor/laravel/framework/src/Illuminate/Http/Middleware/ValidatePostSize.php(27): Illuminate/Pipeline/Pipeline->{closure:{closure:Illuminate/Pipeline/Pipeline::carry():194}:195}(Object(Illuminate/Http/Request))
#54 C:/Users/josea/Desktop/Proyectois/vendor/laravel/framework/src/Illuminate/Pipeline/Pipeline.php(219): Illuminate/Http/Middleware/ValidatePostSize->handle(Object(Illuminate/Http/Request), Object(Closure))
#55 C:/Users/josea/Desktop/Proyectois/vendor/laravel/framework/src/Illuminate/Foundation/Http/Middleware/PreventRequestsDuringMaintenance.php(110): Illuminate/Pipeline/Pipeline->{closure:{closure:Illuminate/Pipeline/Pipeline::carry():194}:195}(Object(Illuminate/Http/Request))
#56 C:/Users/josea/Desktop/Proyectois/vendor/laravel/framework/src/Illuminate/Pipeline/Pipeline.php(219): Illuminate/Foundation/Http/Middleware/PreventRequestsDuringMaintenance->handle(Object(Illuminate/Http/Request), Object(Closure))
#57 C:/Users/josea/Desktop/Proyectois/vendor/laravel/framework/src/Illuminate/Http/Middleware/HandleCors.php(61): Illuminate/Pipeline/Pipeline->{closure:{closure:Illuminate/Pipeline/Pipeline::carry():194}:195}(Object(Illuminate/Http/Request))
#58 C:/Users/josea/Desktop/Proyectois/vendor/laravel/framework/src/Illuminate/Pipeline/Pipeline.php(219): Illuminate/Http/Middleware/HandleCors->handle(Object(Illuminate/Http/Request), Object(Closure))
#59 C:/Users/josea/Desktop/Proyectois/vendor/laravel/framework/src/Illuminate/Http/Middleware/TrustProxies.php(58): Illuminate/Pipeline/Pipeline->{closure:{closure:Illuminate/Pipeline/Pipeline::carry():194}:195}(Object(Illuminate/Http/Request))
#60 C:/Users/josea/Desktop/Proyectois/vendor/laravel/framework/src/Illuminate/Pipeline/Pipeline.php(219): Illuminate/Http/Middleware/TrustProxies->handle(Object(Illuminate/Http/Request), Object(Closure))
#61 C:/Users/josea/Desktop/Proyectois/vendor/laravel/framework/src/Illuminate/Foundation/Http/Middleware/InvokeDeferredCallbacks.php(22): Illuminate/Pipeline/Pipeline->{closure:{closure:Illuminate/Pipeline/Pipeline::carry():194}:195}(Object(Illuminate/Http/Request))
#62 C:/Users/josea/Desktop/Proyectois/vendor/laravel/framework/src/Illuminate/Pipeline/Pipeline.php(219): Illuminate/Foundation/Http/Middleware/InvokeDeferredCallbacks->handle(Object(Illuminate/Http/Request), Object(Closure))
#63 C:/Users/josea/Desktop/Proyectois/vendor/laravel/framework/src/Illuminate/Http/Middleware/ValidatePathEncoding.php(28): Illuminate/Pipeline/Pipeline->{closure:{closure:Illuminate/Pipeline/Pipeline::carry():194}:195}(Object(Illuminate/Http/Request))
#64 C:/Users/josea/Desktop/Proyectois/vendor/laravel/framework/src/Illuminate/Pipeline/Pipeline.php(219): Illuminate/Http/Middleware/ValidatePathEncoding->handle(Object(Illuminate/Http/Request), Object(Closure))
#65 C:/Users/josea/Desktop/Proyectois/vendor/laravel/framework/src/Illuminate/Pipeline/Pipeline.php(137): Illuminate/Pipeline/Pipeline->{closure:{closure:Illuminate/Pipeline/Pipeline::carry():194}:195}(Object(Illuminate/Http/Request))
#66 C:/Users/josea/Desktop/Proyectois/vendor/laravel/framework/src/Illuminate/Foundation/Http/Kernel.php(175): Illuminate/Pipeline/Pipeline->then(Object(Closure))
#67 C:/Users/josea/Desktop/Proyectois/vendor/laravel/framework/src/Illuminate/Foundation/Http/Kernel.php(144): Illuminate/Foundation/Http/Kernel->sendRequestThroughRouter(Object(Illuminate/Http/Request))
#68 C:/Users/josea/Desktop/Proyectois/vendor/laravel/framework/src/Illuminate/Foundation/Application.php(1227): Illuminate/Foundation/Http/Kernel->handle(Object(Illuminate/Http/Request))
#69 C:/Users/josea/Desktop/Proyectois/public/index.php(17): Illuminate/Foundation/Application->handleRequest(Object(Illuminate/Http/Request))
#70 C:/Users/josea/Desktop/Proyectois/vendor/laravel/framework/src/Illuminate/Foundation/resources/server.php(23): require_once('C://Users//josea//...')
#71 {main}
"} 
[2026-09-19 15:23:16] local.ERROR: Transaction numbers are only allowed on a replica set member or mongos {"exception":"[object] (MongoDB\\Driver\\Exception\\BulkWriteException(code: 20): Transaction numbers are only allowed on a replica set member or mongos at C:/Users/josea/Desktop/Proyectois/vendor/mongodb/mongodb/src/Operation/InsertMany.php:139)
[stacktrace]
#0 C:/Users/josea/Desktop/Proyectois/vendor/mongodb/mongodb/src/Operation/InsertMany.php(139): MongoDB/Driver/Server->executeBulkWrite('campus_digital....', Object(MongoDB/Driver/BulkWrite), Array)
#1 C:/Users/josea/Desktop/Proyectois/vendor/mongodb/mongodb/src/Collection.php(896): MongoDB/Operation/InsertMany->execute(Object(MongoDB/Driver/Server))
#2 C:/Users/josea/Desktop/Proyectois/vendor/mongodb/laravel-mongodb/src/Query/Builder.php(777): MongoDB/Collection->insertMany(Array, Array)
#3 C:/Users/josea/Desktop/Proyectois/vendor/laravel/framework/src/Illuminate/Database/Eloquent/Builder.php(2336): MongoDB/Laravel/Query/Builder->insert(Array)
#4 C:/Users/josea/Desktop/Proyectois/vendor/mongodb/laravel-mongodb/src/Eloquent/Builder.php(180): Illuminate/Database/Eloquent/Builder->__call('insert', Array)
#5 C:/Users/josea/Desktop/Proyectois/vendor/laravel/framework/src/Illuminate/Database/Eloquent/Model.php(1614): MongoDB/Laravel/Eloquent/Builder->insert(Array)
#6 C:/Users/josea/Desktop/Proyectois/vendor/laravel/framework/src/Illuminate/Database/Eloquent/Model.php(1407): Illuminate/Database/Eloquent/Model->performInsert(Object(MongoDB/Laravel/Eloquent/Builder))
#7 C:/Users/josea/Desktop/Proyectois/vendor/mongodb/laravel-mongodb/src/Eloquent/DocumentModel.php(780): Illuminate/Database/Eloquent/Model->save(Array)
#8 C:/Users/josea/Desktop/Proyectois/vendor/laravel/framework/src/Illuminate/Database/Eloquent/Builder.php(1258): MongoDB/Laravel/Eloquent/Model->save()
#9 C:/Users/josea/Desktop/Proyectois/vendor/laravel/framework/src/Illuminate/Support/helpers.php(393): Illuminate/Database/Eloquent/Builder->{closure:Illuminate/Database/Eloquent/Builder::create():1257}(Object(App/Models/PurchaseOrder))
#10 C:/Users/josea/Desktop/Proyectois/vendor/laravel/framework/src/Illuminate/Database/Eloquent/Builder.php(1257): tap(Object(App/Models/PurchaseOrder), Object(Closure))
#11 C:/Users/josea/Desktop/Proyectois/vendor/laravel/framework/src/Illuminate/Support/Traits/ForwardsCalls.php(23): Illuminate/Database/Eloquent/Builder->create(Array)
#12 C:/Users/josea/Desktop/Proyectois/vendor/laravel/framework/src/Illuminate/Database/Eloquent/Model.php(2866): Illuminate/Database/Eloquent/Model->forwardCallTo(Object(MongoDB/Laravel/Eloquent/Builder), 'create', Array)
#13 C:/Users/josea/Desktop/Proyectois/vendor/laravel/framework/src/Illuminate/Database/Eloquent/Model.php(2882): Illuminate/Database/Eloquent/Model->__call('create', Array)
#14 C:/Users/josea/Desktop/Proyectois/app/Http/Controllers/PurchaseOrderController.php(108): Illuminate/Database/Eloquent/Model::__callStatic('create', Array)
#15 C:/Users/josea/Desktop/Proyectois/vendor/mongodb/laravel-mongodb/src/Concerns/ManagesTransactions.php(167): App/Http/Controllers/PurchaseOrderController->{closure:App/Http/Controllers/PurchaseOrderController::store():107}(Object(MongoDB/Laravel/Connection))
#16 C:/Users/josea/Desktop/Proyectois/vendor/mongodb/mongodb/src/Operation/WithTransaction.php(83): MongoDB/Laravel/Connection->{closure:MongoDB/Laravel/Concerns/ManagesTransactions::transaction():150}(Object(MongoDB/Driver/Session))
#17 C:/Users/josea/Desktop/Proyectois/vendor/mongodb/mongodb/src/functions.php(564): MongoDB/Operation/WithTransaction->execute(Object(MongoDB/Driver/Session))
#18 C:/Users/josea/Desktop/Proyectois/vendor/mongodb/laravel-mongodb/src/Concerns/ManagesTransactions.php(174): MongoDB/with_transaction(Object(MongoDB/Driver/Session), Object(Closure), Array)
#19 C:/Users/josea/Desktop/Proyectois/app/Http/Controllers/PurchaseOrderController.php(107): MongoDB/Laravel/Connection->transaction(Object(Closure))
#20 C:/Users/josea/Desktop/Proyectois/vendor/laravel/framework/src/Illuminate/Routing/ControllerDispatcher.php(46): App/Http/Controllers/PurchaseOrderController->store(Object(App/Http/Requests/StorePurchaseOrderRequest))
#21 C:/Users/josea/Desktop/Proyectois/vendor/laravel/framework/src/Illuminate/Routing/Route.php(276): Illuminate/Routing/ControllerDispatcher->dispatch(Object(Illuminate/Routing/Route), Object(App/Http/Controllers/PurchaseOrderController), 'store')
#22 C:/Users/josea/Desktop/Proyectois/vendor/laravel/framework/src/Illuminate/Routing/Route.php(216): Illuminate/Routing/Route->runController()
#23 C:/Users/josea/Desktop/Proyectois/vendor/laravel/framework/src/Illuminate/Routing/Router.php(822): Illuminate/Routing/Route->run()
#24 C:/Users/josea/Desktop/Proyectois/vendor/laravel/framework/src/Illuminate/Pipeline/Pipeline.php(180): Illuminate/Routing/Router->{closure:Illuminate/Routing/Router::runRouteWithinStack():821}(Object(Illuminate/Http/Request))
#25 C:/Users/josea/Desktop/Proyectois/vendor/inertiajs/inertia-laravel/src/Middleware.php(122): Illuminate/Pipeline/Pipeline->{closure:Illuminate/Pipeline/Pipeline::prepareDestination():178}(Object(Illuminate/Http/Request))
#26 C:/Users/josea/Desktop/Proyectois/vendor/laravel/framework/src/Illuminate/Pipeline/Pipeline.php(219): Inertia/Middleware->handle(Object(Illuminate/Http/Request), Object(Closure))
#27 C:/Users/josea/Desktop/Proyectois/vendor/laravel/framework/src/Illuminate/Routing/Middleware/SubstituteBindings.php(52): Illuminate/Pipeline/Pipeline->{closure:{closure:Illuminate/Pipeline/Pipeline::carry():194}:195}(Object(Illuminate/Http/Request))
#28 C:/Users/josea/Desktop/Proyectois/vendor/laravel/framework/src/Illuminate/Pipeline/Pipeline.php(219): Illuminate/Routing/Middleware/SubstituteBindings->handle(Object(Illuminate/Http/Request), Object(Closure))
#29 C:/Users/josea/Desktop/Proyectois/vendor/laravel/framework/src/Illuminate/Foundation/Http/Middleware/PreventRequestForgery.php(104): Illuminate/Pipeline/Pipeline->{closure:{closure:Illuminate/Pipeline/Pipeline::carry():194}:195}(Object(Illuminate/Http/Request))
#30 C:/Users/josea/Desktop/Proyectois/vendor/laravel/framework/src/Illuminate/Pipeline/Pipeline.php(219): Illuminate/Foundation/Http/Middleware/PreventRequestForgery->handle(Object(Illuminate/Http/Request), Object(Closure))
#31 C:/Users/josea/Desktop/Proyectois/vendor/laravel/framework/src/Illuminate/View/Middleware/ShareErrorsFromSession.php(48): Illuminate/Pipeline/Pipeline->{closure:{closure:Illuminate/Pipeline/Pipeline::carry():194}:195}(Object(Illuminate/Http/Request))
#32 C:/Users/josea/Desktop/Proyectois/vendor/laravel/framework/src/Illuminate/Pipeline/Pipeline.php(219): Illuminate/View/Middleware/ShareErrorsFromSession->handle(Object(Illuminate/Http/Request), Object(Closure))
#33 C:/Users/josea/Desktop/Proyectois/vendor/laravel/framework/src/Illuminate/Session/Middleware/StartSession.php(120): Illuminate/Pipeline/Pipeline->{closure:{closure:Illuminate/Pipeline/Pipeline::carry():194}:195}(Object(Illuminate/Http/Request))
#34 C:/Users/josea/Desktop/Proyectois/vendor/laravel/framework/src/Illuminate/Session/Middleware/StartSession.php(63): Illuminate/Session/Middleware/StartSession->handleStatefulRequest(Object(Illuminate/Http/Request), Object(Illuminate/Session/Store), Object(Closure))
#35 C:/Users/josea/Desktop/Proyectois/vendor/laravel/framework/src/Illuminate/Pipeline/Pipeline.php(219): Illuminate/Session/Middleware/StartSession->handle(Object(Illuminate/Http/Request), Object(Closure))
#36 C:/Users/josea/Desktop/Proyectois/vendor/laravel/framework/src/Illuminate/Cookie/Middleware/AddQueuedCookiesToResponse.php(36): Illuminate/Pipeline/Pipeline->{closure:{closure:Illuminate/Pipeline/Pipeline::carry():194}:195}(Object(Illuminate/Http/Request))
#37 C:/Users/josea/Desktop/Proyectois/vendor/laravel/framework/src/Illuminate/Pipeline/Pipeline.php(219): Illuminate/Cookie/Middleware/AddQueuedCookiesToResponse->handle(Object(Illuminate/Http/Request), Object(Closure))
#38 C:/Users/josea/Desktop/Proyectois/vendor/laravel/framework/src/Illuminate/Cookie/Middleware/EncryptCookies.php(74): Illuminate/Pipeline/Pipeline->{closure:{closure:Illuminate/Pipeline/Pipeline::carry():194}:195}(Object(Illuminate/Http/Request))
#39 C:/Users/josea/Desktop/Proyectois/vendor/laravel/framework/src/Illuminate/Pipeline/Pipeline.php(219): Illuminate/Cookie/Middleware/EncryptCookies->handle(Object(Illuminate/Http/Request), Object(Closure))
#40 C:/Users/josea/Desktop/Proyectois/vendor/laravel/framework/src/Illuminate/Pipeline/Pipeline.php(137): Illuminate/Pipeline/Pipeline->{closure:{closure:Illuminate/Pipeline/Pipeline::carry():194}:195}(Object(Illuminate/Http/Request))
#41 C:/Users/josea/Desktop/Proyectois/vendor/laravel/framework/src/Illuminate/Routing/Router.php(821): Illuminate/Pipeline/Pipeline->then(Object(Closure))
#42 C:/Users/josea/Desktop/Proyectois/vendor/laravel/framework/src/Illuminate/Routing/Router.php(800): Illuminate/Routing/Router->runRouteWithinStack(Object(Illuminate/Routing/Route), Object(Illuminate/Http/Request))
#43 C:/Users/josea/Desktop/Proyectois/vendor/laravel/framework/src/Illuminate/Routing/Router.php(764): Illuminate/Routing/Router->runRoute(Object(Illuminate/Http/Request), Object(Illuminate/Routing/Route))
#44 C:/Users/josea/Desktop/Proyectois/vendor/laravel/framework/src/Illuminate/Routing/Router.php(753): Illuminate/Routing/Router->dispatchToRoute(Object(Illuminate/Http/Request))
#45 C:/Users/josea/Desktop/Proyectois/vendor/laravel/framework/src/Illuminate/Foundation/Http/Kernel.php(200): Illuminate/Routing/Router->dispatch(Object(Illuminate/Http/Request))
#46 C:/Users/josea/Desktop/Proyectois/vendor/laravel/framework/src/Illuminate/Pipeline/Pipeline.php(180): Illuminate/Foundation/Http/Kernel->{closure:Illuminate/Foundation/Http/Kernel::dispatchToRouter():197}(Object(Illuminate/Http/Request))
#47 C:/Users/josea/Desktop/Proyectois/vendor/laravel/framework/src/Illuminate/Foundation/Http/Middleware/TransformsRequest.php(21): Illuminate/Pipeline/Pipeline->{closure:Illuminate/Pipeline/Pipeline::prepareDestination():178}(Object(Illuminate/Http/Request))
#48 C:/Users/josea/Desktop/Proyectois/vendor/laravel/framework/src/Illuminate/Foundation/Http/Middleware/ConvertEmptyStringsToNull.php(31): Illuminate/Foundation/Http/Middleware/TransformsRequest->handle(Object(Illuminate/Http/Request), Object(Closure))
#49 C:/Users/josea/Desktop/Proyectois/vendor/laravel/framework/src/Illuminate/Pipeline/Pipeline.php(219): Illuminate/Foundation/Http/Middleware/ConvertEmptyStringsToNull->handle(Object(Illuminate/Http/Request), Object(Closure))
#50 C:/Users/josea/Desktop/Proyectois/vendor/laravel/framework/src/Illuminate/Foundation/Http/Middleware/TransformsRequest.php(21): Illuminate/Pipeline/Pipeline->{closure:{closure:Illuminate/Pipeline/Pipeline::carry():194}:195}(Object(Illuminate/Http/Request))
#51 C:/Users/josea/Desktop/Proyectois/vendor/laravel/framework/src/Illuminate/Foundation/Http/Middleware/TrimStrings.php(51): Illuminate/Foundation/Http/Middleware/TransformsRequest->handle(Object(Illuminate/Http/Request), Object(Closure))
#52 C:/Users/josea/Desktop/Proyectois/vendor/laravel/framework/src/Illuminate/Pipeline/Pipeline.php(219): Illuminate/Foundation/Http/Middleware/TrimStrings->handle(Object(Illuminate/Http/Request), Object(Closure))
#53 C:/Users/josea/Desktop/Proyectois/vendor/laravel/framework/src/Illuminate/Http/Middleware/ValidatePostSize.php(27): Illuminate/Pipeline/Pipeline->{closure:{closure:Illuminate/Pipeline/Pipeline::carry():194}:195}(Object(Illuminate/Http/Request))
#54 C:/Users/josea/Desktop/Proyectois/vendor/laravel/framework/src/Illuminate/Pipeline/Pipeline.php(219): Illuminate/Http/Middleware/ValidatePostSize->handle(Object(Illuminate/Http/Request), Object(Closure))
#55 C:/Users/josea/Desktop/Proyectois/vendor/laravel/framework/src/Illuminate/Foundation/Http/Middleware/PreventRequestsDuringMaintenance.php(110): Illuminate/Pipeline/Pipeline->{closure:{closure:Illuminate/Pipeline/Pipeline::carry():194}:195}(Object(Illuminate/Http/Request))
#56 C:/Users/josea/Desktop/Proyectois/vendor/laravel/framework/src/Illuminate/Pipeline/Pipeline.php(219): Illuminate/Foundation/Http/Middleware/PreventRequestsDuringMaintenance->handle(Object(Illuminate/Http/Request), Object(Closure))
#57 C:/Users/josea/Desktop/Proyectois/vendor/laravel/framework/src/Illuminate/Http/Middleware/HandleCors.php(61): Illuminate/Pipeline/Pipeline->{closure:{closure:Illuminate/Pipeline/Pipeline::carry():194}:195}(Object(Illuminate/Http/Request))
#58 C:/Users/josea/Desktop/Proyectois/vendor/laravel/framework/src/Illuminate/Pipeline/Pipeline.php(219): Illuminate/Http/Middleware/HandleCors->handle(Object(Illuminate/Http/Request), Object(Closure))
#59 C:/Users/josea/Desktop/Proyectois/vendor/laravel/framework/src/Illuminate/Http/Middleware/TrustProxies.php(58): Illuminate/Pipeline/Pipeline->{closure:{closure:Illuminate/Pipeline/Pipeline::carry():194}:195}(Object(Illuminate/Http/Request))
#60 C:/Users/josea/Desktop/Proyectois/vendor/laravel/framework/src/Illuminate/Pipeline/Pipeline.php(219): Illuminate/Http/Middleware/TrustProxies->handle(Object(Illuminate/Http/Request), Object(Closure))
#61 C:/Users/josea/Desktop/Proyectois/vendor/laravel/framework/src/Illuminate/Foundation/Http/Middleware/InvokeDeferredCallbacks.php(22): Illuminate/Pipeline/Pipeline->{closure:{closure:Illuminate/Pipeline/Pipeline::carry():194}:195}(Object(Illuminate/Http/Request))
#62 C:/Users/josea/Desktop/Proyectois/vendor/laravel/framework/src/Illuminate/Pipeline/Pipeline.php(219): Illuminate/Foundation/Http/Middleware/InvokeDeferredCallbacks->handle(Object(Illuminate/Http/Request), Object(Closure))
#63 C:/Users/josea/Desktop/Proyectois/vendor/laravel/framework/src/Illuminate/Http/Middleware/ValidatePathEncoding.php(28): Illuminate/Pipeline/Pipeline->{closure:{closure:Illuminate/Pipeline/Pipeline::carry():194}:195}(Object(Illuminate/Http/Request))
#64 C:/Users/josea/Desktop/Proyectois/vendor/laravel/framework/src/Illuminate/Pipeline/Pipeline.php(219): Illuminate/Http/Middleware/ValidatePathEncoding->handle(Object(Illuminate/Http/Request), Object(Closure))
#65 C:/Users/josea/Desktop/Proyectois/vendor/laravel/framework/src/Illuminate/Pipeline/Pipeline.php(137): Illuminate/Pipeline/Pipeline->{closure:{closure:Illuminate/Pipeline/Pipeline::carry():194}:195}(Object(Illuminate/Http/Request))
#66 C:/Users/josea/Desktop/Proyectois/vendor/laravel/framework/src/Illuminate/Foundation/Http/Kernel.php(175): Illuminate/Pipeline/Pipeline->then(Object(Closure))
#67 C:/Users/josea/Desktop/Proyectois/vendor/laravel/framework/src/Illuminate/Foundation/Http/Kernel.php(144): Illuminate/Foundation/Http/Kernel->sendRequestThroughRouter(Object(Illuminate/Http/Request))
#68 C:/Users/josea/Desktop/Proyectois/vendor/laravel/framework/src/Illuminate/Foundation/Application.php(1227): Illuminate/Foundation/Http/Kernel->handle(Object(Illuminate/Http/Request))
#69 C:/Users/josea/Desktop/Proyectois/public/index.php(17): Illuminate/Foundation/Application->handleRequest(Object(Illuminate/Http/Request))
#70 C:/Users/josea/Desktop/Proyectois/vendor/laravel/framework/src/Illuminate/Foundation/resources/server.php(23): require_once('C://Users//josea//...')
#71 {main}
"} 
[2026-09-19 15:38:54] local.ERROR: Fallo al crear OC. Iniciando compensacion. {"folio":"OC-00002","error":"E11000 duplicate key error collection: campus_digital.purchase_order_items index: purchase_order_id_1_line_1 dup key: { purchase_order_id: \"\", line: 1 }"} 
[2026-09-19 15:39:01] local.ERROR: Fallo al crear OC. Iniciando compensacion. {"folio":"OC-00003","error":"E11000 duplicate key error collection: campus_digital.purchase_order_items index: purchase_order_id_1_line_1 dup key: { purchase_order_id: \"\", line: 1 }"} 
[2026-09-19 19:11:44] local.ERROR: Fallo al crear OC. Iniciando compensacion. {"folio":"OC-00003","error":"E11000 duplicate key error collection: campus_digital.purchase_order_items index: purchase_order_id_1_line_1 dup key: { purchase_order_id: \"\", line: 1 }"} 
[2026-09-19 19:16:08] local.ERROR: Fallo al crear OC. Iniciando compensacion. {"folio":"OC-00004","error":"No query results for model [App\\Models\\PurchaseOrder]."} 
[2026-09-19 19:16:40] local.ERROR: Fallo al crear OC. Iniciando compensacion. {"folio":"OC-00005","error":"No query results for model [App\\Models\\PurchaseOrder]."} 
[2026-09-19 19:17:39] local.ERROR: Fallo al crear OC. Iniciando compensacion. {"folio":"OC-00003","error":"No query results for model [App\\Models\\PurchaseOrder]."} 
[2026-09-19 19:29:04] local.ERROR: Fallo al crear OC. Iniciando compensacion. {"folio":"OC-00004","error":"No se pudo obtener el _id de la OC recién creada."} 
[2026-09-19 19:34:18] local.ERROR: Fallo al crear OC. Iniciando compensacion. {"folio":"OC-00004","error":"No se pudo obtener el _id de la OC recién creada."} 
[2026-09-19 19:42:35] local.ERROR: preg_match(): Argument #2 ($subject) must be of type string, array given {"exception":"[object] (TypeError(code: 0): preg_match(): Argument #2 ($subject) must be of type string, array given at C:/Users/josea/Desktop/Proyectois/vendor/laravel/framework/src/Illuminate/Database/Eloquent/Concerns/HasAttributes.php:1616)
[stacktrace]
#0 C:/Users/josea/Desktop/Proyectois/vendor/laravel/framework/src/Illuminate/Database/Eloquent/Concerns/HasAttributes.php(1616): preg_match('/^(//d{4})-(//d{1...', Array)
#1 C:/Users/josea/Desktop/Proyectois/vendor/laravel/framework/src/Illuminate/Database/Eloquent/Concerns/HasAttributes.php(1590): Illuminate/Database/Eloquent/Model->isStandardDateFormat(Array)
#2 C:/Users/josea/Desktop/Proyectois/vendor/mongodb/laravel-mongodb/src/Eloquent/DocumentModel.php(168): Illuminate/Database/Eloquent/Model->asDateTime(Array)
#3 C:/Users/josea/Desktop/Proyectois/vendor/laravel/framework/src/Illuminate/Database/Eloquent/Concerns/HasAttributes.php(2435): MongoDB/Laravel/Eloquent/Model->asDateTime(Array)
#4 C:/Users/josea/Desktop/Proyectois/vendor/mongodb/laravel-mongodb/src/Eloquent/DocumentModel.php(219): Illuminate/Database/Eloquent/Model->transformModelValue('created_at', Array)
#5 C:/Users/josea/Desktop/Proyectois/vendor/laravel/framework/src/Illuminate/Database/Eloquent/Concerns/HasAttributes.php(541): MongoDB/Laravel/Eloquent/Model->transformModelValue('created_at', Array)
#6 C:/Users/josea/Desktop/Proyectois/vendor/laravel/framework/src/Illuminate/Database/Eloquent/Concerns/HasAttributes.php(495): Illuminate/Database/Eloquent/Model->getAttributeValue('created_at')
#7 C:/Users/josea/Desktop/Proyectois/vendor/mongodb/laravel-mongodb/src/Eloquent/DocumentModel.php(213): Illuminate/Database/Eloquent/Model->getAttribute('created_at')
#8 C:/Users/josea/Desktop/Proyectois/vendor/laravel/framework/src/Illuminate/Database/Eloquent/Model.php(2749): MongoDB/Laravel/Eloquent/Model->getAttribute('created_at')
#9 C:/Users/josea/Desktop/Proyectois/app/Http/Controllers/PurchaseOrderController.php(59): Illuminate/Database/Eloquent/Model->__get('created_at')
#10 [internal function]: App/Http/Controllers/PurchaseOrderController->{closure:App/Http/Controllers/PurchaseOrderController::index():47}(Object(App/Models/PurchaseOrder), 0)
#11 C:/Users/josea/Desktop/Proyectois/vendor/laravel/framework/src/Illuminate/Collections/Arr.php(858): array_map(Object(Closure), Array, Array)
#12 C:/Users/josea/Desktop/Proyectois/vendor/laravel/framework/src/Illuminate/Collections/Collection.php(831): Illuminate/Support/Arr::map(Array, Object(Closure))
#13 C:/Users/josea/Desktop/Proyectois/app/Http/Controllers/PurchaseOrderController.php(47): Illuminate/Support/Collection->map(Object(Closure))
#14 C:/Users/josea/Desktop/Proyectois/vendor/laravel/framework/src/Illuminate/Routing/ControllerDispatcher.php(46): App/Http/Controllers/PurchaseOrderController->index(Object(Illuminate/Http/Request))
#15 C:/Users/josea/Desktop/Proyectois/vendor/laravel/framework/src/Illuminate/Routing/Route.php(276): Illuminate/Routing/ControllerDispatcher->dispatch(Object(Illuminate/Routing/Route), Object(App/Http/Controllers/PurchaseOrderController), 'index')
#16 C:/Users/josea/Desktop/Proyectois/vendor/laravel/framework/src/Illuminate/Routing/Route.php(216): Illuminate/Routing/Route->runController()
#17 C:/Users/josea/Desktop/Proyectois/vendor/laravel/framework/src/Illuminate/Routing/Router.php(822): Illuminate/Routing/Route->run()
#18 C:/Users/josea/Desktop/Proyectois/vendor/laravel/framework/src/Illuminate/Pipeline/Pipeline.php(180): Illuminate/Routing/Router->{closure:Illuminate/Routing/Router::runRouteWithinStack():821}(Object(Illuminate/Http/Request))
#19 C:/Users/josea/Desktop/Proyectois/vendor/inertiajs/inertia-laravel/src/Middleware.php(122): Illuminate/Pipeline/Pipeline->{closure:Illuminate/Pipeline/Pipeline::prepareDestination():178}(Object(Illuminate/Http/Request))
#20 C:/Users/josea/Desktop/Proyectois/vendor/laravel/framework/src/Illuminate/Pipeline/Pipeline.php(219): Inertia/Middleware->handle(Object(Illuminate/Http/Request), Object(Closure))
#21 C:/Users/josea/Desktop/Proyectois/vendor/laravel/framework/src/Illuminate/Routing/Middleware/SubstituteBindings.php(52): Illuminate/Pipeline/Pipeline->{closure:{closure:Illuminate/Pipeline/Pipeline::carry():194}:195}(Object(Illuminate/Http/Request))
#22 C:/Users/josea/Desktop/Proyectois/vendor/laravel/framework/src/Illuminate/Pipeline/Pipeline.php(219): Illuminate/Routing/Middleware/SubstituteBindings->handle(Object(Illuminate/Http/Request), Object(Closure))
#23 C:/Users/josea/Desktop/Proyectois/vendor/laravel/framework/src/Illuminate/Foundation/Http/Middleware/PreventRequestForgery.php(104): Illuminate/Pipeline/Pipeline->{closure:{closure:Illuminate/Pipeline/Pipeline::carry():194}:195}(Object(Illuminate/Http/Request))
#24 C:/Users/josea/Desktop/Proyectois/vendor/laravel/framework/src/Illuminate/Pipeline/Pipeline.php(219): Illuminate/Foundation/Http/Middleware/PreventRequestForgery->handle(Object(Illuminate/Http/Request), Object(Closure))
#25 C:/Users/josea/Desktop/Proyectois/vendor/laravel/framework/src/Illuminate/View/Middleware/ShareErrorsFromSession.php(48): Illuminate/Pipeline/Pipeline->{closure:{closure:Illuminate/Pipeline/Pipeline::carry():194}:195}(Object(Illuminate/Http/Request))
#26 C:/Users/josea/Desktop/Proyectois/vendor/laravel/framework/src/Illuminate/Pipeline/Pipeline.php(219): Illuminate/View/Middleware/ShareErrorsFromSession->handle(Object(Illuminate/Http/Request), Object(Closure))
#27 C:/Users/josea/Desktop/Proyectois/vendor/laravel/framework/src/Illuminate/Session/Middleware/StartSession.php(120): Illuminate/Pipeline/Pipeline->{closure:{closure:Illuminate/Pipeline/Pipeline::carry():194}:195}(Object(Illuminate/Http/Request))
#28 C:/Users/josea/Desktop/Proyectois/vendor/laravel/framework/src/Illuminate/Session/Middleware/StartSession.php(63): Illuminate/Session/Middleware/StartSession->handleStatefulRequest(Object(Illuminate/Http/Request), Object(Illuminate/Session/Store), Object(Closure))
#29 C:/Users/josea/Desktop/Proyectois/vendor/laravel/framework/src/Illuminate/Pipeline/Pipeline.php(219): Illuminate/Session/Middleware/StartSession->handle(Object(Illuminate/Http/Request), Object(Closure))
#30 C:/Users/josea/Desktop/Proyectois/vendor/laravel/framework/src/Illuminate/Cookie/Middleware/AddQueuedCookiesToResponse.php(36): Illuminate/Pipeline/Pipeline->{closure:{closure:Illuminate/Pipeline/Pipeline::carry():194}:195}(Object(Illuminate/Http/Request))
#31 C:/Users/josea/Desktop/Proyectois/vendor/laravel/framework/src/Illuminate/Pipeline/Pipeline.php(219): Illuminate/Cookie/Middleware/AddQueuedCookiesToResponse->handle(Object(Illuminate/Http/Request), Object(Closure))
#32 C:/Users/josea/Desktop/Proyectois/vendor/laravel/framework/src/Illuminate/Cookie/Middleware/EncryptCookies.php(74): Illuminate/Pipeline/Pipeline->{closure:{closure:Illuminate/Pipeline/Pipeline::carry():194}:195}(Object(Illuminate/Http/Request))
#33 C:/Users/josea/Desktop/Proyectois/vendor/laravel/framework/src/Illuminate/Pipeline/Pipeline.php(219): Illuminate/Cookie/Middleware/EncryptCookies->handle(Object(Illuminate/Http/Request), Object(Closure))
#34 C:/Users/josea/Desktop/Proyectois/vendor/laravel/framework/src/Illuminate/Pipeline/Pipeline.php(137): Illuminate/Pipeline/Pipeline->{closure:{closure:Illuminate/Pipeline/Pipeline::carry():194}:195}(Object(Illuminate/Http/Request))
#35 C:/Users/josea/Desktop/Proyectois/vendor/laravel/framework/src/Illuminate/Routing/Router.php(821): Illuminate/Pipeline/Pipeline->then(Object(Closure))
#36 C:/Users/josea/Desktop/Proyectois/vendor/laravel/framework/src/Illuminate/Routing/Router.php(800): Illuminate/Routing/Router->runRouteWithinStack(Object(Illuminate/Routing/Route), Object(Illuminate/Http/Request))
#37 C:/Users/josea/Desktop/Proyectois/vendor/laravel/framework/src/Illuminate/Routing/Router.php(764): Illuminate/Routing/Router->runRoute(Object(Illuminate/Http/Request), Object(Illuminate/Routing/Route))
#38 C:/Users/josea/Desktop/Proyectois/vendor/laravel/framework/src/Illuminate/Routing/Router.php(753): Illuminate/Routing/Router->dispatchToRoute(Object(Illuminate/Http/Request))
#39 C:/Users/josea/Desktop/Proyectois/vendor/laravel/framework/src/Illuminate/Foundation/Http/Kernel.php(200): Illuminate/Routing/Router->dispatch(Object(Illuminate/Http/Request))
#40 C:/Users/josea/Desktop/Proyectois/vendor/laravel/framework/src/Illuminate/Pipeline/Pipeline.php(180): Illuminate/Foundation/Http/Kernel->{closure:Illuminate/Foundation/Http/Kernel::dispatchToRouter():197}(Object(Illuminate/Http/Request))
#41 C:/Users/josea/Desktop/Proyectois/vendor/laravel/framework/src/Illuminate/Foundation/Http/Middleware/TransformsRequest.php(21): Illuminate/Pipeline/Pipeline->{closure:Illuminate/Pipeline/Pipeline::prepareDestination():178}(Object(Illuminate/Http/Request))
#42 C:/Users/josea/Desktop/Proyectois/vendor/laravel/framework/src/Illuminate/Foundation/Http/Middleware/ConvertEmptyStringsToNull.php(31): Illuminate/Foundation/Http/Middleware/TransformsRequest->handle(Object(Illuminate/Http/Request), Object(Closure))
#43 C:/Users/josea/Desktop/Proyectois/vendor/laravel/framework/src/Illuminate/Pipeline/Pipeline.php(219): Illuminate/Foundation/Http/Middleware/ConvertEmptyStringsToNull->handle(Object(Illuminate/Http/Request), Object(Closure))
#44 C:/Users/josea/Desktop/Proyectois/vendor/laravel/framework/src/Illuminate/Foundation/Http/Middleware/TransformsRequest.php(21): Illuminate/Pipeline/Pipeline->{closure:{closure:Illuminate/Pipeline/Pipeline::carry():194}:195}(Object(Illuminate/Http/Request))
#45 C:/Users/josea/Desktop/Proyectois/vendor/laravel/framework/src/Illuminate/Foundation/Http/Middleware/TrimStrings.php(51): Illuminate/Foundation/Http/Middleware/TransformsRequest->handle(Object(Illuminate/Http/Request), Object(Closure))
#46 C:/Users/josea/Desktop/Proyectois/vendor/laravel/framework/src/Illuminate/Pipeline/Pipeline.php(219): Illuminate/Foundation/Http/Middleware/TrimStrings->handle(Object(Illuminate/Http/Request), Object(Closure))
#47 C:/Users/josea/Desktop/Proyectois/vendor/laravel/framework/src/Illuminate/Http/Middleware/ValidatePostSize.php(27): Illuminate/Pipeline/Pipeline->{closure:{closure:Illuminate/Pipeline/Pipeline::carry():194}:195}(Object(Illuminate/Http/Request))
#48 C:/Users/josea/Desktop/Proyectois/vendor/laravel/framework/src/Illuminate/Pipeline/Pipeline.php(219): Illuminate/Http/Middleware/ValidatePostSize->handle(Object(Illuminate/Http/Request), Object(Closure))
#49 C:/Users/josea/Desktop/Proyectois/vendor/laravel/framework/src/Illuminate/Foundation/Http/Middleware/PreventRequestsDuringMaintenance.php(110): Illuminate/Pipeline/Pipeline->{closure:{closure:Illuminate/Pipeline/Pipeline::carry():194}:195}(Object(Illuminate/Http/Request))
#50 C:/Users/josea/Desktop/Proyectois/vendor/laravel/framework/src/Illuminate/Pipeline/Pipeline.php(219): Illuminate/Foundation/Http/Middleware/PreventRequestsDuringMaintenance->handle(Object(Illuminate/Http/Request), Object(Closure))
#51 C:/Users/josea/Desktop/Proyectois/vendor/laravel/framework/src/Illuminate/Http/Middleware/HandleCors.php(61): Illuminate/Pipeline/Pipeline->{closure:{closure:Illuminate/Pipeline/Pipeline::carry():194}:195}(Object(Illuminate/Http/Request))
#52 C:/Users/josea/Desktop/Proyectois/vendor/laravel/framework/src/Illuminate/Pipeline/Pipeline.php(219): Illuminate/Http/Middleware/HandleCors->handle(Object(Illuminate/Http/Request), Object(Closure))
#53 C:/Users/josea/Desktop/Proyectois/vendor/laravel/framework/src/Illuminate/Http/Middleware/TrustProxies.php(58): Illuminate/Pipeline/Pipeline->{closure:{closure:Illuminate/Pipeline/Pipeline::carry():194}:195}(Object(Illuminate/Http/Request))
#54 C:/Users/josea/Desktop/Proyectois/vendor/laravel/framework/src/Illuminate/Pipeline/Pipeline.php(219): Illuminate/Http/Middleware/TrustProxies->handle(Object(Illuminate/Http/Request), Object(Closure))
#55 C:/Users/josea/Desktop/Proyectois/vendor/laravel/framework/src/Illuminate/Foundation/Http/Middleware/InvokeDeferredCallbacks.php(22): Illuminate/Pipeline/Pipeline->{closure:{closure:Illuminate/Pipeline/Pipeline::carry():194}:195}(Object(Illuminate/Http/Request))
#56 C:/Users/josea/Desktop/Proyectois/vendor/laravel/framework/src/Illuminate/Pipeline/Pipeline.php(219): Illuminate/Foundation/Http/Middleware/InvokeDeferredCallbacks->handle(Object(Illuminate/Http/Request), Object(Closure))
#57 C:/Users/josea/Desktop/Proyectois/vendor/laravel/framework/src/Illuminate/Http/Middleware/ValidatePathEncoding.php(28): Illuminate/Pipeline/Pipeline->{closure:{closure:Illuminate/Pipeline/Pipeline::carry():194}:195}(Object(Illuminate/Http/Request))
#58 C:/Users/josea/Desktop/Proyectois/vendor/laravel/framework/src/Illuminate/Pipeline/Pipeline.php(219): Illuminate/Http/Middleware/ValidatePathEncoding->handle(Object(Illuminate/Http/Request), Object(Closure))
#59 C:/Users/josea/Desktop/Proyectois/vendor/laravel/framework/src/Illuminate/Pipeline/Pipeline.php(137): Illuminate/Pipeline/Pipeline->{closure:{closure:Illuminate/Pipeline/Pipeline::carry():194}:195}(Object(Illuminate/Http/Request))
#60 C:/Users/josea/Desktop/Proyectois/vendor/laravel/framework/src/Illuminate/Foundation/Http/Kernel.php(175): Illuminate/Pipeline/Pipeline->then(Object(Closure))
#61 C:/Users/josea/Desktop/Proyectois/vendor/laravel/framework/src/Illuminate/Foundation/Http/Kernel.php(144): Illuminate/Foundation/Http/Kernel->sendRequestThroughRouter(Object(Illuminate/Http/Request))
#62 C:/Users/josea/Desktop/Proyectois/vendor/laravel/framework/src/Illuminate/Foundation/Application.php(1227): Illuminate/Foundation/Http/Kernel->handle(Object(Illuminate/Http/Request))
#63 C:/Users/josea/Desktop/Proyectois/public/index.php(17): Illuminate/Foundation/Application->handleRequest(Object(Illuminate/Http/Request))
#64 C:/Users/josea/Desktop/Proyectois/vendor/laravel/framework/src/Illuminate/Foundation/resources/server.php(23): require_once('C://Users//josea//...')
#65 {main}
"} 
[2026-09-19 19:42:47] local.ERROR: preg_match(): Argument #2 ($subject) must be of type string, array given {"exception":"[object] (TypeError(code: 0): preg_match(): Argument #2 ($subject) must be of type string, array given at C:/Users/josea/Desktop/Proyectois/vendor/laravel/framework/src/Illuminate/Database/Eloquent/Concerns/HasAttributes.php:1616)
[stacktrace]
#0 C:/Users/josea/Desktop/Proyectois/vendor/laravel/framework/src/Illuminate/Database/Eloquent/Concerns/HasAttributes.php(1616): preg_match('/^(//d{4})-(//d{1...', Array)
#1 C:/Users/josea/Desktop/Proyectois/vendor/laravel/framework/src/Illuminate/Database/Eloquent/Concerns/HasAttributes.php(1590): Illuminate/Database/Eloquent/Model->isStandardDateFormat(Array)
#2 C:/Users/josea/Desktop/Proyectois/vendor/mongodb/laravel-mongodb/src/Eloquent/DocumentModel.php(168): Illuminate/Database/Eloquent/Model->asDateTime(Array)
#3 C:/Users/josea/Desktop/Proyectois/vendor/laravel/framework/src/Illuminate/Database/Eloquent/Concerns/HasAttributes.php(2435): MongoDB/Laravel/Eloquent/Model->asDateTime(Array)
#4 C:/Users/josea/Desktop/Proyectois/vendor/mongodb/laravel-mongodb/src/Eloquent/DocumentModel.php(219): Illuminate/Database/Eloquent/Model->transformModelValue('created_at', Array)
#5 C:/Users/josea/Desktop/Proyectois/vendor/laravel/framework/src/Illuminate/Database/Eloquent/Concerns/HasAttributes.php(541): MongoDB/Laravel/Eloquent/Model->transformModelValue('created_at', Array)
#6 C:/Users/josea/Desktop/Proyectois/vendor/laravel/framework/src/Illuminate/Database/Eloquent/Concerns/HasAttributes.php(495): Illuminate/Database/Eloquent/Model->getAttributeValue('created_at')
#7 C:/Users/josea/Desktop/Proyectois/vendor/mongodb/laravel-mongodb/src/Eloquent/DocumentModel.php(213): Illuminate/Database/Eloquent/Model->getAttribute('created_at')
#8 C:/Users/josea/Desktop/Proyectois/vendor/laravel/framework/src/Illuminate/Database/Eloquent/Model.php(2749): MongoDB/Laravel/Eloquent/Model->getAttribute('created_at')
#9 C:/Users/josea/Desktop/Proyectois/app/Http/Controllers/PurchaseOrderController.php(59): Illuminate/Database/Eloquent/Model->__get('created_at')
#10 [internal function]: App/Http/Controllers/PurchaseOrderController->{closure:App/Http/Controllers/PurchaseOrderController::index():47}(Object(App/Models/PurchaseOrder), 0)
#11 C:/Users/josea/Desktop/Proyectois/vendor/laravel/framework/src/Illuminate/Collections/Arr.php(858): array_map(Object(Closure), Array, Array)
#12 C:/Users/josea/Desktop/Proyectois/vendor/laravel/framework/src/Illuminate/Collections/Collection.php(831): Illuminate/Support/Arr::map(Array, Object(Closure))
#13 C:/Users/josea/Desktop/Proyectois/app/Http/Controllers/PurchaseOrderController.php(47): Illuminate/Support/Collection->map(Object(Closure))
#14 C:/Users/josea/Desktop/Proyectois/vendor/laravel/framework/src/Illuminate/Routing/ControllerDispatcher.php(46): App/Http/Controllers/PurchaseOrderController->index(Object(Illuminate/Http/Request))
#15 C:/Users/josea/Desktop/Proyectois/vendor/laravel/framework/src/Illuminate/Routing/Route.php(276): Illuminate/Routing/ControllerDispatcher->dispatch(Object(Illuminate/Routing/Route), Object(App/Http/Controllers/PurchaseOrderController), 'index')
#16 C:/Users/josea/Desktop/Proyectois/vendor/laravel/framework/src/Illuminate/Routing/Route.php(216): Illuminate/Routing/Route->runController()
#17 C:/Users/josea/Desktop/Proyectois/vendor/laravel/framework/src/Illuminate/Routing/Router.php(822): Illuminate/Routing/Route->run()
#18 C:/Users/josea/Desktop/Proyectois/vendor/laravel/framework/src/Illuminate/Pipeline/Pipeline.php(180): Illuminate/Routing/Router->{closure:Illuminate/Routing/Router::runRouteWithinStack():821}(Object(Illuminate/Http/Request))
#19 C:/Users/josea/Desktop/Proyectois/vendor/inertiajs/inertia-laravel/src/Middleware.php(122): Illuminate/Pipeline/Pipeline->{closure:Illuminate/Pipeline/Pipeline::prepareDestination():178}(Object(Illuminate/Http/Request))
#20 C:/Users/josea/Desktop/Proyectois/vendor/laravel/framework/src/Illuminate/Pipeline/Pipeline.php(219): Inertia/Middleware->handle(Object(Illuminate/Http/Request), Object(Closure))
#21 C:/Users/josea/Desktop/Proyectois/vendor/laravel/framework/src/Illuminate/Routing/Middleware/SubstituteBindings.php(52): Illuminate/Pipeline/Pipeline->{closure:{closure:Illuminate/Pipeline/Pipeline::carry():194}:195}(Object(Illuminate/Http/Request))
#22 C:/Users/josea/Desktop/Proyectois/vendor/laravel/framework/src/Illuminate/Pipeline/Pipeline.php(219): Illuminate/Routing/Middleware/SubstituteBindings->handle(Object(Illuminate/Http/Request), Object(Closure))
#23 C:/Users/josea/Desktop/Proyectois/vendor/laravel/framework/src/Illuminate/Foundation/Http/Middleware/PreventRequestForgery.php(104): Illuminate/Pipeline/Pipeline->{closure:{closure:Illuminate/Pipeline/Pipeline::carry():194}:195}(Object(Illuminate/Http/Request))
#24 C:/Users/josea/Desktop/Proyectois/vendor/laravel/framework/src/Illuminate/Pipeline/Pipeline.php(219): Illuminate/Foundation/Http/Middleware/PreventRequestForgery->handle(Object(Illuminate/Http/Request), Object(Closure))
#25 C:/Users/josea/Desktop/Proyectois/vendor/laravel/framework/src/Illuminate/View/Middleware/ShareErrorsFromSession.php(48): Illuminate/Pipeline/Pipeline->{closure:{closure:Illuminate/Pipeline/Pipeline::carry():194}:195}(Object(Illuminate/Http/Request))
#26 C:/Users/josea/Desktop/Proyectois/vendor/laravel/framework/src/Illuminate/Pipeline/Pipeline.php(219): Illuminate/View/Middleware/ShareErrorsFromSession->handle(Object(Illuminate/Http/Request), Object(Closure))
#27 C:/Users/josea/Desktop/Proyectois/vendor/laravel/framework/src/Illuminate/Session/Middleware/StartSession.php(120): Illuminate/Pipeline/Pipeline->{closure:{closure:Illuminate/Pipeline/Pipeline::carry():194}:195}(Object(Illuminate/Http/Request))
#28 C:/Users/josea/Desktop/Proyectois/vendor/laravel/framework/src/Illuminate/Session/Middleware/StartSession.php(63): Illuminate/Session/Middleware/StartSession->handleStatefulRequest(Object(Illuminate/Http/Request), Object(Illuminate/Session/Store), Object(Closure))
#29 C:/Users/josea/Desktop/Proyectois/vendor/laravel/framework/src/Illuminate/Pipeline/Pipeline.php(219): Illuminate/Session/Middleware/StartSession->handle(Object(Illuminate/Http/Request), Object(Closure))
#30 C:/Users/josea/Desktop/Proyectois/vendor/laravel/framework/src/Illuminate/Cookie/Middleware/AddQueuedCookiesToResponse.php(36): Illuminate/Pipeline/Pipeline->{closure:{closure:Illuminate/Pipeline/Pipeline::carry():194}:195}(Object(Illuminate/Http/Request))
#31 C:/Users/josea/Desktop/Proyectois/vendor/laravel/framework/src/Illuminate/Pipeline/Pipeline.php(219): Illuminate/Cookie/Middleware/AddQueuedCookiesToResponse->handle(Object(Illuminate/Http/Request), Object(Closure))
#32 C:/Users/josea/Desktop/Proyectois/vendor/laravel/framework/src/Illuminate/Cookie/Middleware/EncryptCookies.php(74): Illuminate/Pipeline/Pipeline->{closure:{closure:Illuminate/Pipeline/Pipeline::carry():194}:195}(Object(Illuminate/Http/Request))
#33 C:/Users/josea/Desktop/Proyectois/vendor/laravel/framework/src/Illuminate/Pipeline/Pipeline.php(219): Illuminate/Cookie/Middleware/EncryptCookies->handle(Object(Illuminate/Http/Request), Object(Closure))
#34 C:/Users/josea/Desktop/Proyectois/vendor/laravel/framework/src/Illuminate/Pipeline/Pipeline.php(137): Illuminate/Pipeline/Pipeline->{closure:{closure:Illuminate/Pipeline/Pipeline::carry():194}:195}(Object(Illuminate/Http/Request))
#35 C:/Users/josea/Desktop/Proyectois/vendor/laravel/framework/src/Illuminate/Routing/Router.php(821): Illuminate/Pipeline/Pipeline->then(Object(Closure))
#36 C:/Users/josea/Desktop/Proyectois/vendor/laravel/framework/src/Illuminate/Routing/Router.php(800): Illuminate/Routing/Router->runRouteWithinStack(Object(Illuminate/Routing/Route), Object(Illuminate/Http/Request))
#37 C:/Users/josea/Desktop/Proyectois/vendor/laravel/framework/src/Illuminate/Routing/Router.php(764): Illuminate/Routing/Router->runRoute(Object(Illuminate/Http/Request), Object(Illuminate/Routing/Route))
#38 C:/Users/josea/Desktop/Proyectois/vendor/laravel/framework/src/Illuminate/Routing/Router.php(753): Illuminate/Routing/Router->dispatchToRoute(Object(Illuminate/Http/Request))
#39 C:/Users/josea/Desktop/Proyectois/vendor/laravel/framework/src/Illuminate/Foundation/Http/Kernel.php(200): Illuminate/Routing/Router->dispatch(Object(Illuminate/Http/Request))
#40 C:/Users/josea/Desktop/Proyectois/vendor/laravel/framework/src/Illuminate/Pipeline/Pipeline.php(180): Illuminate/Foundation/Http/Kernel->{closure:Illuminate/Foundation/Http/Kernel::dispatchToRouter():197}(Object(Illuminate/Http/Request))
#41 C:/Users/josea/Desktop/Proyectois/vendor/laravel/framework/src/Illuminate/Foundation/Http/Middleware/TransformsRequest.php(21): Illuminate/Pipeline/Pipeline->{closure:Illuminate/Pipeline/Pipeline::prepareDestination():178}(Object(Illuminate/Http/Request))
#42 C:/Users/josea/Desktop/Proyectois/vendor/laravel/framework/src/Illuminate/Foundation/Http/Middleware/ConvertEmptyStringsToNull.php(31): Illuminate/Foundation/Http/Middleware/TransformsRequest->handle(Object(Illuminate/Http/Request), Object(Closure))
#43 C:/Users/josea/Desktop/Proyectois/vendor/laravel/framework/src/Illuminate/Pipeline/Pipeline.php(219): Illuminate/Foundation/Http/Middleware/ConvertEmptyStringsToNull->handle(Object(Illuminate/Http/Request), Object(Closure))
#44 C:/Users/josea/Desktop/Proyectois/vendor/laravel/framework/src/Illuminate/Foundation/Http/Middleware/TransformsRequest.php(21): Illuminate/Pipeline/Pipeline->{closure:{closure:Illuminate/Pipeline/Pipeline::carry():194}:195}(Object(Illuminate/Http/Request))
#45 C:/Users/josea/Desktop/Proyectois/vendor/laravel/framework/src/Illuminate/Foundation/Http/Middleware/TrimStrings.php(51): Illuminate/Foundation/Http/Middleware/TransformsRequest->handle(Object(Illuminate/Http/Request), Object(Closure))
#46 C:/Users/josea/Desktop/Proyectois/vendor/laravel/framework/src/Illuminate/Pipeline/Pipeline.php(219): Illuminate/Foundation/Http/Middleware/TrimStrings->handle(Object(Illuminate/Http/Request), Object(Closure))
#47 C:/Users/josea/Desktop/Proyectois/vendor/laravel/framework/src/Illuminate/Http/Middleware/ValidatePostSize.php(27): Illuminate/Pipeline/Pipeline->{closure:{closure:Illuminate/Pipeline/Pipeline::carry():194}:195}(Object(Illuminate/Http/Request))
#48 C:/Users/josea/Desktop/Proyectois/vendor/laravel/framework/src/Illuminate/Pipeline/Pipeline.php(219): Illuminate/Http/Middleware/ValidatePostSize->handle(Object(Illuminate/Http/Request), Object(Closure))
#49 C:/Users/josea/Desktop/Proyectois/vendor/laravel/framework/src/Illuminate/Foundation/Http/Middleware/PreventRequestsDuringMaintenance.php(110): Illuminate/Pipeline/Pipeline->{closure:{closure:Illuminate/Pipeline/Pipeline::carry():194}:195}(Object(Illuminate/Http/Request))
#50 C:/Users/josea/Desktop/Proyectois/vendor/laravel/framework/src/Illuminate/Pipeline/Pipeline.php(219): Illuminate/Foundation/Http/Middleware/PreventRequestsDuringMaintenance->handle(Object(Illuminate/Http/Request), Object(Closure))
#51 C:/Users/josea/Desktop/Proyectois/vendor/laravel/framework/src/Illuminate/Http/Middleware/HandleCors.php(61): Illuminate/Pipeline/Pipeline->{closure:{closure:Illuminate/Pipeline/Pipeline::carry():194}:195}(Object(Illuminate/Http/Request))
#52 C:/Users/josea/Desktop/Proyectois/vendor/laravel/framework/src/Illuminate/Pipeline/Pipeline.php(219): Illuminate/Http/Middleware/HandleCors->handle(Object(Illuminate/Http/Request), Object(Closure))
#53 C:/Users/josea/Desktop/Proyectois/vendor/laravel/framework/src/Illuminate/Http/Middleware/TrustProxies.php(58): Illuminate/Pipeline/Pipeline->{closure:{closure:Illuminate/Pipeline/Pipeline::carry():194}:195}(Object(Illuminate/Http/Request))
#54 C:/Users/josea/Desktop/Proyectois/vendor/laravel/framework/src/Illuminate/Pipeline/Pipeline.php(219): Illuminate/Http/Middleware/TrustProxies->handle(Object(Illuminate/Http/Request), Object(Closure))
#55 C:/Users/josea/Desktop/Proyectois/vendor/laravel/framework/src/Illuminate/Foundation/Http/Middleware/InvokeDeferredCallbacks.php(22): Illuminate/Pipeline/Pipeline->{closure:{closure:Illuminate/Pipeline/Pipeline::carry():194}:195}(Object(Illuminate/Http/Request))
#56 C:/Users/josea/Desktop/Proyectois/vendor/laravel/framework/src/Illuminate/Pipeline/Pipeline.php(219): Illuminate/Foundation/Http/Middleware/InvokeDeferredCallbacks->handle(Object(Illuminate/Http/Request), Object(Closure))
#57 C:/Users/josea/Desktop/Proyectois/vendor/laravel/framework/src/Illuminate/Http/Middleware/ValidatePathEncoding.php(28): Illuminate/Pipeline/Pipeline->{closure:{closure:Illuminate/Pipeline/Pipeline::carry():194}:195}(Object(Illuminate/Http/Request))
#58 C:/Users/josea/Desktop/Proyectois/vendor/laravel/framework/src/Illuminate/Pipeline/Pipeline.php(219): Illuminate/Http/Middleware/ValidatePathEncoding->handle(Object(Illuminate/Http/Request), Object(Closure))
#59 C:/Users/josea/Desktop/Proyectois/vendor/laravel/framework/src/Illuminate/Pipeline/Pipeline.php(137): Illuminate/Pipeline/Pipeline->{closure:{closure:Illuminate/Pipeline/Pipeline::carry():194}:195}(Object(Illuminate/Http/Request))
#60 C:/Users/josea/Desktop/Proyectois/vendor/laravel/framework/src/Illuminate/Foundation/Http/Kernel.php(175): Illuminate/Pipeline/Pipeline->then(Object(Closure))
#61 C:/Users/josea/Desktop/Proyectois/vendor/laravel/framework/src/Illuminate/Foundation/Http/Kernel.php(144): Illuminate/Foundation/Http/Kernel->sendRequestThroughRouter(Object(Illuminate/Http/Request))
#62 C:/Users/josea/Desktop/Proyectois/vendor/laravel/framework/src/Illuminate/Foundation/Application.php(1227): Illuminate/Foundation/Http/Kernel->handle(Object(Illuminate/Http/Request))
#63 C:/Users/josea/Desktop/Proyectois/public/index.php(17): Illuminate/Foundation/Application->handleRequest(Object(Illuminate/Http/Request))
#64 C:/Users/josea/Desktop/Proyectois/vendor/laravel/framework/src/Illuminate/Foundation/resources/server.php(23): require_once('C://Users//josea//...')
#65 {main}
"} 
[2026-09-19 19:45:59] local.ERROR: preg_match(): Argument #2 ($subject) must be of type string, array given {"exception":"[object] (TypeError(code: 0): preg_match(): Argument #2 ($subject) must be of type string, array given at C:/Users/josea/Desktop/Proyectois/vendor/laravel/framework/src/Illuminate/Database/Eloquent/Concerns/HasAttributes.php:1616)
[stacktrace]
#0 C:/Users/josea/Desktop/Proyectois/vendor/laravel/framework/src/Illuminate/Database/Eloquent/Concerns/HasAttributes.php(1616): preg_match('/^(//d{4})-(//d{1...', Array)
#1 C:/Users/josea/Desktop/Proyectois/vendor/laravel/framework/src/Illuminate/Database/Eloquent/Concerns/HasAttributes.php(1590): Illuminate/Database/Eloquent/Model->isStandardDateFormat(Array)
#2 C:/Users/josea/Desktop/Proyectois/vendor/mongodb/laravel-mongodb/src/Eloquent/DocumentModel.php(168): Illuminate/Database/Eloquent/Model->asDateTime(Array)
#3 C:/Users/josea/Desktop/Proyectois/vendor/laravel/framework/src/Illuminate/Database/Eloquent/Concerns/HasAttributes.php(2435): MongoDB/Laravel/Eloquent/Model->asDateTime(Array)
#4 C:/Users/josea/Desktop/Proyectois/vendor/mongodb/laravel-mongodb/src/Eloquent/DocumentModel.php(219): Illuminate/Database/Eloquent/Model->transformModelValue('created_at', Array)
#5 C:/Users/josea/Desktop/Proyectois/vendor/laravel/framework/src/Illuminate/Database/Eloquent/Concerns/HasAttributes.php(541): MongoDB/Laravel/Eloquent/Model->transformModelValue('created_at', Array)
#6 C:/Users/josea/Desktop/Proyectois/vendor/laravel/framework/src/Illuminate/Database/Eloquent/Concerns/HasAttributes.php(495): Illuminate/Database/Eloquent/Model->getAttributeValue('created_at')
#7 C:/Users/josea/Desktop/Proyectois/vendor/mongodb/laravel-mongodb/src/Eloquent/DocumentModel.php(213): Illuminate/Database/Eloquent/Model->getAttribute('created_at')
#8 C:/Users/josea/Desktop/Proyectois/vendor/laravel/framework/src/Illuminate/Database/Eloquent/Model.php(2749): MongoDB/Laravel/Eloquent/Model->getAttribute('created_at')
#9 C:/Users/josea/Desktop/Proyectois/app/Http/Controllers/PurchaseOrderController.php(50): Illuminate/Database/Eloquent/Model->__get('created_at')
#10 [internal function]: App/Http/Controllers/PurchaseOrderController->{closure:App/Http/Controllers/PurchaseOrderController::index():46}(Object(App/Models/PurchaseOrder), 0)
#11 C:/Users/josea/Desktop/Proyectois/vendor/laravel/framework/src/Illuminate/Collections/Arr.php(858): array_map(Object(Closure), Array, Array)
#12 C:/Users/josea/Desktop/Proyectois/vendor/laravel/framework/src/Illuminate/Collections/Collection.php(831): Illuminate/Support/Arr::map(Array, Object(Closure))
#13 C:/Users/josea/Desktop/Proyectois/app/Http/Controllers/PurchaseOrderController.php(46): Illuminate/Support/Collection->map(Object(Closure))
#14 C:/Users/josea/Desktop/Proyectois/vendor/laravel/framework/src/Illuminate/Routing/ControllerDispatcher.php(46): App/Http/Controllers/PurchaseOrderController->index(Object(Illuminate/Http/Request))
#15 C:/Users/josea/Desktop/Proyectois/vendor/laravel/framework/src/Illuminate/Routing/Route.php(276): Illuminate/Routing/ControllerDispatcher->dispatch(Object(Illuminate/Routing/Route), Object(App/Http/Controllers/PurchaseOrderController), 'index')
#16 C:/Users/josea/Desktop/Proyectois/vendor/laravel/framework/src/Illuminate/Routing/Route.php(216): Illuminate/Routing/Route->runController()
#17 C:/Users/josea/Desktop/Proyectois/vendor/laravel/framework/src/Illuminate/Routing/Router.php(822): Illuminate/Routing/Route->run()
#18 C:/Users/josea/Desktop/Proyectois/vendor/laravel/framework/src/Illuminate/Pipeline/Pipeline.php(180): Illuminate/Routing/Router->{closure:Illuminate/Routing/Router::runRouteWithinStack():821}(Object(Illuminate/Http/Request))
#19 C:/Users/josea/Desktop/Proyectois/vendor/inertiajs/inertia-laravel/src/Middleware.php(122): Illuminate/Pipeline/Pipeline->{closure:Illuminate/Pipeline/Pipeline::prepareDestination():178}(Object(Illuminate/Http/Request))
#20 C:/Users/josea/Desktop/Proyectois/vendor/laravel/framework/src/Illuminate/Pipeline/Pipeline.php(219): Inertia/Middleware->handle(Object(Illuminate/Http/Request), Object(Closure))
#21 C:/Users/josea/Desktop/Proyectois/vendor/laravel/framework/src/Illuminate/Routing/Middleware/SubstituteBindings.php(52): Illuminate/Pipeline/Pipeline->{closure:{closure:Illuminate/Pipeline/Pipeline::carry():194}:195}(Object(Illuminate/Http/Request))
#22 C:/Users/josea/Desktop/Proyectois/vendor/laravel/framework/src/Illuminate/Pipeline/Pipeline.php(219): Illuminate/Routing/Middleware/SubstituteBindings->handle(Object(Illuminate/Http/Request), Object(Closure))
#23 C:/Users/josea/Desktop/Proyectois/vendor/laravel/framework/src/Illuminate/Foundation/Http/Middleware/PreventRequestForgery.php(104): Illuminate/Pipeline/Pipeline->{closure:{closure:Illuminate/Pipeline/Pipeline::carry():194}:195}(Object(Illuminate/Http/Request))
#24 C:/Users/josea/Desktop/Proyectois/vendor/laravel/framework/src/Illuminate/Pipeline/Pipeline.php(219): Illuminate/Foundation/Http/Middleware/PreventRequestForgery->handle(Object(Illuminate/Http/Request), Object(Closure))
#25 C:/Users/josea/Desktop/Proyectois/vendor/laravel/framework/src/Illuminate/View/Middleware/ShareErrorsFromSession.php(48): Illuminate/Pipeline/Pipeline->{closure:{closure:Illuminate/Pipeline/Pipeline::carry():194}:195}(Object(Illuminate/Http/Request))
#26 C:/Users/josea/Desktop/Proyectois/vendor/laravel/framework/src/Illuminate/Pipeline/Pipeline.php(219): Illuminate/View/Middleware/ShareErrorsFromSession->handle(Object(Illuminate/Http/Request), Object(Closure))
#27 C:/Users/josea/Desktop/Proyectois/vendor/laravel/framework/src/Illuminate/Session/Middleware/StartSession.php(120): Illuminate/Pipeline/Pipeline->{closure:{closure:Illuminate/Pipeline/Pipeline::carry():194}:195}(Object(Illuminate/Http/Request))
#28 C:/Users/josea/Desktop/Proyectois/vendor/laravel/framework/src/Illuminate/Session/Middleware/StartSession.php(63): Illuminate/Session/Middleware/StartSession->handleStatefulRequest(Object(Illuminate/Http/Request), Object(Illuminate/Session/Store), Object(Closure))
#29 C:/Users/josea/Desktop/Proyectois/vendor/laravel/framework/src/Illuminate/Pipeline/Pipeline.php(219): Illuminate/Session/Middleware/StartSession->handle(Object(Illuminate/Http/Request), Object(Closure))
#30 C:/Users/josea/Desktop/Proyectois/vendor/laravel/framework/src/Illuminate/Cookie/Middleware/AddQueuedCookiesToResponse.php(36): Illuminate/Pipeline/Pipeline->{closure:{closure:Illuminate/Pipeline/Pipeline::carry():194}:195}(Object(Illuminate/Http/Request))
#31 C:/Users/josea/Desktop/Proyectois/vendor/laravel/framework/src/Illuminate/Pipeline/Pipeline.php(219): Illuminate/Cookie/Middleware/AddQueuedCookiesToResponse->handle(Object(Illuminate/Http/Request), Object(Closure))
#32 C:/Users/josea/Desktop/Proyectois/vendor/laravel/framework/src/Illuminate/Cookie/Middleware/EncryptCookies.php(74): Illuminate/Pipeline/Pipeline->{closure:{closure:Illuminate/Pipeline/Pipeline::carry():194}:195}(Object(Illuminate/Http/Request))
#33 C:/Users/josea/Desktop/Proyectois/vendor/laravel/framework/src/Illuminate/Pipeline/Pipeline.php(219): Illuminate/Cookie/Middleware/EncryptCookies->handle(Object(Illuminate/Http/Request), Object(Closure))
#34 C:/Users/josea/Desktop/Proyectois/vendor/laravel/framework/src/Illuminate/Pipeline/Pipeline.php(137): Illuminate/Pipeline/Pipeline->{closure:{closure:Illuminate/Pipeline/Pipeline::carry():194}:195}(Object(Illuminate/Http/Request))
#35 C:/Users/josea/Desktop/Proyectois/vendor/laravel/framework/src/Illuminate/Routing/Router.php(821): Illuminate/Pipeline/Pipeline->then(Object(Closure))
#36 C:/Users/josea/Desktop/Proyectois/vendor/laravel/framework/src/Illuminate/Routing/Router.php(800): Illuminate/Routing/Router->runRouteWithinStack(Object(Illuminate/Routing/Route), Object(Illuminate/Http/Request))
#37 C:/Users/josea/Desktop/Proyectois/vendor/laravel/framework/src/Illuminate/Routing/Router.php(764): Illuminate/Routing/Router->runRoute(Object(Illuminate/Http/Request), Object(Illuminate/Routing/Route))
#38 C:/Users/josea/Desktop/Proyectois/vendor/laravel/framework/src/Illuminate/Routing/Router.php(753): Illuminate/Routing/Router->dispatchToRoute(Object(Illuminate/Http/Request))
#39 C:/Users/josea/Desktop/Proyectois/vendor/laravel/framework/src/Illuminate/Foundation/Http/Kernel.php(200): Illuminate/Routing/Router->dispatch(Object(Illuminate/Http/Request))
#40 C:/Users/josea/Desktop/Proyectois/vendor/laravel/framework/src/Illuminate/Pipeline/Pipeline.php(180): Illuminate/Foundation/Http/Kernel->{closure:Illuminate/Foundation/Http/Kernel::dispatchToRouter():197}(Object(Illuminate/Http/Request))
#41 C:/Users/josea/Desktop/Proyectois/vendor/laravel/framework/src/Illuminate/Foundation/Http/Middleware/TransformsRequest.php(21): Illuminate/Pipeline/Pipeline->{closure:Illuminate/Pipeline/Pipeline::prepareDestination():178}(Object(Illuminate/Http/Request))
#42 C:/Users/josea/Desktop/Proyectois/vendor/laravel/framework/src/Illuminate/Foundation/Http/Middleware/ConvertEmptyStringsToNull.php(31): Illuminate/Foundation/Http/Middleware/TransformsRequest->handle(Object(Illuminate/Http/Request), Object(Closure))
#43 C:/Users/josea/Desktop/Proyectois/vendor/laravel/framework/src/Illuminate/Pipeline/Pipeline.php(219): Illuminate/Foundation/Http/Middleware/ConvertEmptyStringsToNull->handle(Object(Illuminate/Http/Request), Object(Closure))
#44 C:/Users/josea/Desktop/Proyectois/vendor/laravel/framework/src/Illuminate/Foundation/Http/Middleware/TransformsRequest.php(21): Illuminate/Pipeline/Pipeline->{closure:{closure:Illuminate/Pipeline/Pipeline::carry():194}:195}(Object(Illuminate/Http/Request))
#45 C:/Users/josea/Desktop/Proyectois/vendor/laravel/framework/src/Illuminate/Foundation/Http/Middleware/TrimStrings.php(51): Illuminate/Foundation/Http/Middleware/TransformsRequest->handle(Object(Illuminate/Http/Request), Object(Closure))
#46 C:/Users/josea/Desktop/Proyectois/vendor/laravel/framework/src/Illuminate/Pipeline/Pipeline.php(219): Illuminate/Foundation/Http/Middleware/TrimStrings->handle(Object(Illuminate/Http/Request), Object(Closure))
#47 C:/Users/josea/Desktop/Proyectois/vendor/laravel/framework/src/Illuminate/Http/Middleware/ValidatePostSize.php(27): Illuminate/Pipeline/Pipeline->{closure:{closure:Illuminate/Pipeline/Pipeline::carry():194}:195}(Object(Illuminate/Http/Request))
#48 C:/Users/josea/Desktop/Proyectois/vendor/laravel/framework/src/Illuminate/Pipeline/Pipeline.php(219): Illuminate/Http/Middleware/ValidatePostSize->handle(Object(Illuminate/Http/Request), Object(Closure))
#49 C:/Users/josea/Desktop/Proyectois/vendor/laravel/framework/src/Illuminate/Foundation/Http/Middleware/PreventRequestsDuringMaintenance.php(110): Illuminate/Pipeline/Pipeline->{closure:{closure:Illuminate/Pipeline/Pipeline::carry():194}:195}(Object(Illuminate/Http/Request))
#50 C:/Users/josea/Desktop/Proyectois/vendor/laravel/framework/src/Illuminate/Pipeline/Pipeline.php(219): Illuminate/Foundation/Http/Middleware/PreventRequestsDuringMaintenance->handle(Object(Illuminate/Http/Request), Object(Closure))
#51 C:/Users/josea/Desktop/Proyectois/vendor/laravel/framework/src/Illuminate/Http/Middleware/HandleCors.php(61): Illuminate/Pipeline/Pipeline->{closure:{closure:Illuminate/Pipeline/Pipeline::carry():194}:195}(Object(Illuminate/Http/Request))
#52 C:/Users/josea/Desktop/Proyectois/vendor/laravel/framework/src/Illuminate/Pipeline/Pipeline.php(219): Illuminate/Http/Middleware/HandleCors->handle(Object(Illuminate/Http/Request), Object(Closure))
#53 C:/Users/josea/Desktop/Proyectois/vendor/laravel/framework/src/Illuminate/Http/Middleware/TrustProxies.php(58): Illuminate/Pipeline/Pipeline->{closure:{closure:Illuminate/Pipeline/Pipeline::carry():194}:195}(Object(Illuminate/Http/Request))
#54 C:/Users/josea/Desktop/Proyectois/vendor/laravel/framework/src/Illuminate/Pipeline/Pipeline.php(219): Illuminate/Http/Middleware/TrustProxies->handle(Object(Illuminate/Http/Request), Object(Closure))
#55 C:/Users/josea/Desktop/Proyectois/vendor/laravel/framework/src/Illuminate/Foundation/Http/Middleware/InvokeDeferredCallbacks.php(22): Illuminate/Pipeline/Pipeline->{closure:{closure:Illuminate/Pipeline/Pipeline::carry():194}:195}(Object(Illuminate/Http/Request))
#56 C:/Users/josea/Desktop/Proyectois/vendor/laravel/framework/src/Illuminate/Pipeline/Pipeline.php(219): Illuminate/Foundation/Http/Middleware/InvokeDeferredCallbacks->handle(Object(Illuminate/Http/Request), Object(Closure))
#57 C:/Users/josea/Desktop/Proyectois/vendor/laravel/framework/src/Illuminate/Http/Middleware/ValidatePathEncoding.php(28): Illuminate/Pipeline/Pipeline->{closure:{closure:Illuminate/Pipeline/Pipeline::carry():194}:195}(Object(Illuminate/Http/Request))
#58 C:/Users/josea/Desktop/Proyectois/vendor/laravel/framework/src/Illuminate/Pipeline/Pipeline.php(219): Illuminate/Http/Middleware/ValidatePathEncoding->handle(Object(Illuminate/Http/Request), Object(Closure))
#59 C:/Users/josea/Desktop/Proyectois/vendor/laravel/framework/src/Illuminate/Pipeline/Pipeline.php(137): Illuminate/Pipeline/Pipeline->{closure:{closure:Illuminate/Pipeline/Pipeline::carry():194}:195}(Object(Illuminate/Http/Request))
#60 C:/Users/josea/Desktop/Proyectois/vendor/laravel/framework/src/Illuminate/Foundation/Http/Kernel.php(175): Illuminate/Pipeline/Pipeline->then(Object(Closure))
#61 C:/Users/josea/Desktop/Proyectois/vendor/laravel/framework/src/Illuminate/Foundation/Http/Kernel.php(144): Illuminate/Foundation/Http/Kernel->sendRequestThroughRouter(Object(Illuminate/Http/Request))
#62 C:/Users/josea/Desktop/Proyectois/vendor/laravel/framework/src/Illuminate/Foundation/Application.php(1227): Illuminate/Foundation/Http/Kernel->handle(Object(Illuminate/Http/Request))
#63 C:/Users/josea/Desktop/Proyectois/public/index.php(17): Illuminate/Foundation/Application->handleRequest(Object(Illuminate/Http/Request))
#64 C:/Users/josea/Desktop/Proyectois/vendor/laravel/framework/src/Illuminate/Foundation/resources/server.php(23): require_once('C://Users//josea//...')
#65 {main}
"} 
[2026-09-19 19:46:06] local.ERROR: preg_match(): Argument #2 ($subject) must be of type string, array given {"exception":"[object] (TypeError(code: 0): preg_match(): Argument #2 ($subject) must be of type string, array given at C:/Users/josea/Desktop/Proyectois/vendor/laravel/framework/src/Illuminate/Database/Eloquent/Concerns/HasAttributes.php:1616)
[stacktrace]
#0 C:/Users/josea/Desktop/Proyectois/vendor/laravel/framework/src/Illuminate/Database/Eloquent/Concerns/HasAttributes.php(1616): preg_match('/^(//d{4})-(//d{1...', Array)
#1 C:/Users/josea/Desktop/Proyectois/vendor/laravel/framework/src/Illuminate/Database/Eloquent/Concerns/HasAttributes.php(1590): Illuminate/Database/Eloquent/Model->isStandardDateFormat(Array)
#2 C:/Users/josea/Desktop/Proyectois/vendor/mongodb/laravel-mongodb/src/Eloquent/DocumentModel.php(168): Illuminate/Database/Eloquent/Model->asDateTime(Array)
#3 C:/Users/josea/Desktop/Proyectois/vendor/laravel/framework/src/Illuminate/Database/Eloquent/Concerns/HasAttributes.php(2435): MongoDB/Laravel/Eloquent/Model->asDateTime(Array)
#4 C:/Users/josea/Desktop/Proyectois/vendor/mongodb/laravel-mongodb/src/Eloquent/DocumentModel.php(219): Illuminate/Database/Eloquent/Model->transformModelValue('created_at', Array)
#5 C:/Users/josea/Desktop/Proyectois/vendor/laravel/framework/src/Illuminate/Database/Eloquent/Concerns/HasAttributes.php(541): MongoDB/Laravel/Eloquent/Model->transformModelValue('created_at', Array)
#6 C:/Users/josea/Desktop/Proyectois/vendor/laravel/framework/src/Illuminate/Database/Eloquent/Concerns/HasAttributes.php(495): Illuminate/Database/Eloquent/Model->getAttributeValue('created_at')
#7 C:/Users/josea/Desktop/Proyectois/vendor/mongodb/laravel-mongodb/src/Eloquent/DocumentModel.php(213): Illuminate/Database/Eloquent/Model->getAttribute('created_at')
#8 C:/Users/josea/Desktop/Proyectois/vendor/laravel/framework/src/Illuminate/Database/Eloquent/Model.php(2749): MongoDB/Laravel/Eloquent/Model->getAttribute('created_at')
#9 C:/Users/josea/Desktop/Proyectois/app/Http/Controllers/PurchaseOrderController.php(50): Illuminate/Database/Eloquent/Model->__get('created_at')
#10 [internal function]: App/Http/Controllers/PurchaseOrderController->{closure:App/Http/Controllers/PurchaseOrderController::index():46}(Object(App/Models/PurchaseOrder), 0)
#11 C:/Users/josea/Desktop/Proyectois/vendor/laravel/framework/src/Illuminate/Collections/Arr.php(858): array_map(Object(Closure), Array, Array)
#12 C:/Users/josea/Desktop/Proyectois/vendor/laravel/framework/src/Illuminate/Collections/Collection.php(831): Illuminate/Support/Arr::map(Array, Object(Closure))
#13 C:/Users/josea/Desktop/Proyectois/app/Http/Controllers/PurchaseOrderController.php(46): Illuminate/Support/Collection->map(Object(Closure))
#14 C:/Users/josea/Desktop/Proyectois/vendor/laravel/framework/src/Illuminate/Routing/ControllerDispatcher.php(46): App/Http/Controllers/PurchaseOrderController->index(Object(Illuminate/Http/Request))
#15 C:/Users/josea/Desktop/Proyectois/vendor/laravel/framework/src/Illuminate/Routing/Route.php(276): Illuminate/Routing/ControllerDispatcher->dispatch(Object(Illuminate/Routing/Route), Object(App/Http/Controllers/PurchaseOrderController), 'index')
#16 C:/Users/josea/Desktop/Proyectois/vendor/laravel/framework/src/Illuminate/Routing/Route.php(216): Illuminate/Routing/Route->runController()
#17 C:/Users/josea/Desktop/Proyectois/vendor/laravel/framework/src/Illuminate/Routing/Router.php(822): Illuminate/Routing/Route->run()
#18 C:/Users/josea/Desktop/Proyectois/vendor/laravel/framework/src/Illuminate/Pipeline/Pipeline.php(180): Illuminate/Routing/Router->{closure:Illuminate/Routing/Router::runRouteWithinStack():821}(Object(Illuminate/Http/Request))
#19 C:/Users/josea/Desktop/Proyectois/vendor/inertiajs/inertia-laravel/src/Middleware.php(122): Illuminate/Pipeline/Pipeline->{closure:Illuminate/Pipeline/Pipeline::prepareDestination():178}(Object(Illuminate/Http/Request))
#20 C:/Users/josea/Desktop/Proyectois/vendor/laravel/framework/src/Illuminate/Pipeline/Pipeline.php(219): Inertia/Middleware->handle(Object(Illuminate/Http/Request), Object(Closure))
#21 C:/Users/josea/Desktop/Proyectois/vendor/laravel/framework/src/Illuminate/Routing/Middleware/SubstituteBindings.php(52): Illuminate/Pipeline/Pipeline->{closure:{closure:Illuminate/Pipeline/Pipeline::carry():194}:195}(Object(Illuminate/Http/Request))
#22 C:/Users/josea/Desktop/Proyectois/vendor/laravel/framework/src/Illuminate/Pipeline/Pipeline.php(219): Illuminate/Routing/Middleware/SubstituteBindings->handle(Object(Illuminate/Http/Request), Object(Closure))
#23 C:/Users/josea/Desktop/Proyectois/vendor/laravel/framework/src/Illuminate/Foundation/Http/Middleware/PreventRequestForgery.php(104): Illuminate/Pipeline/Pipeline->{closure:{closure:Illuminate/Pipeline/Pipeline::carry():194}:195}(Object(Illuminate/Http/Request))
#24 C:/Users/josea/Desktop/Proyectois/vendor/laravel/framework/src/Illuminate/Pipeline/Pipeline.php(219): Illuminate/Foundation/Http/Middleware/PreventRequestForgery->handle(Object(Illuminate/Http/Request), Object(Closure))
#25 C:/Users/josea/Desktop/Proyectois/vendor/laravel/framework/src/Illuminate/View/Middleware/ShareErrorsFromSession.php(48): Illuminate/Pipeline/Pipeline->{closure:{closure:Illuminate/Pipeline/Pipeline::carry():194}:195}(Object(Illuminate/Http/Request))
#26 C:/Users/josea/Desktop/Proyectois/vendor/laravel/framework/src/Illuminate/Pipeline/Pipeline.php(219): Illuminate/View/Middleware/ShareErrorsFromSession->handle(Object(Illuminate/Http/Request), Object(Closure))
#27 C:/Users/josea/Desktop/Proyectois/vendor/laravel/framework/src/Illuminate/Session/Middleware/StartSession.php(120): Illuminate/Pipeline/Pipeline->{closure:{closure:Illuminate/Pipeline/Pipeline::carry():194}:195}(Object(Illuminate/Http/Request))
#28 C:/Users/josea/Desktop/Proyectois/vendor/laravel/framework/src/Illuminate/Session/Middleware/StartSession.php(63): Illuminate/Session/Middleware/StartSession->handleStatefulRequest(Object(Illuminate/Http/Request), Object(Illuminate/Session/Store), Object(Closure))
#29 C:/Users/josea/Desktop/Proyectois/vendor/laravel/framework/src/Illuminate/Pipeline/Pipeline.php(219): Illuminate/Session/Middleware/StartSession->handle(Object(Illuminate/Http/Request), Object(Closure))
#30 C:/Users/josea/Desktop/Proyectois/vendor/laravel/framework/src/Illuminate/Cookie/Middleware/AddQueuedCookiesToResponse.php(36): Illuminate/Pipeline/Pipeline->{closure:{closure:Illuminate/Pipeline/Pipeline::carry():194}:195}(Object(Illuminate/Http/Request))
#31 C:/Users/josea/Desktop/Proyectois/vendor/laravel/framework/src/Illuminate/Pipeline/Pipeline.php(219): Illuminate/Cookie/Middleware/AddQueuedCookiesToResponse->handle(Object(Illuminate/Http/Request), Object(Closure))
#32 C:/Users/josea/Desktop/Proyectois/vendor/laravel/framework/src/Illuminate/Cookie/Middleware/EncryptCookies.php(74): Illuminate/Pipeline/Pipeline->{closure:{closure:Illuminate/Pipeline/Pipeline::carry():194}:195}(Object(Illuminate/Http/Request))
#33 C:/Users/josea/Desktop/Proyectois/vendor/laravel/framework/src/Illuminate/Pipeline/Pipeline.php(219): Illuminate/Cookie/Middleware/EncryptCookies->handle(Object(Illuminate/Http/Request), Object(Closure))
#34 C:/Users/josea/Desktop/Proyectois/vendor/laravel/framework/src/Illuminate/Pipeline/Pipeline.php(137): Illuminate/Pipeline/Pipeline->{closure:{closure:Illuminate/Pipeline/Pipeline::carry():194}:195}(Object(Illuminate/Http/Request))
#35 C:/Users/josea/Desktop/Proyectois/vendor/laravel/framework/src/Illuminate/Routing/Router.php(821): Illuminate/Pipeline/Pipeline->then(Object(Closure))
#36 C:/Users/josea/Desktop/Proyectois/vendor/laravel/framework/src/Illuminate/Routing/Router.php(800): Illuminate/Routing/Router->runRouteWithinStack(Object(Illuminate/Routing/Route), Object(Illuminate/Http/Request))
#37 C:/Users/josea/Desktop/Proyectois/vendor/laravel/framework/src/Illuminate/Routing/Router.php(764): Illuminate/Routing/Router->runRoute(Object(Illuminate/Http/Request), Object(Illuminate/Routing/Route))
#38 C:/Users/josea/Desktop/Proyectois/vendor/laravel/framework/src/Illuminate/Routing/Router.php(753): Illuminate/Routing/Router->dispatchToRoute(Object(Illuminate/Http/Request))
#39 C:/Users/josea/Desktop/Proyectois/vendor/laravel/framework/src/Illuminate/Foundation/Http/Kernel.php(200): Illuminate/Routing/Router->dispatch(Object(Illuminate/Http/Request))
#40 C:/Users/josea/Desktop/Proyectois/vendor/laravel/framework/src/Illuminate/Pipeline/Pipeline.php(180): Illuminate/Foundation/Http/Kernel->{closure:Illuminate/Foundation/Http/Kernel::dispatchToRouter():197}(Object(Illuminate/Http/Request))
#41 C:/Users/josea/Desktop/Proyectois/vendor/laravel/framework/src/Illuminate/Foundation/Http/Middleware/TransformsRequest.php(21): Illuminate/Pipeline/Pipeline->{closure:Illuminate/Pipeline/Pipeline::prepareDestination():178}(Object(Illuminate/Http/Request))
#42 C:/Users/josea/Desktop/Proyectois/vendor/laravel/framework/src/Illuminate/Foundation/Http/Middleware/ConvertEmptyStringsToNull.php(31): Illuminate/Foundation/Http/Middleware/TransformsRequest->handle(Object(Illuminate/Http/Request), Object(Closure))
#43 C:/Users/josea/Desktop/Proyectois/vendor/laravel/framework/src/Illuminate/Pipeline/Pipeline.php(219): Illuminate/Foundation/Http/Middleware/ConvertEmptyStringsToNull->handle(Object(Illuminate/Http/Request), Object(Closure))
#44 C:/Users/josea/Desktop/Proyectois/vendor/laravel/framework/src/Illuminate/Foundation/Http/Middleware/TransformsRequest.php(21): Illuminate/Pipeline/Pipeline->{closure:{closure:Illuminate/Pipeline/Pipeline::carry():194}:195}(Object(Illuminate/Http/Request))
#45 C:/Users/josea/Desktop/Proyectois/vendor/laravel/framework/src/Illuminate/Foundation/Http/Middleware/TrimStrings.php(51): Illuminate/Foundation/Http/Middleware/TransformsRequest->handle(Object(Illuminate/Http/Request), Object(Closure))
#46 C:/Users/josea/Desktop/Proyectois/vendor/laravel/framework/src/Illuminate/Pipeline/Pipeline.php(219): Illuminate/Foundation/Http/Middleware/TrimStrings->handle(Object(Illuminate/Http/Request), Object(Closure))
#47 C:/Users/josea/Desktop/Proyectois/vendor/laravel/framework/src/Illuminate/Http/Middleware/ValidatePostSize.php(27): Illuminate/Pipeline/Pipeline->{closure:{closure:Illuminate/Pipeline/Pipeline::carry():194}:195}(Object(Illuminate/Http/Request))
#48 C:/Users/josea/Desktop/Proyectois/vendor/laravel/framework/src/Illuminate/Pipeline/Pipeline.php(219): Illuminate/Http/Middleware/ValidatePostSize->handle(Object(Illuminate/Http/Request), Object(Closure))
#49 C:/Users/josea/Desktop/Proyectois/vendor/laravel/framework/src/Illuminate/Foundation/Http/Middleware/PreventRequestsDuringMaintenance.php(110): Illuminate/Pipeline/Pipeline->{closure:{closure:Illuminate/Pipeline/Pipeline::carry():194}:195}(Object(Illuminate/Http/Request))
#50 C:/Users/josea/Desktop/Proyectois/vendor/laravel/framework/src/Illuminate/Pipeline/Pipeline.php(219): Illuminate/Foundation/Http/Middleware/PreventRequestsDuringMaintenance->handle(Object(Illuminate/Http/Request), Object(Closure))
#51 C:/Users/josea/Desktop/Proyectois/vendor/laravel/framework/src/Illuminate/Http/Middleware/HandleCors.php(61): Illuminate/Pipeline/Pipeline->{closure:{closure:Illuminate/Pipeline/Pipeline::carry():194}:195}(Object(Illuminate/Http/Request))
#52 C:/Users/josea/Desktop/Proyectois/vendor/laravel/framework/src/Illuminate/Pipeline/Pipeline.php(219): Illuminate/Http/Middleware/HandleCors->handle(Object(Illuminate/Http/Request), Object(Closure))
#53 C:/Users/josea/Desktop/Proyectois/vendor/laravel/framework/src/Illuminate/Http/Middleware/TrustProxies.php(58): Illuminate/Pipeline/Pipeline->{closure:{closure:Illuminate/Pipeline/Pipeline::carry():194}:195}(Object(Illuminate/Http/Request))
#54 C:/Users/josea/Desktop/Proyectois/vendor/laravel/framework/src/Illuminate/Pipeline/Pipeline.php(219): Illuminate/Http/Middleware/TrustProxies->handle(Object(Illuminate/Http/Request), Object(Closure))
#55 C:/Users/josea/Desktop/Proyectois/vendor/laravel/framework/src/Illuminate/Foundation/Http/Middleware/InvokeDeferredCallbacks.php(22): Illuminate/Pipeline/Pipeline->{closure:{closure:Illuminate/Pipeline/Pipeline::carry():194}:195}(Object(Illuminate/Http/Request))
#56 C:/Users/josea/Desktop/Proyectois/vendor/laravel/framework/src/Illuminate/Pipeline/Pipeline.php(219): Illuminate/Foundation/Http/Middleware/InvokeDeferredCallbacks->handle(Object(Illuminate/Http/Request), Object(Closure))
#57 C:/Users/josea/Desktop/Proyectois/vendor/laravel/framework/src/Illuminate/Http/Middleware/ValidatePathEncoding.php(28): Illuminate/Pipeline/Pipeline->{closure:{closure:Illuminate/Pipeline/Pipeline::carry():194}:195}(Object(Illuminate/Http/Request))
#58 C:/Users/josea/Desktop/Proyectois/vendor/laravel/framework/src/Illuminate/Pipeline/Pipeline.php(219): Illuminate/Http/Middleware/ValidatePathEncoding->handle(Object(Illuminate/Http/Request), Object(Closure))
#59 C:/Users/josea/Desktop/Proyectois/vendor/laravel/framework/src/Illuminate/Pipeline/Pipeline.php(137): Illuminate/Pipeline/Pipeline->{closure:{closure:Illuminate/Pipeline/Pipeline::carry():194}:195}(Object(Illuminate/Http/Request))
#60 C:/Users/josea/Desktop/Proyectois/vendor/laravel/framework/src/Illuminate/Foundation/Http/Kernel.php(175): Illuminate/Pipeline/Pipeline->then(Object(Closure))
#61 C:/Users/josea/Desktop/Proyectois/vendor/laravel/framework/src/Illuminate/Foundation/Http/Kernel.php(144): Illuminate/Foundation/Http/Kernel->sendRequestThroughRouter(Object(Illuminate/Http/Request))
#62 C:/Users/josea/Desktop/Proyectois/vendor/laravel/framework/src/Illuminate/Foundation/Application.php(1227): Illuminate/Foundation/Http/Kernel->handle(Object(Illuminate/Http/Request))
#63 C:/Users/josea/Desktop/Proyectois/public/index.php(17): Illuminate/Foundation/Application->handleRequest(Object(Illuminate/Http/Request))
#64 C:/Users/josea/Desktop/Proyectois/vendor/laravel/framework/src/Illuminate/Foundation/resources/server.php(23): require_once('C://Users//josea//...')
#65 {main}
"} 
[2026-09-19 19:46:25] local.ERROR: preg_match(): Argument #2 ($subject) must be of type string, array given {"exception":"[object] (TypeError(code: 0): preg_match(): Argument #2 ($subject) must be of type string, array given at C:/Users/josea/Desktop/Proyectois/vendor/laravel/framework/src/Illuminate/Database/Eloquent/Concerns/HasAttributes.php:1616)
[stacktrace]
#0 C:/Users/josea/Desktop/Proyectois/vendor/laravel/framework/src/Illuminate/Database/Eloquent/Concerns/HasAttributes.php(1616): preg_match('/^(//d{4})-(//d{1...', Array)
#1 C:/Users/josea/Desktop/Proyectois/vendor/laravel/framework/src/Illuminate/Database/Eloquent/Concerns/HasAttributes.php(1590): Illuminate/Database/Eloquent/Model->isStandardDateFormat(Array)
#2 C:/Users/josea/Desktop/Proyectois/vendor/mongodb/laravel-mongodb/src/Eloquent/DocumentModel.php(168): Illuminate/Database/Eloquent/Model->asDateTime(Array)
#3 C:/Users/josea/Desktop/Proyectois/vendor/laravel/framework/src/Illuminate/Database/Eloquent/Concerns/HasAttributes.php(2435): MongoDB/Laravel/Eloquent/Model->asDateTime(Array)
#4 C:/Users/josea/Desktop/Proyectois/vendor/mongodb/laravel-mongodb/src/Eloquent/DocumentModel.php(219): Illuminate/Database/Eloquent/Model->transformModelValue('created_at', Array)
#5 C:/Users/josea/Desktop/Proyectois/vendor/laravel/framework/src/Illuminate/Database/Eloquent/Concerns/HasAttributes.php(541): MongoDB/Laravel/Eloquent/Model->transformModelValue('created_at', Array)
#6 C:/Users/josea/Desktop/Proyectois/vendor/laravel/framework/src/Illuminate/Database/Eloquent/Concerns/HasAttributes.php(495): Illuminate/Database/Eloquent/Model->getAttributeValue('created_at')
#7 C:/Users/josea/Desktop/Proyectois/vendor/mongodb/laravel-mongodb/src/Eloquent/DocumentModel.php(213): Illuminate/Database/Eloquent/Model->getAttribute('created_at')
#8 C:/Users/josea/Desktop/Proyectois/vendor/laravel/framework/src/Illuminate/Database/Eloquent/Model.php(2749): MongoDB/Laravel/Eloquent/Model->getAttribute('created_at')
#9 C:/Users/josea/Desktop/Proyectois/app/Http/Controllers/PurchaseOrderController.php(50): Illuminate/Database/Eloquent/Model->__get('created_at')
#10 [internal function]: App/Http/Controllers/PurchaseOrderController->{closure:App/Http/Controllers/PurchaseOrderController::index():46}(Object(App/Models/PurchaseOrder), 0)
#11 C:/Users/josea/Desktop/Proyectois/vendor/laravel/framework/src/Illuminate/Collections/Arr.php(858): array_map(Object(Closure), Array, Array)
#12 C:/Users/josea/Desktop/Proyectois/vendor/laravel/framework/src/Illuminate/Collections/Collection.php(831): Illuminate/Support/Arr::map(Array, Object(Closure))
#13 C:/Users/josea/Desktop/Proyectois/app/Http/Controllers/PurchaseOrderController.php(46): Illuminate/Support/Collection->map(Object(Closure))
#14 C:/Users/josea/Desktop/Proyectois/vendor/laravel/framework/src/Illuminate/Routing/ControllerDispatcher.php(46): App/Http/Controllers/PurchaseOrderController->index(Object(Illuminate/Http/Request))
#15 C:/Users/josea/Desktop/Proyectois/vendor/laravel/framework/src/Illuminate/Routing/Route.php(276): Illuminate/Routing/ControllerDispatcher->dispatch(Object(Illuminate/Routing/Route), Object(App/Http/Controllers/PurchaseOrderController), 'index')
#16 C:/Users/josea/Desktop/Proyectois/vendor/laravel/framework/src/Illuminate/Routing/Route.php(216): Illuminate/Routing/Route->runController()
#17 C:/Users/josea/Desktop/Proyectois/vendor/laravel/framework/src/Illuminate/Routing/Router.php(822): Illuminate/Routing/Route->run()
#18 C:/Users/josea/Desktop/Proyectois/vendor/laravel/framework/src/Illuminate/Pipeline/Pipeline.php(180): Illuminate/Routing/Router->{closure:Illuminate/Routing/Router::runRouteWithinStack():821}(Object(Illuminate/Http/Request))
#19 C:/Users/josea/Desktop/Proyectois/vendor/inertiajs/inertia-laravel/src/Middleware.php(122): Illuminate/Pipeline/Pipeline->{closure:Illuminate/Pipeline/Pipeline::prepareDestination():178}(Object(Illuminate/Http/Request))
#20 C:/Users/josea/Desktop/Proyectois/vendor/laravel/framework/src/Illuminate/Pipeline/Pipeline.php(219): Inertia/Middleware->handle(Object(Illuminate/Http/Request), Object(Closure))
#21 C:/Users/josea/Desktop/Proyectois/vendor/laravel/framework/src/Illuminate/Routing/Middleware/SubstituteBindings.php(52): Illuminate/Pipeline/Pipeline->{closure:{closure:Illuminate/Pipeline/Pipeline::carry():194}:195}(Object(Illuminate/Http/Request))
#22 C:/Users/josea/Desktop/Proyectois/vendor/laravel/framework/src/Illuminate/Pipeline/Pipeline.php(219): Illuminate/Routing/Middleware/SubstituteBindings->handle(Object(Illuminate/Http/Request), Object(Closure))
#23 C:/Users/josea/Desktop/Proyectois/vendor/laravel/framework/src/Illuminate/Foundation/Http/Middleware/PreventRequestForgery.php(104): Illuminate/Pipeline/Pipeline->{closure:{closure:Illuminate/Pipeline/Pipeline::carry():194}:195}(Object(Illuminate/Http/Request))
#24 C:/Users/josea/Desktop/Proyectois/vendor/laravel/framework/src/Illuminate/Pipeline/Pipeline.php(219): Illuminate/Foundation/Http/Middleware/PreventRequestForgery->handle(Object(Illuminate/Http/Request), Object(Closure))
#25 C:/Users/josea/Desktop/Proyectois/vendor/laravel/framework/src/Illuminate/View/Middleware/ShareErrorsFromSession.php(48): Illuminate/Pipeline/Pipeline->{closure:{closure:Illuminate/Pipeline/Pipeline::carry():194}:195}(Object(Illuminate/Http/Request))
#26 C:/Users/josea/Desktop/Proyectois/vendor/laravel/framework/src/Illuminate/Pipeline/Pipeline.php(219): Illuminate/View/Middleware/ShareErrorsFromSession->handle(Object(Illuminate/Http/Request), Object(Closure))
#27 C:/Users/josea/Desktop/Proyectois/vendor/laravel/framework/src/Illuminate/Session/Middleware/StartSession.php(120): Illuminate/Pipeline/Pipeline->{closure:{closure:Illuminate/Pipeline/Pipeline::carry():194}:195}(Object(Illuminate/Http/Request))
#28 C:/Users/josea/Desktop/Proyectois/vendor/laravel/framework/src/Illuminate/Session/Middleware/StartSession.php(63): Illuminate/Session/Middleware/StartSession->handleStatefulRequest(Object(Illuminate/Http/Request), Object(Illuminate/Session/Store), Object(Closure))
#29 C:/Users/josea/Desktop/Proyectois/vendor/laravel/framework/src/Illuminate/Pipeline/Pipeline.php(219): Illuminate/Session/Middleware/StartSession->handle(Object(Illuminate/Http/Request), Object(Closure))
#30 C:/Users/josea/Desktop/Proyectois/vendor/laravel/framework/src/Illuminate/Cookie/Middleware/AddQueuedCookiesToResponse.php(36): Illuminate/Pipeline/Pipeline->{closure:{closure:Illuminate/Pipeline/Pipeline::carry():194}:195}(Object(Illuminate/Http/Request))
#31 C:/Users/josea/Desktop/Proyectois/vendor/laravel/framework/src/Illuminate/Pipeline/Pipeline.php(219): Illuminate/Cookie/Middleware/AddQueuedCookiesToResponse->handle(Object(Illuminate/Http/Request), Object(Closure))
#32 C:/Users/josea/Desktop/Proyectois/vendor/laravel/framework/src/Illuminate/Cookie/Middleware/EncryptCookies.php(74): Illuminate/Pipeline/Pipeline->{closure:{closure:Illuminate/Pipeline/Pipeline::carry():194}:195}(Object(Illuminate/Http/Request))
#33 C:/Users/josea/Desktop/Proyectois/vendor/laravel/framework/src/Illuminate/Pipeline/Pipeline.php(219): Illuminate/Cookie/Middleware/EncryptCookies->handle(Object(Illuminate/Http/Request), Object(Closure))
#34 C:/Users/josea/Desktop/Proyectois/vendor/laravel/framework/src/Illuminate/Pipeline/Pipeline.php(137): Illuminate/Pipeline/Pipeline->{closure:{closure:Illuminate/Pipeline/Pipeline::carry():194}:195}(Object(Illuminate/Http/Request))
#35 C:/Users/josea/Desktop/Proyectois/vendor/laravel/framework/src/Illuminate/Routing/Router.php(821): Illuminate/Pipeline/Pipeline->then(Object(Closure))
#36 C:/Users/josea/Desktop/Proyectois/vendor/laravel/framework/src/Illuminate/Routing/Router.php(800): Illuminate/Routing/Router->runRouteWithinStack(Object(Illuminate/Routing/Route), Object(Illuminate/Http/Request))
#37 C:/Users/josea/Desktop/Proyectois/vendor/laravel/framework/src/Illuminate/Routing/Router.php(764): Illuminate/Routing/Router->runRoute(Object(Illuminate/Http/Request), Object(Illuminate/Routing/Route))
#38 C:/Users/josea/Desktop/Proyectois/vendor/laravel/framework/src/Illuminate/Routing/Router.php(753): Illuminate/Routing/Router->dispatchToRoute(Object(Illuminate/Http/Request))
#39 C:/Users/josea/Desktop/Proyectois/vendor/laravel/framework/src/Illuminate/Foundation/Http/Kernel.php(200): Illuminate/Routing/Router->dispatch(Object(Illuminate/Http/Request))
#40 C:/Users/josea/Desktop/Proyectois/vendor/laravel/framework/src/Illuminate/Pipeline/Pipeline.php(180): Illuminate/Foundation/Http/Kernel->{closure:Illuminate/Foundation/Http/Kernel::dispatchToRouter():197}(Object(Illuminate/Http/Request))
#41 C:/Users/josea/Desktop/Proyectois/vendor/laravel/framework/src/Illuminate/Foundation/Http/Middleware/TransformsRequest.php(21): Illuminate/Pipeline/Pipeline->{closure:Illuminate/Pipeline/Pipeline::prepareDestination():178}(Object(Illuminate/Http/Request))
#42 C:/Users/josea/Desktop/Proyectois/vendor/laravel/framework/src/Illuminate/Foundation/Http/Middleware/ConvertEmptyStringsToNull.php(31): Illuminate/Foundation/Http/Middleware/TransformsRequest->handle(Object(Illuminate/Http/Request), Object(Closure))
#43 C:/Users/josea/Desktop/Proyectois/vendor/laravel/framework/src/Illuminate/Pipeline/Pipeline.php(219): Illuminate/Foundation/Http/Middleware/ConvertEmptyStringsToNull->handle(Object(Illuminate/Http/Request), Object(Closure))
#44 C:/Users/josea/Desktop/Proyectois/vendor/laravel/framework/src/Illuminate/Foundation/Http/Middleware/TransformsRequest.php(21): Illuminate/Pipeline/Pipeline->{closure:{closure:Illuminate/Pipeline/Pipeline::carry():194}:195}(Object(Illuminate/Http/Request))
#45 C:/Users/josea/Desktop/Proyectois/vendor/laravel/framework/src/Illuminate/Foundation/Http/Middleware/TrimStrings.php(51): Illuminate/Foundation/Http/Middleware/TransformsRequest->handle(Object(Illuminate/Http/Request), Object(Closure))
#46 C:/Users/josea/Desktop/Proyectois/vendor/laravel/framework/src/Illuminate/Pipeline/Pipeline.php(219): Illuminate/Foundation/Http/Middleware/TrimStrings->handle(Object(Illuminate/Http/Request), Object(Closure))
#47 C:/Users/josea/Desktop/Proyectois/vendor/laravel/framework/src/Illuminate/Http/Middleware/ValidatePostSize.php(27): Illuminate/Pipeline/Pipeline->{closure:{closure:Illuminate/Pipeline/Pipeline::carry():194}:195}(Object(Illuminate/Http/Request))
#48 C:/Users/josea/Desktop/Proyectois/vendor/laravel/framework/src/Illuminate/Pipeline/Pipeline.php(219): Illuminate/Http/Middleware/ValidatePostSize->handle(Object(Illuminate/Http/Request), Object(Closure))
#49 C:/Users/josea/Desktop/Proyectois/vendor/laravel/framework/src/Illuminate/Foundation/Http/Middleware/PreventRequestsDuringMaintenance.php(110): Illuminate/Pipeline/Pipeline->{closure:{closure:Illuminate/Pipeline/Pipeline::carry():194}:195}(Object(Illuminate/Http/Request))
#50 C:/Users/josea/Desktop/Proyectois/vendor/laravel/framework/src/Illuminate/Pipeline/Pipeline.php(219): Illuminate/Foundation/Http/Middleware/PreventRequestsDuringMaintenance->handle(Object(Illuminate/Http/Request), Object(Closure))
#51 C:/Users/josea/Desktop/Proyectois/vendor/laravel/framework/src/Illuminate/Http/Middleware/HandleCors.php(61): Illuminate/Pipeline/Pipeline->{closure:{closure:Illuminate/Pipeline/Pipeline::carry():194}:195}(Object(Illuminate/Http/Request))
#52 C:/Users/josea/Desktop/Proyectois/vendor/laravel/framework/src/Illuminate/Pipeline/Pipeline.php(219): Illuminate/Http/Middleware/HandleCors->handle(Object(Illuminate/Http/Request), Object(Closure))
#53 C:/Users/josea/Desktop/Proyectois/vendor/laravel/framework/src/Illuminate/Http/Middleware/TrustProxies.php(58): Illuminate/Pipeline/Pipeline->{closure:{closure:Illuminate/Pipeline/Pipeline::carry():194}:195}(Object(Illuminate/Http/Request))
#54 C:/Users/josea/Desktop/Proyectois/vendor/laravel/framework/src/Illuminate/Pipeline/Pipeline.php(219): Illuminate/Http/Middleware/TrustProxies->handle(Object(Illuminate/Http/Request), Object(Closure))
#55 C:/Users/josea/Desktop/Proyectois/vendor/laravel/framework/src/Illuminate/Foundation/Http/Middleware/InvokeDeferredCallbacks.php(22): Illuminate/Pipeline/Pipeline->{closure:{closure:Illuminate/Pipeline/Pipeline::carry():194}:195}(Object(Illuminate/Http/Request))
#56 C:/Users/josea/Desktop/Proyectois/vendor/laravel/framework/src/Illuminate/Pipeline/Pipeline.php(219): Illuminate/Foundation/Http/Middleware/InvokeDeferredCallbacks->handle(Object(Illuminate/Http/Request), Object(Closure))
#57 C:/Users/josea/Desktop/Proyectois/vendor/laravel/framework/src/Illuminate/Http/Middleware/ValidatePathEncoding.php(28): Illuminate/Pipeline/Pipeline->{closure:{closure:Illuminate/Pipeline/Pipeline::carry():194}:195}(Object(Illuminate/Http/Request))
#58 C:/Users/josea/Desktop/Proyectois/vendor/laravel/framework/src/Illuminate/Pipeline/Pipeline.php(219): Illuminate/Http/Middleware/ValidatePathEncoding->handle(Object(Illuminate/Http/Request), Object(Closure))
#59 C:/Users/josea/Desktop/Proyectois/vendor/laravel/framework/src/Illuminate/Pipeline/Pipeline.php(137): Illuminate/Pipeline/Pipeline->{closure:{closure:Illuminate/Pipeline/Pipeline::carry():194}:195}(Object(Illuminate/Http/Request))
#60 C:/Users/josea/Desktop/Proyectois/vendor/laravel/framework/src/Illuminate/Foundation/Http/Kernel.php(175): Illuminate/Pipeline/Pipeline->then(Object(Closure))
#61 C:/Users/josea/Desktop/Proyectois/vendor/laravel/framework/src/Illuminate/Foundation/Http/Kernel.php(144): Illuminate/Foundation/Http/Kernel->sendRequestThroughRouter(Object(Illuminate/Http/Request))
#62 C:/Users/josea/Desktop/Proyectois/vendor/laravel/framework/src/Illuminate/Foundation/Application.php(1227): Illuminate/Foundation/Http/Kernel->handle(Object(Illuminate/Http/Request))
#63 C:/Users/josea/Desktop/Proyectois/public/index.php(17): Illuminate/Foundation/Application->handleRequest(Object(Illuminate/Http/Request))
#64 C:/Users/josea/Desktop/Proyectois/vendor/laravel/framework/src/Illuminate/Foundation/resources/server.php(23): require_once('C://Users//josea//...')
#65 {main}
"} 
[2026-09-19 19:46:35] local.ERROR: preg_match(): Argument #2 ($subject) must be of type string, array given {"exception":"[object] (TypeError(code: 0): preg_match(): Argument #2 ($subject) must be of type string, array given at C:/Users/josea/Desktop/Proyectois/vendor/laravel/framework/src/Illuminate/Database/Eloquent/Concerns/HasAttributes.php:1616)
[stacktrace]
#0 C:/Users/josea/Desktop/Proyectois/vendor/laravel/framework/src/Illuminate/Database/Eloquent/Concerns/HasAttributes.php(1616): preg_match('/^(//d{4})-(//d{1...', Array)
#1 C:/Users/josea/Desktop/Proyectois/vendor/laravel/framework/src/Illuminate/Database/Eloquent/Concerns/HasAttributes.php(1590): Illuminate/Database/Eloquent/Model->isStandardDateFormat(Array)
#2 C:/Users/josea/Desktop/Proyectois/vendor/mongodb/laravel-mongodb/src/Eloquent/DocumentModel.php(168): Illuminate/Database/Eloquent/Model->asDateTime(Array)
#3 C:/Users/josea/Desktop/Proyectois/vendor/laravel/framework/src/Illuminate/Database/Eloquent/Concerns/HasAttributes.php(2435): MongoDB/Laravel/Eloquent/Model->asDateTime(Array)
#4 C:/Users/josea/Desktop/Proyectois/vendor/mongodb/laravel-mongodb/src/Eloquent/DocumentModel.php(219): Illuminate/Database/Eloquent/Model->transformModelValue('created_at', Array)
#5 C:/Users/josea/Desktop/Proyectois/vendor/laravel/framework/src/Illuminate/Database/Eloquent/Concerns/HasAttributes.php(541): MongoDB/Laravel/Eloquent/Model->transformModelValue('created_at', Array)
#6 C:/Users/josea/Desktop/Proyectois/vendor/laravel/framework/src/Illuminate/Database/Eloquent/Concerns/HasAttributes.php(495): Illuminate/Database/Eloquent/Model->getAttributeValue('created_at')
#7 C:/Users/josea/Desktop/Proyectois/vendor/mongodb/laravel-mongodb/src/Eloquent/DocumentModel.php(213): Illuminate/Database/Eloquent/Model->getAttribute('created_at')
#8 C:/Users/josea/Desktop/Proyectois/vendor/laravel/framework/src/Illuminate/Database/Eloquent/Model.php(2749): MongoDB/Laravel/Eloquent/Model->getAttribute('created_at')
#9 C:/Users/josea/Desktop/Proyectois/app/Http/Controllers/PurchaseOrderController.php(50): Illuminate/Database/Eloquent/Model->__get('created_at')
#10 [internal function]: App/Http/Controllers/PurchaseOrderController->{closure:App/Http/Controllers/PurchaseOrderController::index():46}(Object(App/Models/PurchaseOrder), 0)
#11 C:/Users/josea/Desktop/Proyectois/vendor/laravel/framework/src/Illuminate/Collections/Arr.php(858): array_map(Object(Closure), Array, Array)
#12 C:/Users/josea/Desktop/Proyectois/vendor/laravel/framework/src/Illuminate/Collections/Collection.php(831): Illuminate/Support/Arr::map(Array, Object(Closure))
#13 C:/Users/josea/Desktop/Proyectois/app/Http/Controllers/PurchaseOrderController.php(46): Illuminate/Support/Collection->map(Object(Closure))
#14 C:/Users/josea/Desktop/Proyectois/vendor/laravel/framework/src/Illuminate/Routing/ControllerDispatcher.php(46): App/Http/Controllers/PurchaseOrderController->index(Object(Illuminate/Http/Request))
#15 C:/Users/josea/Desktop/Proyectois/vendor/laravel/framework/src/Illuminate/Routing/Route.php(276): Illuminate/Routing/ControllerDispatcher->dispatch(Object(Illuminate/Routing/Route), Object(App/Http/Controllers/PurchaseOrderController), 'index')
#16 C:/Users/josea/Desktop/Proyectois/vendor/laravel/framework/src/Illuminate/Routing/Route.php(216): Illuminate/Routing/Route->runController()
#17 C:/Users/josea/Desktop/Proyectois/vendor/laravel/framework/src/Illuminate/Routing/Router.php(822): Illuminate/Routing/Route->run()
#18 C:/Users/josea/Desktop/Proyectois/vendor/laravel/framework/src/Illuminate/Pipeline/Pipeline.php(180): Illuminate/Routing/Router->{closure:Illuminate/Routing/Router::runRouteWithinStack():821}(Object(Illuminate/Http/Request))
#19 C:/Users/josea/Desktop/Proyectois/vendor/inertiajs/inertia-laravel/src/Middleware.php(122): Illuminate/Pipeline/Pipeline->{closure:Illuminate/Pipeline/Pipeline::prepareDestination():178}(Object(Illuminate/Http/Request))
#20 C:/Users/josea/Desktop/Proyectois/vendor/laravel/framework/src/Illuminate/Pipeline/Pipeline.php(219): Inertia/Middleware->handle(Object(Illuminate/Http/Request), Object(Closure))
#21 C:/Users/josea/Desktop/Proyectois/vendor/laravel/framework/src/Illuminate/Routing/Middleware/SubstituteBindings.php(52): Illuminate/Pipeline/Pipeline->{closure:{closure:Illuminate/Pipeline/Pipeline::carry():194}:195}(Object(Illuminate/Http/Request))
#22 C:/Users/josea/Desktop/Proyectois/vendor/laravel/framework/src/Illuminate/Pipeline/Pipeline.php(219): Illuminate/Routing/Middleware/SubstituteBindings->handle(Object(Illuminate/Http/Request), Object(Closure))
#23 C:/Users/josea/Desktop/Proyectois/vendor/laravel/framework/src/Illuminate/Foundation/Http/Middleware/PreventRequestForgery.php(104): Illuminate/Pipeline/Pipeline->{closure:{closure:Illuminate/Pipeline/Pipeline::carry():194}:195}(Object(Illuminate/Http/Request))
#24 C:/Users/josea/Desktop/Proyectois/vendor/laravel/framework/src/Illuminate/Pipeline/Pipeline.php(219): Illuminate/Foundation/Http/Middleware/PreventRequestForgery->handle(Object(Illuminate/Http/Request), Object(Closure))
#25 C:/Users/josea/Desktop/Proyectois/vendor/laravel/framework/src/Illuminate/View/Middleware/ShareErrorsFromSession.php(48): Illuminate/Pipeline/Pipeline->{closure:{closure:Illuminate/Pipeline/Pipeline::carry():194}:195}(Object(Illuminate/Http/Request))
#26 C:/Users/josea/Desktop/Proyectois/vendor/laravel/framework/src/Illuminate/Pipeline/Pipeline.php(219): Illuminate/View/Middleware/ShareErrorsFromSession->handle(Object(Illuminate/Http/Request), Object(Closure))
#27 C:/Users/josea/Desktop/Proyectois/vendor/laravel/framework/src/Illuminate/Session/Middleware/StartSession.php(120): Illuminate/Pipeline/Pipeline->{closure:{closure:Illuminate/Pipeline/Pipeline::carry():194}:195}(Object(Illuminate/Http/Request))
#28 C:/Users/josea/Desktop/Proyectois/vendor/laravel/framework/src/Illuminate/Session/Middleware/StartSession.php(63): Illuminate/Session/Middleware/StartSession->handleStatefulRequest(Object(Illuminate/Http/Request), Object(Illuminate/Session/Store), Object(Closure))
#29 C:/Users/josea/Desktop/Proyectois/vendor/laravel/framework/src/Illuminate/Pipeline/Pipeline.php(219): Illuminate/Session/Middleware/StartSession->handle(Object(Illuminate/Http/Request), Object(Closure))
#30 C:/Users/josea/Desktop/Proyectois/vendor/laravel/framework/src/Illuminate/Cookie/Middleware/AddQueuedCookiesToResponse.php(36): Illuminate/Pipeline/Pipeline->{closure:{closure:Illuminate/Pipeline/Pipeline::carry():194}:195}(Object(Illuminate/Http/Request))
#31 C:/Users/josea/Desktop/Proyectois/vendor/laravel/framework/src/Illuminate/Pipeline/Pipeline.php(219): Illuminate/Cookie/Middleware/AddQueuedCookiesToResponse->handle(Object(Illuminate/Http/Request), Object(Closure))
#32 C:/Users/josea/Desktop/Proyectois/vendor/laravel/framework/src/Illuminate/Cookie/Middleware/EncryptCookies.php(74): Illuminate/Pipeline/Pipeline->{closure:{closure:Illuminate/Pipeline/Pipeline::carry():194}:195}(Object(Illuminate/Http/Request))
#33 C:/Users/josea/Desktop/Proyectois/vendor/laravel/framework/src/Illuminate/Pipeline/Pipeline.php(219): Illuminate/Cookie/Middleware/EncryptCookies->handle(Object(Illuminate/Http/Request), Object(Closure))
#34 C:/Users/josea/Desktop/Proyectois/vendor/laravel/framework/src/Illuminate/Pipeline/Pipeline.php(137): Illuminate/Pipeline/Pipeline->{closure:{closure:Illuminate/Pipeline/Pipeline::carry():194}:195}(Object(Illuminate/Http/Request))
#35 C:/Users/josea/Desktop/Proyectois/vendor/laravel/framework/src/Illuminate/Routing/Router.php(821): Illuminate/Pipeline/Pipeline->then(Object(Closure))
#36 C:/Users/josea/Desktop/Proyectois/vendor/laravel/framework/src/Illuminate/Routing/Router.php(800): Illuminate/Routing/Router->runRouteWithinStack(Object(Illuminate/Routing/Route), Object(Illuminate/Http/Request))
#37 C:/Users/josea/Desktop/Proyectois/vendor/laravel/framework/src/Illuminate/Routing/Router.php(764): Illuminate/Routing/Router->runRoute(Object(Illuminate/Http/Request), Object(Illuminate/Routing/Route))
#38 C:/Users/josea/Desktop/Proyectois/vendor/laravel/framework/src/Illuminate/Routing/Router.php(753): Illuminate/Routing/Router->dispatchToRoute(Object(Illuminate/Http/Request))
#39 C:/Users/josea/Desktop/Proyectois/vendor/laravel/framework/src/Illuminate/Foundation/Http/Kernel.php(200): Illuminate/Routing/Router->dispatch(Object(Illuminate/Http/Request))
#40 C:/Users/josea/Desktop/Proyectois/vendor/laravel/framework/src/Illuminate/Pipeline/Pipeline.php(180): Illuminate/Foundation/Http/Kernel->{closure:Illuminate/Foundation/Http/Kernel::dispatchToRouter():197}(Object(Illuminate/Http/Request))
#41 C:/Users/josea/Desktop/Proyectois/vendor/laravel/framework/src/Illuminate/Foundation/Http/Middleware/TransformsRequest.php(21): Illuminate/Pipeline/Pipeline->{closure:Illuminate/Pipeline/Pipeline::prepareDestination():178}(Object(Illuminate/Http/Request))
#42 C:/Users/josea/Desktop/Proyectois/vendor/laravel/framework/src/Illuminate/Foundation/Http/Middleware/ConvertEmptyStringsToNull.php(31): Illuminate/Foundation/Http/Middleware/TransformsRequest->handle(Object(Illuminate/Http/Request), Object(Closure))
#43 C:/Users/josea/Desktop/Proyectois/vendor/laravel/framework/src/Illuminate/Pipeline/Pipeline.php(219): Illuminate/Foundation/Http/Middleware/ConvertEmptyStringsToNull->handle(Object(Illuminate/Http/Request), Object(Closure))
#44 C:/Users/josea/Desktop/Proyectois/vendor/laravel/framework/src/Illuminate/Foundation/Http/Middleware/TransformsRequest.php(21): Illuminate/Pipeline/Pipeline->{closure:{closure:Illuminate/Pipeline/Pipeline::carry():194}:195}(Object(Illuminate/Http/Request))
#45 C:/Users/josea/Desktop/Proyectois/vendor/laravel/framework/src/Illuminate/Foundation/Http/Middleware/TrimStrings.php(51): Illuminate/Foundation/Http/Middleware/TransformsRequest->handle(Object(Illuminate/Http/Request), Object(Closure))
#46 C:/Users/josea/Desktop/Proyectois/vendor/laravel/framework/src/Illuminate/Pipeline/Pipeline.php(219): Illuminate/Foundation/Http/Middleware/TrimStrings->handle(Object(Illuminate/Http/Request), Object(Closure))
#47 C:/Users/josea/Desktop/Proyectois/vendor/laravel/framework/src/Illuminate/Http/Middleware/ValidatePostSize.php(27): Illuminate/Pipeline/Pipeline->{closure:{closure:Illuminate/Pipeline/Pipeline::carry():194}:195}(Object(Illuminate/Http/Request))
#48 C:/Users/josea/Desktop/Proyectois/vendor/laravel/framework/src/Illuminate/Pipeline/Pipeline.php(219): Illuminate/Http/Middleware/ValidatePostSize->handle(Object(Illuminate/Http/Request), Object(Closure))
#49 C:/Users/josea/Desktop/Proyectois/vendor/laravel/framework/src/Illuminate/Foundation/Http/Middleware/PreventRequestsDuringMaintenance.php(110): Illuminate/Pipeline/Pipeline->{closure:{closure:Illuminate/Pipeline/Pipeline::carry():194}:195}(Object(Illuminate/Http/Request))
#50 C:/Users/josea/Desktop/Proyectois/vendor/laravel/framework/src/Illuminate/Pipeline/Pipeline.php(219): Illuminate/Foundation/Http/Middleware/PreventRequestsDuringMaintenance->handle(Object(Illuminate/Http/Request), Object(Closure))
#51 C:/Users/josea/Desktop/Proyectois/vendor/laravel/framework/src/Illuminate/Http/Middleware/HandleCors.php(61): Illuminate/Pipeline/Pipeline->{closure:{closure:Illuminate/Pipeline/Pipeline::carry():194}:195}(Object(Illuminate/Http/Request))
#52 C:/Users/josea/Desktop/Proyectois/vendor/laravel/framework/src/Illuminate/Pipeline/Pipeline.php(219): Illuminate/Http/Middleware/HandleCors->handle(Object(Illuminate/Http/Request), Object(Closure))
#53 C:/Users/josea/Desktop/Proyectois/vendor/laravel/framework/src/Illuminate/Http/Middleware/TrustProxies.php(58): Illuminate/Pipeline/Pipeline->{closure:{closure:Illuminate/Pipeline/Pipeline::carry():194}:195}(Object(Illuminate/Http/Request))
#54 C:/Users/josea/Desktop/Proyectois/vendor/laravel/framework/src/Illuminate/Pipeline/Pipeline.php(219): Illuminate/Http/Middleware/TrustProxies->handle(Object(Illuminate/Http/Request), Object(Closure))
#55 C:/Users/josea/Desktop/Proyectois/vendor/laravel/framework/src/Illuminate/Foundation/Http/Middleware/InvokeDeferredCallbacks.php(22): Illuminate/Pipeline/Pipeline->{closure:{closure:Illuminate/Pipeline/Pipeline::carry():194}:195}(Object(Illuminate/Http/Request))
#56 C:/Users/josea/Desktop/Proyectois/vendor/laravel/framework/src/Illuminate/Pipeline/Pipeline.php(219): Illuminate/Foundation/Http/Middleware/InvokeDeferredCallbacks->handle(Object(Illuminate/Http/Request), Object(Closure))
#57 C:/Users/josea/Desktop/Proyectois/vendor/laravel/framework/src/Illuminate/Http/Middleware/ValidatePathEncoding.php(28): Illuminate/Pipeline/Pipeline->{closure:{closure:Illuminate/Pipeline/Pipeline::carry():194}:195}(Object(Illuminate/Http/Request))
#58 C:/Users/josea/Desktop/Proyectois/vendor/laravel/framework/src/Illuminate/Pipeline/Pipeline.php(219): Illuminate/Http/Middleware/ValidatePathEncoding->handle(Object(Illuminate/Http/Request), Object(Closure))
#59 C:/Users/josea/Desktop/Proyectois/vendor/laravel/framework/src/Illuminate/Pipeline/Pipeline.php(137): Illuminate/Pipeline/Pipeline->{closure:{closure:Illuminate/Pipeline/Pipeline::carry():194}:195}(Object(Illuminate/Http/Request))
#60 C:/Users/josea/Desktop/Proyectois/vendor/laravel/framework/src/Illuminate/Foundation/Http/Kernel.php(175): Illuminate/Pipeline/Pipeline->then(Object(Closure))
#61 C:/Users/josea/Desktop/Proyectois/vendor/laravel/framework/src/Illuminate/Foundation/Http/Kernel.php(144): Illuminate/Foundation/Http/Kernel->sendRequestThroughRouter(Object(Illuminate/Http/Request))
#62 C:/Users/josea/Desktop/Proyectois/vendor/laravel/framework/src/Illuminate/Foundation/Application.php(1227): Illuminate/Foundation/Http/Kernel->handle(Object(Illuminate/Http/Request))
#63 C:/Users/josea/Desktop/Proyectois/public/index.php(17): Illuminate/Foundation/Application->handleRequest(Object(Illuminate/Http/Request))
#64 C:/Users/josea/Desktop/Proyectois/vendor/laravel/framework/src/Illuminate/Foundation/resources/server.php(23): require_once('C://Users//josea//...')
#65 {main}
"} 
[2026-09-19 19:46:53] local.ERROR: preg_match(): Argument #2 ($subject) must be of type string, array given {"exception":"[object] (TypeError(code: 0): preg_match(): Argument #2 ($subject) must be of type string, array given at C:/Users/josea/Desktop/Proyectois/vendor/laravel/framework/src/Illuminate/Database/Eloquent/Concerns/HasAttributes.php:1616)
[stacktrace]
#0 C:/Users/josea/Desktop/Proyectois/vendor/laravel/framework/src/Illuminate/Database/Eloquent/Concerns/HasAttributes.php(1616): preg_match('/^(//d{4})-(//d{1...', Array)
#1 C:/Users/josea/Desktop/Proyectois/vendor/laravel/framework/src/Illuminate/Database/Eloquent/Concerns/HasAttributes.php(1590): Illuminate/Database/Eloquent/Model->isStandardDateFormat(Array)
#2 C:/Users/josea/Desktop/Proyectois/vendor/mongodb/laravel-mongodb/src/Eloquent/DocumentModel.php(168): Illuminate/Database/Eloquent/Model->asDateTime(Array)
#3 C:/Users/josea/Desktop/Proyectois/vendor/laravel/framework/src/Illuminate/Database/Eloquent/Concerns/HasAttributes.php(2435): MongoDB/Laravel/Eloquent/Model->asDateTime(Array)
#4 C:/Users/josea/Desktop/Proyectois/vendor/mongodb/laravel-mongodb/src/Eloquent/DocumentModel.php(219): Illuminate/Database/Eloquent/Model->transformModelValue('created_at', Array)
#5 C:/Users/josea/Desktop/Proyectois/vendor/laravel/framework/src/Illuminate/Database/Eloquent/Concerns/HasAttributes.php(541): MongoDB/Laravel/Eloquent/Model->transformModelValue('created_at', Array)
#6 C:/Users/josea/Desktop/Proyectois/vendor/laravel/framework/src/Illuminate/Database/Eloquent/Concerns/HasAttributes.php(495): Illuminate/Database/Eloquent/Model->getAttributeValue('created_at')
#7 C:/Users/josea/Desktop/Proyectois/vendor/mongodb/laravel-mongodb/src/Eloquent/DocumentModel.php(213): Illuminate/Database/Eloquent/Model->getAttribute('created_at')
#8 C:/Users/josea/Desktop/Proyectois/vendor/laravel/framework/src/Illuminate/Database/Eloquent/Model.php(2749): MongoDB/Laravel/Eloquent/Model->getAttribute('created_at')
#9 C:/Users/josea/Desktop/Proyectois/app/Http/Controllers/PurchaseOrderController.php(50): Illuminate/Database/Eloquent/Model->__get('created_at')
#10 [internal function]: App/Http/Controllers/PurchaseOrderController->{closure:App/Http/Controllers/PurchaseOrderController::index():46}(Object(App/Models/PurchaseOrder), 1)
#11 C:/Users/josea/Desktop/Proyectois/vendor/laravel/framework/src/Illuminate/Collections/Arr.php(858): array_map(Object(Closure), Array, Array)
#12 C:/Users/josea/Desktop/Proyectois/vendor/laravel/framework/src/Illuminate/Collections/Collection.php(831): Illuminate/Support/Arr::map(Array, Object(Closure))
#13 C:/Users/josea/Desktop/Proyectois/app/Http/Controllers/PurchaseOrderController.php(46): Illuminate/Support/Collection->map(Object(Closure))
#14 C:/Users/josea/Desktop/Proyectois/vendor/laravel/framework/src/Illuminate/Routing/ControllerDispatcher.php(46): App/Http/Controllers/PurchaseOrderController->index(Object(Illuminate/Http/Request))
#15 C:/Users/josea/Desktop/Proyectois/vendor/laravel/framework/src/Illuminate/Routing/Route.php(276): Illuminate/Routing/ControllerDispatcher->dispatch(Object(Illuminate/Routing/Route), Object(App/Http/Controllers/PurchaseOrderController), 'index')
#16 C:/Users/josea/Desktop/Proyectois/vendor/laravel/framework/src/Illuminate/Routing/Route.php(216): Illuminate/Routing/Route->runController()
#17 C:/Users/josea/Desktop/Proyectois/vendor/laravel/framework/src/Illuminate/Routing/Router.php(822): Illuminate/Routing/Route->run()
#18 C:/Users/josea/Desktop/Proyectois/vendor/laravel/framework/src/Illuminate/Pipeline/Pipeline.php(180): Illuminate/Routing/Router->{closure:Illuminate/Routing/Router::runRouteWithinStack():821}(Object(Illuminate/Http/Request))
#19 C:/Users/josea/Desktop/Proyectois/vendor/inertiajs/inertia-laravel/src/Middleware.php(122): Illuminate/Pipeline/Pipeline->{closure:Illuminate/Pipeline/Pipeline::prepareDestination():178}(Object(Illuminate/Http/Request))
#20 C:/Users/josea/Desktop/Proyectois/vendor/laravel/framework/src/Illuminate/Pipeline/Pipeline.php(219): Inertia/Middleware->handle(Object(Illuminate/Http/Request), Object(Closure))
#21 C:/Users/josea/Desktop/Proyectois/vendor/laravel/framework/src/Illuminate/Routing/Middleware/SubstituteBindings.php(52): Illuminate/Pipeline/Pipeline->{closure:{closure:Illuminate/Pipeline/Pipeline::carry():194}:195}(Object(Illuminate/Http/Request))
#22 C:/Users/josea/Desktop/Proyectois/vendor/laravel/framework/src/Illuminate/Pipeline/Pipeline.php(219): Illuminate/Routing/Middleware/SubstituteBindings->handle(Object(Illuminate/Http/Request), Object(Closure))
#23 C:/Users/josea/Desktop/Proyectois/vendor/laravel/framework/src/Illuminate/Foundation/Http/Middleware/PreventRequestForgery.php(104): Illuminate/Pipeline/Pipeline->{closure:{closure:Illuminate/Pipeline/Pipeline::carry():194}:195}(Object(Illuminate/Http/Request))
#24 C:/Users/josea/Desktop/Proyectois/vendor/laravel/framework/src/Illuminate/Pipeline/Pipeline.php(219): Illuminate/Foundation/Http/Middleware/PreventRequestForgery->handle(Object(Illuminate/Http/Request), Object(Closure))
#25 C:/Users/josea/Desktop/Proyectois/vendor/laravel/framework/src/Illuminate/View/Middleware/ShareErrorsFromSession.php(48): Illuminate/Pipeline/Pipeline->{closure:{closure:Illuminate/Pipeline/Pipeline::carry():194}:195}(Object(Illuminate/Http/Request))
#26 C:/Users/josea/Desktop/Proyectois/vendor/laravel/framework/src/Illuminate/Pipeline/Pipeline.php(219): Illuminate/View/Middleware/ShareErrorsFromSession->handle(Object(Illuminate/Http/Request), Object(Closure))
#27 C:/Users/josea/Desktop/Proyectois/vendor/laravel/framework/src/Illuminate/Session/Middleware/StartSession.php(120): Illuminate/Pipeline/Pipeline->{closure:{closure:Illuminate/Pipeline/Pipeline::carry():194}:195}(Object(Illuminate/Http/Request))
#28 C:/Users/josea/Desktop/Proyectois/vendor/laravel/framework/src/Illuminate/Session/Middleware/StartSession.php(63): Illuminate/Session/Middleware/StartSession->handleStatefulRequest(Object(Illuminate/Http/Request), Object(Illuminate/Session/Store), Object(Closure))
#29 C:/Users/josea/Desktop/Proyectois/vendor/laravel/framework/src/Illuminate/Pipeline/Pipeline.php(219): Illuminate/Session/Middleware/StartSession->handle(Object(Illuminate/Http/Request), Object(Closure))
#30 C:/Users/josea/Desktop/Proyectois/vendor/laravel/framework/src/Illuminate/Cookie/Middleware/AddQueuedCookiesToResponse.php(36): Illuminate/Pipeline/Pipeline->{closure:{closure:Illuminate/Pipeline/Pipeline::carry():194}:195}(Object(Illuminate/Http/Request))
#31 C:/Users/josea/Desktop/Proyectois/vendor/laravel/framework/src/Illuminate/Pipeline/Pipeline.php(219): Illuminate/Cookie/Middleware/AddQueuedCookiesToResponse->handle(Object(Illuminate/Http/Request), Object(Closure))
#32 C:/Users/josea/Desktop/Proyectois/vendor/laravel/framework/src/Illuminate/Cookie/Middleware/EncryptCookies.php(74): Illuminate/Pipeline/Pipeline->{closure:{closure:Illuminate/Pipeline/Pipeline::carry():194}:195}(Object(Illuminate/Http/Request))
#33 C:/Users/josea/Desktop/Proyectois/vendor/laravel/framework/src/Illuminate/Pipeline/Pipeline.php(219): Illuminate/Cookie/Middleware/EncryptCookies->handle(Object(Illuminate/Http/Request), Object(Closure))
#34 C:/Users/josea/Desktop/Proyectois/vendor/laravel/framework/src/Illuminate/Pipeline/Pipeline.php(137): Illuminate/Pipeline/Pipeline->{closure:{closure:Illuminate/Pipeline/Pipeline::carry():194}:195}(Object(Illuminate/Http/Request))
#35 C:/Users/josea/Desktop/Proyectois/vendor/laravel/framework/src/Illuminate/Routing/Router.php(821): Illuminate/Pipeline/Pipeline->then(Object(Closure))
#36 C:/Users/josea/Desktop/Proyectois/vendor/laravel/framework/src/Illuminate/Routing/Router.php(800): Illuminate/Routing/Router->runRouteWithinStack(Object(Illuminate/Routing/Route), Object(Illuminate/Http/Request))
#37 C:/Users/josea/Desktop/Proyectois/vendor/laravel/framework/src/Illuminate/Routing/Router.php(764): Illuminate/Routing/Router->runRoute(Object(Illuminate/Http/Request), Object(Illuminate/Routing/Route))
#38 C:/Users/josea/Desktop/Proyectois/vendor/laravel/framework/src/Illuminate/Routing/Router.php(753): Illuminate/Routing/Router->dispatchToRoute(Object(Illuminate/Http/Request))
#39 C:/Users/josea/Desktop/Proyectois/vendor/laravel/framework/src/Illuminate/Foundation/Http/Kernel.php(200): Illuminate/Routing/Router->dispatch(Object(Illuminate/Http/Request))
#40 C:/Users/josea/Desktop/Proyectois/vendor/laravel/framework/src/Illuminate/Pipeline/Pipeline.php(180): Illuminate/Foundation/Http/Kernel->{closure:Illuminate/Foundation/Http/Kernel::dispatchToRouter():197}(Object(Illuminate/Http/Request))
#41 C:/Users/josea/Desktop/Proyectois/vendor/laravel/framework/src/Illuminate/Foundation/Http/Middleware/TransformsRequest.php(21): Illuminate/Pipeline/Pipeline->{closure:Illuminate/Pipeline/Pipeline::prepareDestination():178}(Object(Illuminate/Http/Request))
#42 C:/Users/josea/Desktop/Proyectois/vendor/laravel/framework/src/Illuminate/Foundation/Http/Middleware/ConvertEmptyStringsToNull.php(31): Illuminate/Foundation/Http/Middleware/TransformsRequest->handle(Object(Illuminate/Http/Request), Object(Closure))
#43 C:/Users/josea/Desktop/Proyectois/vendor/laravel/framework/src/Illuminate/Pipeline/Pipeline.php(219): Illuminate/Foundation/Http/Middleware/ConvertEmptyStringsToNull->handle(Object(Illuminate/Http/Request), Object(Closure))
#44 C:/Users/josea/Desktop/Proyectois/vendor/laravel/framework/src/Illuminate/Foundation/Http/Middleware/TransformsRequest.php(21): Illuminate/Pipeline/Pipeline->{closure:{closure:Illuminate/Pipeline/Pipeline::carry():194}:195}(Object(Illuminate/Http/Request))
#45 C:/Users/josea/Desktop/Proyectois/vendor/laravel/framework/src/Illuminate/Foundation/Http/Middleware/TrimStrings.php(51): Illuminate/Foundation/Http/Middleware/TransformsRequest->handle(Object(Illuminate/Http/Request), Object(Closure))
#46 C:/Users/josea/Desktop/Proyectois/vendor/laravel/framework/src/Illuminate/Pipeline/Pipeline.php(219): Illuminate/Foundation/Http/Middleware/TrimStrings->handle(Object(Illuminate/Http/Request), Object(Closure))
#47 C:/Users/josea/Desktop/Proyectois/vendor/laravel/framework/src/Illuminate/Http/Middleware/ValidatePostSize.php(27): Illuminate/Pipeline/Pipeline->{closure:{closure:Illuminate/Pipeline/Pipeline::carry():194}:195}(Object(Illuminate/Http/Request))
#48 C:/Users/josea/Desktop/Proyectois/vendor/laravel/framework/src/Illuminate/Pipeline/Pipeline.php(219): Illuminate/Http/Middleware/ValidatePostSize->handle(Object(Illuminate/Http/Request), Object(Closure))
#49 C:/Users/josea/Desktop/Proyectois/vendor/laravel/framework/src/Illuminate/Foundation/Http/Middleware/PreventRequestsDuringMaintenance.php(110): Illuminate/Pipeline/Pipeline->{closure:{closure:Illuminate/Pipeline/Pipeline::carry():194}:195}(Object(Illuminate/Http/Request))
#50 C:/Users/josea/Desktop/Proyectois/vendor/laravel/framework/src/Illuminate/Pipeline/Pipeline.php(219): Illuminate/Foundation/Http/Middleware/PreventRequestsDuringMaintenance->handle(Object(Illuminate/Http/Request), Object(Closure))
#51 C:/Users/josea/Desktop/Proyectois/vendor/laravel/framework/src/Illuminate/Http/Middleware/HandleCors.php(61): Illuminate/Pipeline/Pipeline->{closure:{closure:Illuminate/Pipeline/Pipeline::carry():194}:195}(Object(Illuminate/Http/Request))
#52 C:/Users/josea/Desktop/Proyectois/vendor/laravel/framework/src/Illuminate/Pipeline/Pipeline.php(219): Illuminate/Http/Middleware/HandleCors->handle(Object(Illuminate/Http/Request), Object(Closure))
#53 C:/Users/josea/Desktop/Proyectois/vendor/laravel/framework/src/Illuminate/Http/Middleware/TrustProxies.php(58): Illuminate/Pipeline/Pipeline->{closure:{closure:Illuminate/Pipeline/Pipeline::carry():194}:195}(Object(Illuminate/Http/Request))
#54 C:/Users/josea/Desktop/Proyectois/vendor/laravel/framework/src/Illuminate/Pipeline/Pipeline.php(219): Illuminate/Http/Middleware/TrustProxies->handle(Object(Illuminate/Http/Request), Object(Closure))
#55 C:/Users/josea/Desktop/Proyectois/vendor/laravel/framework/src/Illuminate/Foundation/Http/Middleware/InvokeDeferredCallbacks.php(22): Illuminate/Pipeline/Pipeline->{closure:{closure:Illuminate/Pipeline/Pipeline::carry():194}:195}(Object(Illuminate/Http/Request))
#56 C:/Users/josea/Desktop/Proyectois/vendor/laravel/framework/src/Illuminate/Pipeline/Pipeline.php(219): Illuminate/Foundation/Http/Middleware/InvokeDeferredCallbacks->handle(Object(Illuminate/Http/Request), Object(Closure))
#57 C:/Users/josea/Desktop/Proyectois/vendor/laravel/framework/src/Illuminate/Http/Middleware/ValidatePathEncoding.php(28): Illuminate/Pipeline/Pipeline->{closure:{closure:Illuminate/Pipeline/Pipeline::carry():194}:195}(Object(Illuminate/Http/Request))
#58 C:/Users/josea/Desktop/Proyectois/vendor/laravel/framework/src/Illuminate/Pipeline/Pipeline.php(219): Illuminate/Http/Middleware/ValidatePathEncoding->handle(Object(Illuminate/Http/Request), Object(Closure))
#59 C:/Users/josea/Desktop/Proyectois/vendor/laravel/framework/src/Illuminate/Pipeline/Pipeline.php(137): Illuminate/Pipeline/Pipeline->{closure:{closure:Illuminate/Pipeline/Pipeline::carry():194}:195}(Object(Illuminate/Http/Request))
#60 C:/Users/josea/Desktop/Proyectois/vendor/laravel/framework/src/Illuminate/Foundation/Http/Kernel.php(175): Illuminate/Pipeline/Pipeline->then(Object(Closure))
#61 C:/Users/josea/Desktop/Proyectois/vendor/laravel/framework/src/Illuminate/Foundation/Http/Kernel.php(144): Illuminate/Foundation/Http/Kernel->sendRequestThroughRouter(Object(Illuminate/Http/Request))
#62 C:/Users/josea/Desktop/Proyectois/vendor/laravel/framework/src/Illuminate/Foundation/Application.php(1227): Illuminate/Foundation/Http/Kernel->handle(Object(Illuminate/Http/Request))
#63 C:/Users/josea/Desktop/Proyectois/public/index.php(17): Illuminate/Foundation/Application->handleRequest(Object(Illuminate/Http/Request))
#64 C:/Users/josea/Desktop/Proyectois/vendor/laravel/framework/src/Illuminate/Foundation/resources/server.php(23): require_once('C://Users//josea//...')
#65 {main}
"} 
[2026-09-19 20:46:40] local.ERROR: syntax error, unexpected fully qualified name "\Http", expecting "{" {"exception":"[object] (ParseError(code: 0): syntax error, unexpected fully qualified name \"\\Http\", expecting \"{\" at C:/Users/josea/Desktop/Proyectois/routes/web.php:15)
[stacktrace]
#0 C:/Users/josea/Desktop/Proyectois/vendor/laravel/framework/src/Illuminate/Routing/Router.php(526): Illuminate/Routing/RouteFileRegistrar->register('C://Users//josea//...')
#1 C:/Users/josea/Desktop/Proyectois/vendor/laravel/framework/src/Illuminate/Routing/Router.php(480): Illuminate/Routing/Router->loadRoutes('C://Users//josea//...')
#2 C:/Users/josea/Desktop/Proyectois/vendor/laravel/framework/src/Illuminate/Routing/RouteRegistrar.php(224): Illuminate/Routing/Router->group(Array, 'C://Users//josea//...')
#3 C:/Users/josea/Desktop/Proyectois/vendor/laravel/framework/src/Illuminate/Foundation/Configuration/ApplicationBuilder.php(261): Illuminate/Routing/RouteRegistrar->group('C://Users//josea//...')
#4 C:/Users/josea/Desktop/Proyectois/vendor/laravel/framework/src/Illuminate/Container/BoundMethod.php(36): Illuminate/Foundation/Configuration/ApplicationBuilder->{closure:Illuminate/Foundation/Configuration/ApplicationBuilder::buildRoutingCallback():210}()
#5 C:/Users/josea/Desktop/Proyectois/vendor/laravel/framework/src/Illuminate/Container/Util.php(43): Illuminate/Container/BoundMethod::{closure:Illuminate/Container/BoundMethod::call():35}()
#6 C:/Users/josea/Desktop/Proyectois/vendor/laravel/framework/src/Illuminate/Container/BoundMethod.php(84): Illuminate/Container/Util::unwrapIfClosure(Object(Closure))
#7 C:/Users/josea/Desktop/Proyectois/vendor/laravel/framework/src/Illuminate/Container/BoundMethod.php(35): Illuminate/Container/BoundMethod::callBoundMethod(Object(Illuminate/Foundation/Application), Object(Closure), Object(Closure))
#8 C:/Users/josea/Desktop/Proyectois/vendor/laravel/framework/src/Illuminate/Container/Container.php(803): Illuminate/Container/BoundMethod::call(Object(Illuminate/Foundation/Application), Object(Closure), Array, NULL)
#9 C:/Users/josea/Desktop/Proyectois/vendor/laravel/framework/src/Illuminate/Foundation/Support/Providers/RouteServiceProvider.php(162): Illuminate/Container/Container->call(Object(Closure))
#10 C:/Users/josea/Desktop/Proyectois/vendor/laravel/framework/src/Illuminate/Foundation/Support/Providers/RouteServiceProvider.php(59): Illuminate/Foundation/Support/Providers/RouteServiceProvider->loadRoutes()
#11 C:/Users/josea/Desktop/Proyectois/vendor/laravel/framework/src/Illuminate/Container/BoundMethod.php(36): Illuminate/Foundation/Support/Providers/RouteServiceProvider->{closure:Illuminate/Foundation/Support/Providers/RouteServiceProvider::register():53}()
#12 C:/Users/josea/Desktop/Proyectois/vendor/laravel/framework/src/Illuminate/Container/Util.php(43): Illuminate/Container/BoundMethod::{closure:Illuminate/Container/BoundMethod::call():35}()
#13 C:/Users/josea/Desktop/Proyectois/vendor/laravel/framework/src/Illuminate/Container/BoundMethod.php(84): Illuminate/Container/Util::unwrapIfClosure(Object(Closure))
#14 C:/Users/josea/Desktop/Proyectois/vendor/laravel/framework/src/Illuminate/Container/BoundMethod.php(35): Illuminate/Container/BoundMethod::callBoundMethod(Object(Illuminate/Foundation/Application), Object(Closure), Object(Closure))
#15 C:/Users/josea/Desktop/Proyectois/vendor/laravel/framework/src/Illuminate/Container/Container.php(803): Illuminate/Container/BoundMethod::call(Object(Illuminate/Foundation/Application), Object(Closure), Array, NULL)
#16 C:/Users/josea/Desktop/Proyectois/vendor/laravel/framework/src/Illuminate/Support/ServiceProvider.php(150): Illuminate/Container/Container->call(Object(Closure))
#17 C:/Users/josea/Desktop/Proyectois/vendor/laravel/framework/src/Illuminate/Foundation/Application.php(1161): Illuminate/Support/ServiceProvider->callBootedCallbacks()
#18 C:/Users/josea/Desktop/Proyectois/vendor/laravel/framework/src/Illuminate/Foundation/Application.php(1139): Illuminate/Foundation/Application->bootProvider(Object(Illuminate/Foundation/Support/Providers/RouteServiceProvider))
#19 [internal function]: Illuminate/Foundation/Application->{closure:Illuminate/Foundation/Application::boot():1138}(Object(Illuminate/Foundation/Support/Providers/RouteServiceProvider), 'Illuminate//Foun...')
#20 C:/Users/josea/Desktop/Proyectois/vendor/laravel/framework/src/Illuminate/Foundation/Application.php(1138): array_walk(Array, Object(Closure))
#21 C:/Users/josea/Desktop/Proyectois/vendor/laravel/framework/src/Illuminate/Foundation/Bootstrap/BootProviders.php(17): Illuminate/Foundation/Application->boot()
#22 C:/Users/josea/Desktop/Proyectois/vendor/laravel/framework/src/Illuminate/Foundation/Application.php(349): Illuminate/Foundation/Bootstrap/BootProviders->bootstrap(Object(Illuminate/Foundation/Application))
#23 C:/Users/josea/Desktop/Proyectois/vendor/laravel/framework/src/Illuminate/Foundation/Http/Kernel.php(186): Illuminate/Foundation/Application->bootstrapWith(Array)
#24 C:/Users/josea/Desktop/Proyectois/vendor/laravel/framework/src/Illuminate/Foundation/Http/Kernel.php(170): Illuminate/Foundation/Http/Kernel->bootstrap()
#25 C:/Users/josea/Desktop/Proyectois/vendor/laravel/framework/src/Illuminate/Foundation/Http/Kernel.php(144): Illuminate/Foundation/Http/Kernel->sendRequestThroughRouter(Object(Illuminate/Http/Request))
#26 C:/Users/josea/Desktop/Proyectois/vendor/laravel/framework/src/Illuminate/Foundation/Application.php(1227): Illuminate/Foundation/Http/Kernel->handle(Object(Illuminate/Http/Request))
#27 C:/Users/josea/Desktop/Proyectois/public/index.php(17): Illuminate/Foundation/Application->handleRequest(Object(Illuminate/Http/Request))
#28 C:/Users/josea/Desktop/Proyectois/vendor/laravel/framework/src/Illuminate/Foundation/resources/server.php(23): require_once('C://Users//josea//...')
#29 {main}
"} 
[2026-09-19 20:46:50] local.ERROR: syntax error, unexpected fully qualified name "\Http", expecting "{" {"exception":"[object] (ParseError(code: 0): syntax error, unexpected fully qualified name \"\\Http\", expecting \"{\" at C:/Users/josea/Desktop/Proyectois/routes/web.php:15)
[stacktrace]
#0 C:/Users/josea/Desktop/Proyectois/vendor/laravel/framework/src/Illuminate/Routing/Router.php(526): Illuminate/Routing/RouteFileRegistrar->register('C://Users//josea//...')
#1 C:/Users/josea/Desktop/Proyectois/vendor/laravel/framework/src/Illuminate/Routing/Router.php(480): Illuminate/Routing/Router->loadRoutes('C://Users//josea//...')
#2 C:/Users/josea/Desktop/Proyectois/vendor/laravel/framework/src/Illuminate/Routing/RouteRegistrar.php(224): Illuminate/Routing/Router->group(Array, 'C://Users//josea//...')
#3 C:/Users/josea/Desktop/Proyectois/vendor/laravel/framework/src/Illuminate/Foundation/Configuration/ApplicationBuilder.php(261): Illuminate/Routing/RouteRegistrar->group('C://Users//josea//...')
#4 C:/Users/josea/Desktop/Proyectois/vendor/laravel/framework/src/Illuminate/Container/BoundMethod.php(36): Illuminate/Foundation/Configuration/ApplicationBuilder->{closure:Illuminate/Foundation/Configuration/ApplicationBuilder::buildRoutingCallback():210}()
#5 C:/Users/josea/Desktop/Proyectois/vendor/laravel/framework/src/Illuminate/Container/Util.php(43): Illuminate/Container/BoundMethod::{closure:Illuminate/Container/BoundMethod::call():35}()
#6 C:/Users/josea/Desktop/Proyectois/vendor/laravel/framework/src/Illuminate/Container/BoundMethod.php(84): Illuminate/Container/Util::unwrapIfClosure(Object(Closure))
#7 C:/Users/josea/Desktop/Proyectois/vendor/laravel/framework/src/Illuminate/Container/BoundMethod.php(35): Illuminate/Container/BoundMethod::callBoundMethod(Object(Illuminate/Foundation/Application), Object(Closure), Object(Closure))
#8 C:/Users/josea/Desktop/Proyectois/vendor/laravel/framework/src/Illuminate/Container/Container.php(803): Illuminate/Container/BoundMethod::call(Object(Illuminate/Foundation/Application), Object(Closure), Array, NULL)
#9 C:/Users/josea/Desktop/Proyectois/vendor/laravel/framework/src/Illuminate/Foundation/Support/Providers/RouteServiceProvider.php(162): Illuminate/Container/Container->call(Object(Closure))
#10 C:/Users/josea/Desktop/Proyectois/vendor/laravel/framework/src/Illuminate/Foundation/Support/Providers/RouteServiceProvider.php(59): Illuminate/Foundation/Support/Providers/RouteServiceProvider->loadRoutes()
#11 C:/Users/josea/Desktop/Proyectois/vendor/laravel/framework/src/Illuminate/Container/BoundMethod.php(36): Illuminate/Foundation/Support/Providers/RouteServiceProvider->{closure:Illuminate/Foundation/Support/Providers/RouteServiceProvider::register():53}()
#12 C:/Users/josea/Desktop/Proyectois/vendor/laravel/framework/src/Illuminate/Container/Util.php(43): Illuminate/Container/BoundMethod::{closure:Illuminate/Container/BoundMethod::call():35}()
#13 C:/Users/josea/Desktop/Proyectois/vendor/laravel/framework/src/Illuminate/Container/BoundMethod.php(84): Illuminate/Container/Util::unwrapIfClosure(Object(Closure))
#14 C:/Users/josea/Desktop/Proyectois/vendor/laravel/framework/src/Illuminate/Container/BoundMethod.php(35): Illuminate/Container/BoundMethod::callBoundMethod(Object(Illuminate/Foundation/Application), Object(Closure), Object(Closure))
#15 C:/Users/josea/Desktop/Proyectois/vendor/laravel/framework/src/Illuminate/Container/Container.php(803): Illuminate/Container/BoundMethod::call(Object(Illuminate/Foundation/Application), Object(Closure), Array, NULL)
#16 C:/Users/josea/Desktop/Proyectois/vendor/laravel/framework/src/Illuminate/Support/ServiceProvider.php(150): Illuminate/Container/Container->call(Object(Closure))
#17 C:/Users/josea/Desktop/Proyectois/vendor/laravel/framework/src/Illuminate/Foundation/Application.php(1161): Illuminate/Support/ServiceProvider->callBootedCallbacks()
#18 C:/Users/josea/Desktop/Proyectois/vendor/laravel/framework/src/Illuminate/Foundation/Application.php(1139): Illuminate/Foundation/Application->bootProvider(Object(Illuminate/Foundation/Support/Providers/RouteServiceProvider))
#19 [internal function]: Illuminate/Foundation/Application->{closure:Illuminate/Foundation/Application::boot():1138}(Object(Illuminate/Foundation/Support/Providers/RouteServiceProvider), 'Illuminate//Foun...')
#20 C:/Users/josea/Desktop/Proyectois/vendor/laravel/framework/src/Illuminate/Foundation/Application.php(1138): array_walk(Array, Object(Closure))
#21 C:/Users/josea/Desktop/Proyectois/vendor/laravel/framework/src/Illuminate/Foundation/Bootstrap/BootProviders.php(17): Illuminate/Foundation/Application->boot()
#22 C:/Users/josea/Desktop/Proyectois/vendor/laravel/framework/src/Illuminate/Foundation/Application.php(349): Illuminate/Foundation/Bootstrap/BootProviders->bootstrap(Object(Illuminate/Foundation/Application))
#23 C:/Users/josea/Desktop/Proyectois/vendor/laravel/framework/src/Illuminate/Foundation/Http/Kernel.php(186): Illuminate/Foundation/Application->bootstrapWith(Array)
#24 C:/Users/josea/Desktop/Proyectois/vendor/laravel/framework/src/Illuminate/Foundation/Http/Kernel.php(170): Illuminate/Foundation/Http/Kernel->bootstrap()
#25 C:/Users/josea/Desktop/Proyectois/vendor/laravel/framework/src/Illuminate/Foundation/Http/Kernel.php(144): Illuminate/Foundation/Http/Kernel->sendRequestThroughRouter(Object(Illuminate/Http/Request))
#26 C:/Users/josea/Desktop/Proyectois/vendor/laravel/framework/src/Illuminate/Foundation/Application.php(1227): Illuminate/Foundation/Http/Kernel->handle(Object(Illuminate/Http/Request))
#27 C:/Users/josea/Desktop/Proyectois/public/index.php(17): Illuminate/Foundation/Application->handleRequest(Object(Illuminate/Http/Request))
#28 C:/Users/josea/Desktop/Proyectois/vendor/laravel/framework/src/Illuminate/Foundation/resources/server.php(23): require_once('C://Users//josea//...')
#29 {main}
"} 
[2026-09-19 20:46:51] local.ERROR: syntax error, unexpected fully qualified name "\Http", expecting "{" {"exception":"[object] (ParseError(code: 0): syntax error, unexpected fully qualified name \"\\Http\", expecting \"{\" at C:/Users/josea/Desktop/Proyectois/routes/web.php:15)
[stacktrace]
#0 C:/Users/josea/Desktop/Proyectois/vendor/laravel/framework/src/Illuminate/Routing/Router.php(526): Illuminate/Routing/RouteFileRegistrar->register('C://Users//josea//...')
#1 C:/Users/josea/Desktop/Proyectois/vendor/laravel/framework/src/Illuminate/Routing/Router.php(480): Illuminate/Routing/Router->loadRoutes('C://Users//josea//...')
#2 C:/Users/josea/Desktop/Proyectois/vendor/laravel/framework/src/Illuminate/Routing/RouteRegistrar.php(224): Illuminate/Routing/Router->group(Array, 'C://Users//josea//...')
#3 C:/Users/josea/Desktop/Proyectois/vendor/laravel/framework/src/Illuminate/Foundation/Configuration/ApplicationBuilder.php(261): Illuminate/Routing/RouteRegistrar->group('C://Users//josea//...')
#4 C:/Users/josea/Desktop/Proyectois/vendor/laravel/framework/src/Illuminate/Container/BoundMethod.php(36): Illuminate/Foundation/Configuration/ApplicationBuilder->{closure:Illuminate/Foundation/Configuration/ApplicationBuilder::buildRoutingCallback():210}()
#5 C:/Users/josea/Desktop/Proyectois/vendor/laravel/framework/src/Illuminate/Container/Util.php(43): Illuminate/Container/BoundMethod::{closure:Illuminate/Container/BoundMethod::call():35}()
#6 C:/Users/josea/Desktop/Proyectois/vendor/laravel/framework/src/Illuminate/Container/BoundMethod.php(84): Illuminate/Container/Util::unwrapIfClosure(Object(Closure))
#7 C:/Users/josea/Desktop/Proyectois/vendor/laravel/framework/src/Illuminate/Container/BoundMethod.php(35): Illuminate/Container/BoundMethod::callBoundMethod(Object(Illuminate/Foundation/Application), Object(Closure), Object(Closure))
#8 C:/Users/josea/Desktop/Proyectois/vendor/laravel/framework/src/Illuminate/Container/Container.php(803): Illuminate/Container/BoundMethod::call(Object(Illuminate/Foundation/Application), Object(Closure), Array, NULL)
#9 C:/Users/josea/Desktop/Proyectois/vendor/laravel/framework/src/Illuminate/Foundation/Support/Providers/RouteServiceProvider.php(162): Illuminate/Container/Container->call(Object(Closure))
#10 C:/Users/josea/Desktop/Proyectois/vendor/laravel/framework/src/Illuminate/Foundation/Support/Providers/RouteServiceProvider.php(59): Illuminate/Foundation/Support/Providers/RouteServiceProvider->loadRoutes()
#11 C:/Users/josea/Desktop/Proyectois/vendor/laravel/framework/src/Illuminate/Container/BoundMethod.php(36): Illuminate/Foundation/Support/Providers/RouteServiceProvider->{closure:Illuminate/Foundation/Support/Providers/RouteServiceProvider::register():53}()
#12 C:/Users/josea/Desktop/Proyectois/vendor/laravel/framework/src/Illuminate/Container/Util.php(43): Illuminate/Container/BoundMethod::{closure:Illuminate/Container/BoundMethod::call():35}()
#13 C:/Users/josea/Desktop/Proyectois/vendor/laravel/framework/src/Illuminate/Container/BoundMethod.php(84): Illuminate/Container/Util::unwrapIfClosure(Object(Closure))
#14 C:/Users/josea/Desktop/Proyectois/vendor/laravel/framework/src/Illuminate/Container/BoundMethod.php(35): Illuminate/Container/BoundMethod::callBoundMethod(Object(Illuminate/Foundation/Application), Object(Closure), Object(Closure))
#15 C:/Users/josea/Desktop/Proyectois/vendor/laravel/framework/src/Illuminate/Container/Container.php(803): Illuminate/Container/BoundMethod::call(Object(Illuminate/Foundation/Application), Object(Closure), Array, NULL)
#16 C:/Users/josea/Desktop/Proyectois/vendor/laravel/framework/src/Illuminate/Support/ServiceProvider.php(150): Illuminate/Container/Container->call(Object(Closure))
#17 C:/Users/josea/Desktop/Proyectois/vendor/laravel/framework/src/Illuminate/Foundation/Application.php(1161): Illuminate/Support/ServiceProvider->callBootedCallbacks()
#18 C:/Users/josea/Desktop/Proyectois/vendor/laravel/framework/src/Illuminate/Foundation/Application.php(1139): Illuminate/Foundation/Application->bootProvider(Object(Illuminate/Foundation/Support/Providers/RouteServiceProvider))
#19 [internal function]: Illuminate/Foundation/Application->{closure:Illuminate/Foundation/Application::boot():1138}(Object(Illuminate/Foundation/Support/Providers/RouteServiceProvider), 'Illuminate//Foun...')
#20 C:/Users/josea/Desktop/Proyectois/vendor/laravel/framework/src/Illuminate/Foundation/Application.php(1138): array_walk(Array, Object(Closure))
#21 C:/Users/josea/Desktop/Proyectois/vendor/laravel/framework/src/Illuminate/Foundation/Bootstrap/BootProviders.php(17): Illuminate/Foundation/Application->boot()
#22 C:/Users/josea/Desktop/Proyectois/vendor/laravel/framework/src/Illuminate/Foundation/Application.php(349): Illuminate/Foundation/Bootstrap/BootProviders->bootstrap(Object(Illuminate/Foundation/Application))
#23 C:/Users/josea/Desktop/Proyectois/vendor/laravel/framework/src/Illuminate/Foundation/Http/Kernel.php(186): Illuminate/Foundation/Application->bootstrapWith(Array)
#24 C:/Users/josea/Desktop/Proyectois/vendor/laravel/framework/src/Illuminate/Foundation/Http/Kernel.php(170): Illuminate/Foundation/Http/Kernel->bootstrap()
#25 C:/Users/josea/Desktop/Proyectois/vendor/laravel/framework/src/Illuminate/Foundation/Http/Kernel.php(144): Illuminate/Foundation/Http/Kernel->sendRequestThroughRouter(Object(Illuminate/Http/Request))
#26 C:/Users/josea/Desktop/Proyectois/vendor/laravel/framework/src/Illuminate/Foundation/Application.php(1227): Illuminate/Foundation/Http/Kernel->handle(Object(Illuminate/Http/Request))
#27 C:/Users/josea/Desktop/Proyectois/public/index.php(17): Illuminate/Foundation/Application->handleRequest(Object(Illuminate/Http/Request))
#28 C:/Users/josea/Desktop/Proyectois/vendor/laravel/framework/src/Illuminate/Foundation/resources/server.php(23): require_once('C://Users//josea//...')
#29 {main}
"} 
[2026-09-19 20:47:31] local.ERROR: syntax error, unexpected fully qualified name "\Http", expecting "{" {"exception":"[object] (ParseError(code: 0): syntax error, unexpected fully qualified name \"\\Http\", expecting \"{\" at C:/Users/josea/Desktop/Proyectois/routes/web.php:15)
[stacktrace]
#0 C:/Users/josea/Desktop/Proyectois/vendor/laravel/framework/src/Illuminate/Routing/Router.php(526): Illuminate/Routing/RouteFileRegistrar->register('C://Users//josea//...')
#1 C:/Users/josea/Desktop/Proyectois/vendor/laravel/framework/src/Illuminate/Routing/Router.php(480): Illuminate/Routing/Router->loadRoutes('C://Users//josea//...')
#2 C:/Users/josea/Desktop/Proyectois/vendor/laravel/framework/src/Illuminate/Routing/RouteRegistrar.php(224): Illuminate/Routing/Router->group(Array, 'C://Users//josea//...')
#3 C:/Users/josea/Desktop/Proyectois/vendor/laravel/framework/src/Illuminate/Foundation/Configuration/ApplicationBuilder.php(261): Illuminate/Routing/RouteRegistrar->group('C://Users//josea//...')
#4 C:/Users/josea/Desktop/Proyectois/vendor/laravel/framework/src/Illuminate/Container/BoundMethod.php(36): Illuminate/Foundation/Configuration/ApplicationBuilder->{closure:Illuminate/Foundation/Configuration/ApplicationBuilder::buildRoutingCallback():210}()
#5 C:/Users/josea/Desktop/Proyectois/vendor/laravel/framework/src/Illuminate/Container/Util.php(43): Illuminate/Container/BoundMethod::{closure:Illuminate/Container/BoundMethod::call():35}()
#6 C:/Users/josea/Desktop/Proyectois/vendor/laravel/framework/src/Illuminate/Container/BoundMethod.php(84): Illuminate/Container/Util::unwrapIfClosure(Object(Closure))
#7 C:/Users/josea/Desktop/Proyectois/vendor/laravel/framework/src/Illuminate/Container/BoundMethod.php(35): Illuminate/Container/BoundMethod::callBoundMethod(Object(Illuminate/Foundation/Application), Object(Closure), Object(Closure))
#8 C:/Users/josea/Desktop/Proyectois/vendor/laravel/framework/src/Illuminate/Container/Container.php(803): Illuminate/Container/BoundMethod::call(Object(Illuminate/Foundation/Application), Object(Closure), Array, NULL)
#9 C:/Users/josea/Desktop/Proyectois/vendor/laravel/framework/src/Illuminate/Foundation/Support/Providers/RouteServiceProvider.php(162): Illuminate/Container/Container->call(Object(Closure))
#10 C:/Users/josea/Desktop/Proyectois/vendor/laravel/framework/src/Illuminate/Foundation/Support/Providers/RouteServiceProvider.php(59): Illuminate/Foundation/Support/Providers/RouteServiceProvider->loadRoutes()
#11 C:/Users/josea/Desktop/Proyectois/vendor/laravel/framework/src/Illuminate/Container/BoundMethod.php(36): Illuminate/Foundation/Support/Providers/RouteServiceProvider->{closure:Illuminate/Foundation/Support/Providers/RouteServiceProvider::register():53}()
#12 C:/Users/josea/Desktop/Proyectois/vendor/laravel/framework/src/Illuminate/Container/Util.php(43): Illuminate/Container/BoundMethod::{closure:Illuminate/Container/BoundMethod::call():35}()
#13 C:/Users/josea/Desktop/Proyectois/vendor/laravel/framework/src/Illuminate/Container/BoundMethod.php(84): Illuminate/Container/Util::unwrapIfClosure(Object(Closure))
#14 C:/Users/josea/Desktop/Proyectois/vendor/laravel/framework/src/Illuminate/Container/BoundMethod.php(35): Illuminate/Container/BoundMethod::callBoundMethod(Object(Illuminate/Foundation/Application), Object(Closure), Object(Closure))
#15 C:/Users/josea/Desktop/Proyectois/vendor/laravel/framework/src/Illuminate/Container/Container.php(803): Illuminate/Container/BoundMethod::call(Object(Illuminate/Foundation/Application), Object(Closure), Array, NULL)
#16 C:/Users/josea/Desktop/Proyectois/vendor/laravel/framework/src/Illuminate/Support/ServiceProvider.php(150): Illuminate/Container/Container->call(Object(Closure))
#17 C:/Users/josea/Desktop/Proyectois/vendor/laravel/framework/src/Illuminate/Foundation/Application.php(1161): Illuminate/Support/ServiceProvider->callBootedCallbacks()
#18 C:/Users/josea/Desktop/Proyectois/vendor/laravel/framework/src/Illuminate/Foundation/Application.php(1139): Illuminate/Foundation/Application->bootProvider(Object(Illuminate/Foundation/Support/Providers/RouteServiceProvider))
#19 [internal function]: Illuminate/Foundation/Application->{closure:Illuminate/Foundation/Application::boot():1138}(Object(Illuminate/Foundation/Support/Providers/RouteServiceProvider), 'Illuminate//Foun...')
#20 C:/Users/josea/Desktop/Proyectois/vendor/laravel/framework/src/Illuminate/Foundation/Application.php(1138): array_walk(Array, Object(Closure))
#21 C:/Users/josea/Desktop/Proyectois/vendor/laravel/framework/src/Illuminate/Foundation/Bootstrap/BootProviders.php(17): Illuminate/Foundation/Application->boot()
#22 C:/Users/josea/Desktop/Proyectois/vendor/laravel/framework/src/Illuminate/Foundation/Application.php(349): Illuminate/Foundation/Bootstrap/BootProviders->bootstrap(Object(Illuminate/Foundation/Application))
#23 C:/Users/josea/Desktop/Proyectois/vendor/laravel/framework/src/Illuminate/Foundation/Http/Kernel.php(186): Illuminate/Foundation/Application->bootstrapWith(Array)
#24 C:/Users/josea/Desktop/Proyectois/vendor/laravel/framework/src/Illuminate/Foundation/Http/Kernel.php(170): Illuminate/Foundation/Http/Kernel->bootstrap()
#25 C:/Users/josea/Desktop/Proyectois/vendor/laravel/framework/src/Illuminate/Foundation/Http/Kernel.php(144): Illuminate/Foundation/Http/Kernel->sendRequestThroughRouter(Object(Illuminate/Http/Request))
#26 C:/Users/josea/Desktop/Proyectois/vendor/laravel/framework/src/Illuminate/Foundation/Application.php(1227): Illuminate/Foundation/Http/Kernel->handle(Object(Illuminate/Http/Request))
#27 C:/Users/josea/Desktop/Proyectois/public/index.php(17): Illuminate/Foundation/Application->handleRequest(Object(Illuminate/Http/Request))
#28 C:/Users/josea/Desktop/Proyectois/vendor/laravel/framework/src/Illuminate/Foundation/resources/server.php(23): require_once('C://Users//josea//...')
#29 {main}
"} 
[2026-09-19 20:53:15] local.ERROR: Fallo al registrar devolucion a proveedor. {"error":"Existencia insuficiente para devolver a proveedor."} 
[2026-09-19 20:53:21] local.ERROR: Fallo al registrar devolucion a proveedor. {"error":"Existencia insuficiente para devolver a proveedor."} 
[2026-09-19 20:53:22] local.ERROR: Fallo al registrar devolucion a proveedor. {"error":"Existencia insuficiente para devolver a proveedor."} 
[2026-09-19 20:53:24] local.ERROR: Fallo al registrar devolucion a proveedor. {"error":"Existencia insuficiente para devolver a proveedor."} 
[2026-09-19 20:54:16] local.ERROR: Fallo al registrar devolucion de cliente. {"error":"Document failed validation"} 
[2026-09-19 21:13:51] local.ERROR: Fallo al registrar devolucion a proveedor. {"error":"Document failed validation"} 
[2026-09-19 21:14:25] local.ERROR: Fallo al registrar devolucion de cliente. {"error":"Document failed validation"} 
[2026-09-19 22:04:35] local.ERROR: syntax error, unexpected fully qualified name "\Http", expecting "{" {"exception":"[object] (ParseError(code: 0): syntax error, unexpected fully qualified name \"\\Http\", expecting \"{\" at C:/Users/josea/Desktop/Proyectois/routes/web.php:15)
[stacktrace]
#0 C:/Users/josea/Desktop/Proyectois/vendor/laravel/framework/src/Illuminate/Routing/Router.php(526): Illuminate/Routing/RouteFileRegistrar->register('C://Users//josea//...')
#1 C:/Users/josea/Desktop/Proyectois/vendor/laravel/framework/src/Illuminate/Routing/Router.php(480): Illuminate/Routing/Router->loadRoutes('C://Users//josea//...')
#2 C:/Users/josea/Desktop/Proyectois/vendor/laravel/framework/src/Illuminate/Routing/RouteRegistrar.php(224): Illuminate/Routing/Router->group(Array, 'C://Users//josea//...')
#3 C:/Users/josea/Desktop/Proyectois/vendor/laravel/framework/src/Illuminate/Foundation/Configuration/ApplicationBuilder.php(261): Illuminate/Routing/RouteRegistrar->group('C://Users//josea//...')
#4 C:/Users/josea/Desktop/Proyectois/vendor/laravel/framework/src/Illuminate/Container/BoundMethod.php(36): Illuminate/Foundation/Configuration/ApplicationBuilder->{closure:Illuminate/Foundation/Configuration/ApplicationBuilder::buildRoutingCallback():210}()
#5 C:/Users/josea/Desktop/Proyectois/vendor/laravel/framework/src/Illuminate/Container/Util.php(43): Illuminate/Container/BoundMethod::{closure:Illuminate/Container/BoundMethod::call():35}()
#6 C:/Users/josea/Desktop/Proyectois/vendor/laravel/framework/src/Illuminate/Container/BoundMethod.php(84): Illuminate/Container/Util::unwrapIfClosure(Object(Closure))
#7 C:/Users/josea/Desktop/Proyectois/vendor/laravel/framework/src/Illuminate/Container/BoundMethod.php(35): Illuminate/Container/BoundMethod::callBoundMethod(Object(Illuminate/Foundation/Application), Object(Closure), Object(Closure))
#8 C:/Users/josea/Desktop/Proyectois/vendor/laravel/framework/src/Illuminate/Container/Container.php(803): Illuminate/Container/BoundMethod::call(Object(Illuminate/Foundation/Application), Object(Closure), Array, NULL)
#9 C:/Users/josea/Desktop/Proyectois/vendor/laravel/framework/src/Illuminate/Foundation/Support/Providers/RouteServiceProvider.php(162): Illuminate/Container/Container->call(Object(Closure))
#10 C:/Users/josea/Desktop/Proyectois/vendor/laravel/framework/src/Illuminate/Foundation/Support/Providers/RouteServiceProvider.php(59): Illuminate/Foundation/Support/Providers/RouteServiceProvider->loadRoutes()
#11 C:/Users/josea/Desktop/Proyectois/vendor/laravel/framework/src/Illuminate/Container/BoundMethod.php(36): Illuminate/Foundation/Support/Providers/RouteServiceProvider->{closure:Illuminate/Foundation/Support/Providers/RouteServiceProvider::register():53}()
#12 C:/Users/josea/Desktop/Proyectois/vendor/laravel/framework/src/Illuminate/Container/Util.php(43): Illuminate/Container/BoundMethod::{closure:Illuminate/Container/BoundMethod::call():35}()
#13 C:/Users/josea/Desktop/Proyectois/vendor/laravel/framework/src/Illuminate/Container/BoundMethod.php(84): Illuminate/Container/Util::unwrapIfClosure(Object(Closure))
#14 C:/Users/josea/Desktop/Proyectois/vendor/laravel/framework/src/Illuminate/Container/BoundMethod.php(35): Illuminate/Container/BoundMethod::callBoundMethod(Object(Illuminate/Foundation/Application), Object(Closure), Object(Closure))
#15 C:/Users/josea/Desktop/Proyectois/vendor/laravel/framework/src/Illuminate/Container/Container.php(803): Illuminate/Container/BoundMethod::call(Object(Illuminate/Foundation/Application), Object(Closure), Array, NULL)
#16 C:/Users/josea/Desktop/Proyectois/vendor/laravel/framework/src/Illuminate/Support/ServiceProvider.php(150): Illuminate/Container/Container->call(Object(Closure))
#17 C:/Users/josea/Desktop/Proyectois/vendor/laravel/framework/src/Illuminate/Foundation/Application.php(1161): Illuminate/Support/ServiceProvider->callBootedCallbacks()
#18 C:/Users/josea/Desktop/Proyectois/vendor/laravel/framework/src/Illuminate/Foundation/Application.php(1139): Illuminate/Foundation/Application->bootProvider(Object(Illuminate/Foundation/Support/Providers/RouteServiceProvider))
#19 [internal function]: Illuminate/Foundation/Application->{closure:Illuminate/Foundation/Application::boot():1138}(Object(Illuminate/Foundation/Support/Providers/RouteServiceProvider), 'Illuminate//Foun...')
#20 C:/Users/josea/Desktop/Proyectois/vendor/laravel/framework/src/Illuminate/Foundation/Application.php(1138): array_walk(Array, Object(Closure))
#21 C:/Users/josea/Desktop/Proyectois/vendor/laravel/framework/src/Illuminate/Foundation/Bootstrap/BootProviders.php(17): Illuminate/Foundation/Application->boot()
#22 C:/Users/josea/Desktop/Proyectois/vendor/laravel/framework/src/Illuminate/Foundation/Application.php(349): Illuminate/Foundation/Bootstrap/BootProviders->bootstrap(Object(Illuminate/Foundation/Application))
#23 C:/Users/josea/Desktop/Proyectois/vendor/laravel/framework/src/Illuminate/Foundation/Http/Kernel.php(186): Illuminate/Foundation/Application->bootstrapWith(Array)
#24 C:/Users/josea/Desktop/Proyectois/vendor/laravel/framework/src/Illuminate/Foundation/Http/Kernel.php(170): Illuminate/Foundation/Http/Kernel->bootstrap()
#25 C:/Users/josea/Desktop/Proyectois/vendor/laravel/framework/src/Illuminate/Foundation/Http/Kernel.php(144): Illuminate/Foundation/Http/Kernel->sendRequestThroughRouter(Object(Illuminate/Http/Request))
#26 C:/Users/josea/Desktop/Proyectois/vendor/laravel/framework/src/Illuminate/Foundation/Application.php(1227): Illuminate/Foundation/Http/Kernel->handle(Object(Illuminate/Http/Request))
#27 C:/Users/josea/Desktop/Proyectois/public/index.php(17): Illuminate/Foundation/Application->handleRequest(Object(Illuminate/Http/Request))
#28 C:/Users/josea/Desktop/Proyectois/vendor/laravel/framework/src/Illuminate/Foundation/resources/server.php(23): require_once('C://Users//josea//...')
#29 {main}
"} 
[2026-09-19 22:04:44] local.ERROR: syntax error, unexpected fully qualified name "\Http", expecting "{" {"exception":"[object] (ParseError(code: 0): syntax error, unexpected fully qualified name \"\\Http\", expecting \"{\" at C:/Users/josea/Desktop/Proyectois/routes/web.php:15)
[stacktrace]
#0 C:/Users/josea/Desktop/Proyectois/vendor/laravel/framework/src/Illuminate/Routing/Router.php(526): Illuminate/Routing/RouteFileRegistrar->register('C://Users//josea//...')
#1 C:/Users/josea/Desktop/Proyectois/vendor/laravel/framework/src/Illuminate/Routing/Router.php(480): Illuminate/Routing/Router->loadRoutes('C://Users//josea//...')
#2 C:/Users/josea/Desktop/Proyectois/vendor/laravel/framework/src/Illuminate/Routing/RouteRegistrar.php(224): Illuminate/Routing/Router->group(Array, 'C://Users//josea//...')
#3 C:/Users/josea/Desktop/Proyectois/vendor/laravel/framework/src/Illuminate/Foundation/Configuration/ApplicationBuilder.php(261): Illuminate/Routing/RouteRegistrar->group('C://Users//josea//...')
#4 C:/Users/josea/Desktop/Proyectois/vendor/laravel/framework/src/Illuminate/Container/BoundMethod.php(36): Illuminate/Foundation/Configuration/ApplicationBuilder->{closure:Illuminate/Foundation/Configuration/ApplicationBuilder::buildRoutingCallback():210}()
#5 C:/Users/josea/Desktop/Proyectois/vendor/laravel/framework/src/Illuminate/Container/Util.php(43): Illuminate/Container/BoundMethod::{closure:Illuminate/Container/BoundMethod::call():35}()
#6 C:/Users/josea/Desktop/Proyectois/vendor/laravel/framework/src/Illuminate/Container/BoundMethod.php(84): Illuminate/Container/Util::unwrapIfClosure(Object(Closure))
#7 C:/Users/josea/Desktop/Proyectois/vendor/laravel/framework/src/Illuminate/Container/BoundMethod.php(35): Illuminate/Container/BoundMethod::callBoundMethod(Object(Illuminate/Foundation/Application), Object(Closure), Object(Closure))
#8 C:/Users/josea/Desktop/Proyectois/vendor/laravel/framework/src/Illuminate/Container/Container.php(803): Illuminate/Container/BoundMethod::call(Object(Illuminate/Foundation/Application), Object(Closure), Array, NULL)
#9 C:/Users/josea/Desktop/Proyectois/vendor/laravel/framework/src/Illuminate/Foundation/Support/Providers/RouteServiceProvider.php(162): Illuminate/Container/Container->call(Object(Closure))
#10 C:/Users/josea/Desktop/Proyectois/vendor/laravel/framework/src/Illuminate/Foundation/Support/Providers/RouteServiceProvider.php(59): Illuminate/Foundation/Support/Providers/RouteServiceProvider->loadRoutes()
#11 C:/Users/josea/Desktop/Proyectois/vendor/laravel/framework/src/Illuminate/Container/BoundMethod.php(36): Illuminate/Foundation/Support/Providers/RouteServiceProvider->{closure:Illuminate/Foundation/Support/Providers/RouteServiceProvider::register():53}()
#12 C:/Users/josea/Desktop/Proyectois/vendor/laravel/framework/src/Illuminate/Container/Util.php(43): Illuminate/Container/BoundMethod::{closure:Illuminate/Container/BoundMethod::call():35}()
#13 C:/Users/josea/Desktop/Proyectois/vendor/laravel/framework/src/Illuminate/Container/BoundMethod.php(84): Illuminate/Container/Util::unwrapIfClosure(Object(Closure))
#14 C:/Users/josea/Desktop/Proyectois/vendor/laravel/framework/src/Illuminate/Container/BoundMethod.php(35): Illuminate/Container/BoundMethod::callBoundMethod(Object(Illuminate/Foundation/Application), Object(Closure), Object(Closure))
#15 C:/Users/josea/Desktop/Proyectois/vendor/laravel/framework/src/Illuminate/Container/Container.php(803): Illuminate/Container/BoundMethod::call(Object(Illuminate/Foundation/Application), Object(Closure), Array, NULL)
#16 C:/Users/josea/Desktop/Proyectois/vendor/laravel/framework/src/Illuminate/Support/ServiceProvider.php(150): Illuminate/Container/Container->call(Object(Closure))
#17 C:/Users/josea/Desktop/Proyectois/vendor/laravel/framework/src/Illuminate/Foundation/Application.php(1161): Illuminate/Support/ServiceProvider->callBootedCallbacks()
#18 C:/Users/josea/Desktop/Proyectois/vendor/laravel/framework/src/Illuminate/Foundation/Application.php(1139): Illuminate/Foundation/Application->bootProvider(Object(Illuminate/Foundation/Support/Providers/RouteServiceProvider))
#19 [internal function]: Illuminate/Foundation/Application->{closure:Illuminate/Foundation/Application::boot():1138}(Object(Illuminate/Foundation/Support/Providers/RouteServiceProvider), 'Illuminate//Foun...')
#20 C:/Users/josea/Desktop/Proyectois/vendor/laravel/framework/src/Illuminate/Foundation/Application.php(1138): array_walk(Array, Object(Closure))
#21 C:/Users/josea/Desktop/Proyectois/vendor/laravel/framework/src/Illuminate/Foundation/Bootstrap/BootProviders.php(17): Illuminate/Foundation/Application->boot()
#22 C:/Users/josea/Desktop/Proyectois/vendor/laravel/framework/src/Illuminate/Foundation/Application.php(349): Illuminate/Foundation/Bootstrap/BootProviders->bootstrap(Object(Illuminate/Foundation/Application))
#23 C:/Users/josea/Desktop/Proyectois/vendor/laravel/framework/src/Illuminate/Foundation/Http/Kernel.php(186): Illuminate/Foundation/Application->bootstrapWith(Array)
#24 C:/Users/josea/Desktop/Proyectois/vendor/laravel/framework/src/Illuminate/Foundation/Http/Kernel.php(170): Illuminate/Foundation/Http/Kernel->bootstrap()
#25 C:/Users/josea/Desktop/Proyectois/vendor/laravel/framework/src/Illuminate/Foundation/Http/Kernel.php(144): Illuminate/Foundation/Http/Kernel->sendRequestThroughRouter(Object(Illuminate/Http/Request))
#26 C:/Users/josea/Desktop/Proyectois/vendor/laravel/framework/src/Illuminate/Foundation/Application.php(1227): Illuminate/Foundation/Http/Kernel->handle(Object(Illuminate/Http/Request))
#27 C:/Users/josea/Desktop/Proyectois/public/index.php(17): Illuminate/Foundation/Application->handleRequest(Object(Illuminate/Http/Request))
#28 C:/Users/josea/Desktop/Proyectois/vendor/laravel/framework/src/Illuminate/Foundation/resources/server.php(23): require_once('C://Users//josea//...')
#29 {main}
"} 
[2026-09-19 22:04:45] local.ERROR: syntax error, unexpected fully qualified name "\Http", expecting "{" {"exception":"[object] (ParseError(code: 0): syntax error, unexpected fully qualified name \"\\Http\", expecting \"{\" at C:/Users/josea/Desktop/Proyectois/routes/web.php:15)
[stacktrace]
#0 C:/Users/josea/Desktop/Proyectois/vendor/laravel/framework/src/Illuminate/Routing/Router.php(526): Illuminate/Routing/RouteFileRegistrar->register('C://Users//josea//...')
#1 C:/Users/josea/Desktop/Proyectois/vendor/laravel/framework/src/Illuminate/Routing/Router.php(480): Illuminate/Routing/Router->loadRoutes('C://Users//josea//...')
#2 C:/Users/josea/Desktop/Proyectois/vendor/laravel/framework/src/Illuminate/Routing/RouteRegistrar.php(224): Illuminate/Routing/Router->group(Array, 'C://Users//josea//...')
#3 C:/Users/josea/Desktop/Proyectois/vendor/laravel/framework/src/Illuminate/Foundation/Configuration/ApplicationBuilder.php(261): Illuminate/Routing/RouteRegistrar->group('C://Users//josea//...')
#4 C:/Users/josea/Desktop/Proyectois/vendor/laravel/framework/src/Illuminate/Container/BoundMethod.php(36): Illuminate/Foundation/Configuration/ApplicationBuilder->{closure:Illuminate/Foundation/Configuration/ApplicationBuilder::buildRoutingCallback():210}()
#5 C:/Users/josea/Desktop/Proyectois/vendor/laravel/framework/src/Illuminate/Container/Util.php(43): Illuminate/Container/BoundMethod::{closure:Illuminate/Container/BoundMethod::call():35}()
#6 C:/Users/josea/Desktop/Proyectois/vendor/laravel/framework/src/Illuminate/Container/BoundMethod.php(84): Illuminate/Container/Util::unwrapIfClosure(Object(Closure))
#7 C:/Users/josea/Desktop/Proyectois/vendor/laravel/framework/src/Illuminate/Container/BoundMethod.php(35): Illuminate/Container/BoundMethod::callBoundMethod(Object(Illuminate/Foundation/Application), Object(Closure), Object(Closure))
#8 C:/Users/josea/Desktop/Proyectois/vendor/laravel/framework/src/Illuminate/Container/Container.php(803): Illuminate/Container/BoundMethod::call(Object(Illuminate/Foundation/Application), Object(Closure), Array, NULL)
#9 C:/Users/josea/Desktop/Proyectois/vendor/laravel/framework/src/Illuminate/Foundation/Support/Providers/RouteServiceProvider.php(162): Illuminate/Container/Container->call(Object(Closure))
#10 C:/Users/josea/Desktop/Proyectois/vendor/laravel/framework/src/Illuminate/Foundation/Support/Providers/RouteServiceProvider.php(59): Illuminate/Foundation/Support/Providers/RouteServiceProvider->loadRoutes()
#11 C:/Users/josea/Desktop/Proyectois/vendor/laravel/framework/src/Illuminate/Container/BoundMethod.php(36): Illuminate/Foundation/Support/Providers/RouteServiceProvider->{closure:Illuminate/Foundation/Support/Providers/RouteServiceProvider::register():53}()
#12 C:/Users/josea/Desktop/Proyectois/vendor/laravel/framework/src/Illuminate/Container/Util.php(43): Illuminate/Container/BoundMethod::{closure:Illuminate/Container/BoundMethod::call():35}()
#13 C:/Users/josea/Desktop/Proyectois/vendor/laravel/framework/src/Illuminate/Container/BoundMethod.php(84): Illuminate/Container/Util::unwrapIfClosure(Object(Closure))
#14 C:/Users/josea/Desktop/Proyectois/vendor/laravel/framework/src/Illuminate/Container/BoundMethod.php(35): Illuminate/Container/BoundMethod::callBoundMethod(Object(Illuminate/Foundation/Application), Object(Closure), Object(Closure))
#15 C:/Users/josea/Desktop/Proyectois/vendor/laravel/framework/src/Illuminate/Container/Container.php(803): Illuminate/Container/BoundMethod::call(Object(Illuminate/Foundation/Application), Object(Closure), Array, NULL)
#16 C:/Users/josea/Desktop/Proyectois/vendor/laravel/framework/src/Illuminate/Support/ServiceProvider.php(150): Illuminate/Container/Container->call(Object(Closure))
#17 C:/Users/josea/Desktop/Proyectois/vendor/laravel/framework/src/Illuminate/Foundation/Application.php(1161): Illuminate/Support/ServiceProvider->callBootedCallbacks()
#18 C:/Users/josea/Desktop/Proyectois/vendor/laravel/framework/src/Illuminate/Foundation/Application.php(1139): Illuminate/Foundation/Application->bootProvider(Object(Illuminate/Foundation/Support/Providers/RouteServiceProvider))
#19 [internal function]: Illuminate/Foundation/Application->{closure:Illuminate/Foundation/Application::boot():1138}(Object(Illuminate/Foundation/Support/Providers/RouteServiceProvider), 'Illuminate//Foun...')
#20 C:/Users/josea/Desktop/Proyectois/vendor/laravel/framework/src/Illuminate/Foundation/Application.php(1138): array_walk(Array, Object(Closure))
#21 C:/Users/josea/Desktop/Proyectois/vendor/laravel/framework/src/Illuminate/Foundation/Bootstrap/BootProviders.php(17): Illuminate/Foundation/Application->boot()
#22 C:/Users/josea/Desktop/Proyectois/vendor/laravel/framework/src/Illuminate/Foundation/Application.php(349): Illuminate/Foundation/Bootstrap/BootProviders->bootstrap(Object(Illuminate/Foundation/Application))
#23 C:/Users/josea/Desktop/Proyectois/vendor/laravel/framework/src/Illuminate/Foundation/Http/Kernel.php(186): Illuminate/Foundation/Application->bootstrapWith(Array)
#24 C:/Users/josea/Desktop/Proyectois/vendor/laravel/framework/src/Illuminate/Foundation/Http/Kernel.php(170): Illuminate/Foundation/Http/Kernel->bootstrap()
#25 C:/Users/josea/Desktop/Proyectois/vendor/laravel/framework/src/Illuminate/Foundation/Http/Kernel.php(144): Illuminate/Foundation/Http/Kernel->sendRequestThroughRouter(Object(Illuminate/Http/Request))
#26 C:/Users/josea/Desktop/Proyectois/vendor/laravel/framework/src/Illuminate/Foundation/Application.php(1227): Illuminate/Foundation/Http/Kernel->handle(Object(Illuminate/Http/Request))
#27 C:/Users/josea/Desktop/Proyectois/public/index.php(17): Illuminate/Foundation/Application->handleRequest(Object(Illuminate/Http/Request))
#28 C:/Users/josea/Desktop/Proyectois/vendor/laravel/framework/src/Illuminate/Foundation/resources/server.php(23): require_once('C://Users//josea//...')
#29 {main}
"} 
[2026-09-19 22:07:37] local.ERROR: syntax error, unexpected fully qualified name "\Http", expecting "{" {"exception":"[object] (ParseError(code: 0): syntax error, unexpected fully qualified name \"\\Http\", expecting \"{\" at C:/Users/josea/Desktop/Proyectois/routes/web.php:15)
[stacktrace]
#0 C:/Users/josea/Desktop/Proyectois/vendor/laravel/framework/src/Illuminate/Routing/Router.php(526): Illuminate/Routing/RouteFileRegistrar->register('C://Users//josea//...')
#1 C:/Users/josea/Desktop/Proyectois/vendor/laravel/framework/src/Illuminate/Routing/Router.php(480): Illuminate/Routing/Router->loadRoutes('C://Users//josea//...')
#2 C:/Users/josea/Desktop/Proyectois/vendor/laravel/framework/src/Illuminate/Routing/RouteRegistrar.php(224): Illuminate/Routing/Router->group(Array, 'C://Users//josea//...')
#3 C:/Users/josea/Desktop/Proyectois/vendor/laravel/framework/src/Illuminate/Foundation/Configuration/ApplicationBuilder.php(261): Illuminate/Routing/RouteRegistrar->group('C://Users//josea//...')
#4 C:/Users/josea/Desktop/Proyectois/vendor/laravel/framework/src/Illuminate/Container/BoundMethod.php(36): Illuminate/Foundation/Configuration/ApplicationBuilder->{closure:Illuminate/Foundation/Configuration/ApplicationBuilder::buildRoutingCallback():210}()
#5 C:/Users/josea/Desktop/Proyectois/vendor/laravel/framework/src/Illuminate/Container/Util.php(43): Illuminate/Container/BoundMethod::{closure:Illuminate/Container/BoundMethod::call():35}()
#6 C:/Users/josea/Desktop/Proyectois/vendor/laravel/framework/src/Illuminate/Container/BoundMethod.php(84): Illuminate/Container/Util::unwrapIfClosure(Object(Closure))
#7 C:/Users/josea/Desktop/Proyectois/vendor/laravel/framework/src/Illuminate/Container/BoundMethod.php(35): Illuminate/Container/BoundMethod::callBoundMethod(Object(Illuminate/Foundation/Application), Object(Closure), Object(Closure))
#8 C:/Users/josea/Desktop/Proyectois/vendor/laravel/framework/src/Illuminate/Container/Container.php(803): Illuminate/Container/BoundMethod::call(Object(Illuminate/Foundation/Application), Object(Closure), Array, NULL)
#9 C:/Users/josea/Desktop/Proyectois/vendor/laravel/framework/src/Illuminate/Foundation/Support/Providers/RouteServiceProvider.php(162): Illuminate/Container/Container->call(Object(Closure))
#10 C:/Users/josea/Desktop/Proyectois/vendor/laravel/framework/src/Illuminate/Foundation/Support/Providers/RouteServiceProvider.php(59): Illuminate/Foundation/Support/Providers/RouteServiceProvider->loadRoutes()
#11 C:/Users/josea/Desktop/Proyectois/vendor/laravel/framework/src/Illuminate/Container/BoundMethod.php(36): Illuminate/Foundation/Support/Providers/RouteServiceProvider->{closure:Illuminate/Foundation/Support/Providers/RouteServiceProvider::register():53}()
#12 C:/Users/josea/Desktop/Proyectois/vendor/laravel/framework/src/Illuminate/Container/Util.php(43): Illuminate/Container/BoundMethod::{closure:Illuminate/Container/BoundMethod::call():35}()
#13 C:/Users/josea/Desktop/Proyectois/vendor/laravel/framework/src/Illuminate/Container/BoundMethod.php(84): Illuminate/Container/Util::unwrapIfClosure(Object(Closure))
#14 C:/Users/josea/Desktop/Proyectois/vendor/laravel/framework/src/Illuminate/Container/BoundMethod.php(35): Illuminate/Container/BoundMethod::callBoundMethod(Object(Illuminate/Foundation/Application), Object(Closure), Object(Closure))
#15 C:/Users/josea/Desktop/Proyectois/vendor/laravel/framework/src/Illuminate/Container/Container.php(803): Illuminate/Container/BoundMethod::call(Object(Illuminate/Foundation/Application), Object(Closure), Array, NULL)
#16 C:/Users/josea/Desktop/Proyectois/vendor/laravel/framework/src/Illuminate/Support/ServiceProvider.php(150): Illuminate/Container/Container->call(Object(Closure))
#17 C:/Users/josea/Desktop/Proyectois/vendor/laravel/framework/src/Illuminate/Foundation/Application.php(1161): Illuminate/Support/ServiceProvider->callBootedCallbacks()
#18 C:/Users/josea/Desktop/Proyectois/vendor/laravel/framework/src/Illuminate/Foundation/Application.php(1139): Illuminate/Foundation/Application->bootProvider(Object(Illuminate/Foundation/Support/Providers/RouteServiceProvider))
#19 [internal function]: Illuminate/Foundation/Application->{closure:Illuminate/Foundation/Application::boot():1138}(Object(Illuminate/Foundation/Support/Providers/RouteServiceProvider), 'Illuminate//Foun...')
#20 C:/Users/josea/Desktop/Proyectois/vendor/laravel/framework/src/Illuminate/Foundation/Application.php(1138): array_walk(Array, Object(Closure))
#21 C:/Users/josea/Desktop/Proyectois/vendor/laravel/framework/src/Illuminate/Foundation/Bootstrap/BootProviders.php(17): Illuminate/Foundation/Application->boot()
#22 C:/Users/josea/Desktop/Proyectois/vendor/laravel/framework/src/Illuminate/Foundation/Application.php(349): Illuminate/Foundation/Bootstrap/BootProviders->bootstrap(Object(Illuminate/Foundation/Application))
#23 C:/Users/josea/Desktop/Proyectois/vendor/laravel/framework/src/Illuminate/Foundation/Http/Kernel.php(186): Illuminate/Foundation/Application->bootstrapWith(Array)
#24 C:/Users/josea/Desktop/Proyectois/vendor/laravel/framework/src/Illuminate/Foundation/Http/Kernel.php(170): Illuminate/Foundation/Http/Kernel->bootstrap()
#25 C:/Users/josea/Desktop/Proyectois/vendor/laravel/framework/src/Illuminate/Foundation/Http/Kernel.php(144): Illuminate/Foundation/Http/Kernel->sendRequestThroughRouter(Object(Illuminate/Http/Request))
#26 C:/Users/josea/Desktop/Proyectois/vendor/laravel/framework/src/Illuminate/Foundation/Application.php(1227): Illuminate/Foundation/Http/Kernel->handle(Object(Illuminate/Http/Request))
#27 C:/Users/josea/Desktop/Proyectois/public/index.php(17): Illuminate/Foundation/Application->handleRequest(Object(Illuminate/Http/Request))
#28 C:/Users/josea/Desktop/Proyectois/vendor/laravel/framework/src/Illuminate/Foundation/resources/server.php(23): require_once('C://Users//josea//...')
#29 {main}
"} 
[2026-09-19 22:48:50] local.ERROR: Class "App\Services\ReorderRuleService" does not exist {"exception":"[object] (ReflectionException(code: -1): Class \"App\\Services\\ReorderRuleService\" does not exist at C:/Users/josea/Desktop/Proyectois/vendor/laravel/framework/src/Illuminate/Routing/ResolvesRouteDependencies.php:88)
[stacktrace]
#0 C:/Users/josea/Desktop/Proyectois/vendor/laravel/framework/src/Illuminate/Routing/ResolvesRouteDependencies.php(88): ReflectionClass->__construct('App//Services//Re...')
#1 C:/Users/josea/Desktop/Proyectois/vendor/laravel/framework/src/Illuminate/Routing/ResolvesRouteDependencies.php(51): Illuminate/Routing/ControllerDispatcher->transformDependency(Object(ReflectionParameter), Array, Object(stdClass))
#2 C:/Users/josea/Desktop/Proyectois/vendor/laravel/framework/src/Illuminate/Routing/ResolvesRouteDependencies.php(30): Illuminate/Routing/ControllerDispatcher->resolveMethodDependencies(Array, Object(ReflectionMethod))
#3 C:/Users/josea/Desktop/Proyectois/vendor/laravel/framework/src/Illuminate/Routing/ControllerDispatcher.php(59): Illuminate/Routing/ControllerDispatcher->resolveClassMethodDependencies(Array, Object(App/Http/Controllers/ReorderRuleController), 'syncAll')
#4 C:/Users/josea/Desktop/Proyectois/vendor/laravel/framework/src/Illuminate/Routing/ControllerDispatcher.php(40): Illuminate/Routing/ControllerDispatcher->resolveParameters(Object(Illuminate/Routing/Route), Object(App/Http/Controllers/ReorderRuleController), 'syncAll')
#5 C:/Users/josea/Desktop/Proyectois/vendor/laravel/framework/src/Illuminate/Routing/Route.php(276): Illuminate/Routing/ControllerDispatcher->dispatch(Object(Illuminate/Routing/Route), Object(App/Http/Controllers/ReorderRuleController), 'syncAll')
#6 C:/Users/josea/Desktop/Proyectois/vendor/laravel/framework/src/Illuminate/Routing/Route.php(216): Illuminate/Routing/Route->runController()
#7 C:/Users/josea/Desktop/Proyectois/vendor/laravel/framework/src/Illuminate/Routing/Router.php(822): Illuminate/Routing/Route->run()
#8 C:/Users/josea/Desktop/Proyectois/vendor/laravel/framework/src/Illuminate/Pipeline/Pipeline.php(180): Illuminate/Routing/Router->{closure:Illuminate/Routing/Router::runRouteWithinStack():821}(Object(Illuminate/Http/Request))
#9 C:/Users/josea/Desktop/Proyectois/vendor/inertiajs/inertia-laravel/src/Middleware.php(122): Illuminate/Pipeline/Pipeline->{closure:Illuminate/Pipeline/Pipeline::prepareDestination():178}(Object(Illuminate/Http/Request))
#10 C:/Users/josea/Desktop/Proyectois/vendor/laravel/framework/src/Illuminate/Pipeline/Pipeline.php(219): Inertia/Middleware->handle(Object(Illuminate/Http/Request), Object(Closure))
#11 C:/Users/josea/Desktop/Proyectois/vendor/laravel/framework/src/Illuminate/Routing/Middleware/SubstituteBindings.php(52): Illuminate/Pipeline/Pipeline->{closure:{closure:Illuminate/Pipeline/Pipeline::carry():194}:195}(Object(Illuminate/Http/Request))
#12 C:/Users/josea/Desktop/Proyectois/vendor/laravel/framework/src/Illuminate/Pipeline/Pipeline.php(219): Illuminate/Routing/Middleware/SubstituteBindings->handle(Object(Illuminate/Http/Request), Object(Closure))
#13 C:/Users/josea/Desktop/Proyectois/vendor/laravel/framework/src/Illuminate/Foundation/Http/Middleware/PreventRequestForgery.php(104): Illuminate/Pipeline/Pipeline->{closure:{closure:Illuminate/Pipeline/Pipeline::carry():194}:195}(Object(Illuminate/Http/Request))
#14 C:/Users/josea/Desktop/Proyectois/vendor/laravel/framework/src/Illuminate/Pipeline/Pipeline.php(219): Illuminate/Foundation/Http/Middleware/PreventRequestForgery->handle(Object(Illuminate/Http/Request), Object(Closure))
#15 C:/Users/josea/Desktop/Proyectois/vendor/laravel/framework/src/Illuminate/View/Middleware/ShareErrorsFromSession.php(48): Illuminate/Pipeline/Pipeline->{closure:{closure:Illuminate/Pipeline/Pipeline::carry():194}:195}(Object(Illuminate/Http/Request))
#16 C:/Users/josea/Desktop/Proyectois/vendor/laravel/framework/src/Illuminate/Pipeline/Pipeline.php(219): Illuminate/View/Middleware/ShareErrorsFromSession->handle(Object(Illuminate/Http/Request), Object(Closure))
#17 C:/Users/josea/Desktop/Proyectois/vendor/laravel/framework/src/Illuminate/Session/Middleware/StartSession.php(120): Illuminate/Pipeline/Pipeline->{closure:{closure:Illuminate/Pipeline/Pipeline::carry():194}:195}(Object(Illuminate/Http/Request))
#18 C:/Users/josea/Desktop/Proyectois/vendor/laravel/framework/src/Illuminate/Session/Middleware/StartSession.php(63): Illuminate/Session/Middleware/StartSession->handleStatefulRequest(Object(Illuminate/Http/Request), Object(Illuminate/Session/Store), Object(Closure))
#19 C:/Users/josea/Desktop/Proyectois/vendor/laravel/framework/src/Illuminate/Pipeline/Pipeline.php(219): Illuminate/Session/Middleware/StartSession->handle(Object(Illuminate/Http/Request), Object(Closure))
#20 C:/Users/josea/Desktop/Proyectois/vendor/laravel/framework/src/Illuminate/Cookie/Middleware/AddQueuedCookiesToResponse.php(36): Illuminate/Pipeline/Pipeline->{closure:{closure:Illuminate/Pipeline/Pipeline::carry():194}:195}(Object(Illuminate/Http/Request))
#21 C:/Users/josea/Desktop/Proyectois/vendor/laravel/framework/src/Illuminate/Pipeline/Pipeline.php(219): Illuminate/Cookie/Middleware/AddQueuedCookiesToResponse->handle(Object(Illuminate/Http/Request), Object(Closure))
#22 C:/Users/josea/Desktop/Proyectois/vendor/laravel/framework/src/Illuminate/Cookie/Middleware/EncryptCookies.php(74): Illuminate/Pipeline/Pipeline->{closure:{closure:Illuminate/Pipeline/Pipeline::carry():194}:195}(Object(Illuminate/Http/Request))
#23 C:/Users/josea/Desktop/Proyectois/vendor/laravel/framework/src/Illuminate/Pipeline/Pipeline.php(219): Illuminate/Cookie/Middleware/EncryptCookies->handle(Object(Illuminate/Http/Request), Object(Closure))
#24 C:/Users/josea/Desktop/Proyectois/vendor/laravel/framework/src/Illuminate/Pipeline/Pipeline.php(137): Illuminate/Pipeline/Pipeline->{closure:{closure:Illuminate/Pipeline/Pipeline::carry():194}:195}(Object(Illuminate/Http/Request))
#25 C:/Users/josea/Desktop/Proyectois/vendor/laravel/framework/src/Illuminate/Routing/Router.php(821): Illuminate/Pipeline/Pipeline->then(Object(Closure))
#26 C:/Users/josea/Desktop/Proyectois/vendor/laravel/framework/src/Illuminate/Routing/Router.php(800): Illuminate/Routing/Router->runRouteWithinStack(Object(Illuminate/Routing/Route), Object(Illuminate/Http/Request))
#27 C:/Users/josea/Desktop/Proyectois/vendor/laravel/framework/src/Illuminate/Routing/Router.php(764): Illuminate/Routing/Router->runRoute(Object(Illuminate/Http/Request), Object(Illuminate/Routing/Route))
#28 C:/Users/josea/Desktop/Proyectois/vendor/laravel/framework/src/Illuminate/Routing/Router.php(753): Illuminate/Routing/Router->dispatchToRoute(Object(Illuminate/Http/Request))
#29 C:/Users/josea/Desktop/Proyectois/vendor/laravel/framework/src/Illuminate/Foundation/Http/Kernel.php(200): Illuminate/Routing/Router->dispatch(Object(Illuminate/Http/Request))
#30 C:/Users/josea/Desktop/Proyectois/vendor/laravel/framework/src/Illuminate/Pipeline/Pipeline.php(180): Illuminate/Foundation/Http/Kernel->{closure:Illuminate/Foundation/Http/Kernel::dispatchToRouter():197}(Object(Illuminate/Http/Request))
#31 C:/Users/josea/Desktop/Proyectois/vendor/laravel/framework/src/Illuminate/Foundation/Http/Middleware/TransformsRequest.php(21): Illuminate/Pipeline/Pipeline->{closure:Illuminate/Pipeline/Pipeline::prepareDestination():178}(Object(Illuminate/Http/Request))
#32 C:/Users/josea/Desktop/Proyectois/vendor/laravel/framework/src/Illuminate/Foundation/Http/Middleware/ConvertEmptyStringsToNull.php(31): Illuminate/Foundation/Http/Middleware/TransformsRequest->handle(Object(Illuminate/Http/Request), Object(Closure))
#33 C:/Users/josea/Desktop/Proyectois/vendor/laravel/framework/src/Illuminate/Pipeline/Pipeline.php(219): Illuminate/Foundation/Http/Middleware/ConvertEmptyStringsToNull->handle(Object(Illuminate/Http/Request), Object(Closure))
#34 C:/Users/josea/Desktop/Proyectois/vendor/laravel/framework/src/Illuminate/Foundation/Http/Middleware/TransformsRequest.php(21): Illuminate/Pipeline/Pipeline->{closure:{closure:Illuminate/Pipeline/Pipeline::carry():194}:195}(Object(Illuminate/Http/Request))
#35 C:/Users/josea/Desktop/Proyectois/vendor/laravel/framework/src/Illuminate/Foundation/Http/Middleware/TrimStrings.php(51): Illuminate/Foundation/Http/Middleware/TransformsRequest->handle(Object(Illuminate/Http/Request), Object(Closure))
#36 C:/Users/josea/Desktop/Proyectois/vendor/laravel/framework/src/Illuminate/Pipeline/Pipeline.php(219): Illuminate/Foundation/Http/Middleware/TrimStrings->handle(Object(Illuminate/Http/Request), Object(Closure))
#37 C:/Users/josea/Desktop/Proyectois/vendor/laravel/framework/src/Illuminate/Http/Middleware/ValidatePostSize.php(27): Illuminate/Pipeline/Pipeline->{closure:{closure:Illuminate/Pipeline/Pipeline::carry():194}:195}(Object(Illuminate/Http/Request))
#38 C:/Users/josea/Desktop/Proyectois/vendor/laravel/framework/src/Illuminate/Pipeline/Pipeline.php(219): Illuminate/Http/Middleware/ValidatePostSize->handle(Object(Illuminate/Http/Request), Object(Closure))
#39 C:/Users/josea/Desktop/Proyectois/vendor/laravel/framework/src/Illuminate/Foundation/Http/Middleware/PreventRequestsDuringMaintenance.php(110): Illuminate/Pipeline/Pipeline->{closure:{closure:Illuminate/Pipeline/Pipeline::carry():194}:195}(Object(Illuminate/Http/Request))
#40 C:/Users/josea/Desktop/Proyectois/vendor/laravel/framework/src/Illuminate/Pipeline/Pipeline.php(219): Illuminate/Foundation/Http/Middleware/PreventRequestsDuringMaintenance->handle(Object(Illuminate/Http/Request), Object(Closure))
#41 C:/Users/josea/Desktop/Proyectois/vendor/laravel/framework/src/Illuminate/Http/Middleware/HandleCors.php(61): Illuminate/Pipeline/Pipeline->{closure:{closure:Illuminate/Pipeline/Pipeline::carry():194}:195}(Object(Illuminate/Http/Request))
#42 C:/Users/josea/Desktop/Proyectois/vendor/laravel/framework/src/Illuminate/Pipeline/Pipeline.php(219): Illuminate/Http/Middleware/HandleCors->handle(Object(Illuminate/Http/Request), Object(Closure))
#43 C:/Users/josea/Desktop/Proyectois/vendor/laravel/framework/src/Illuminate/Http/Middleware/TrustProxies.php(58): Illuminate/Pipeline/Pipeline->{closure:{closure:Illuminate/Pipeline/Pipeline::carry():194}:195}(Object(Illuminate/Http/Request))
#44 C:/Users/josea/Desktop/Proyectois/vendor/laravel/framework/src/Illuminate/Pipeline/Pipeline.php(219): Illuminate/Http/Middleware/TrustProxies->handle(Object(Illuminate/Http/Request), Object(Closure))
#45 C:/Users/josea/Desktop/Proyectois/vendor/laravel/framework/src/Illuminate/Foundation/Http/Middleware/InvokeDeferredCallbacks.php(22): Illuminate/Pipeline/Pipeline->{closure:{closure:Illuminate/Pipeline/Pipeline::carry():194}:195}(Object(Illuminate/Http/Request))
#46 C:/Users/josea/Desktop/Proyectois/vendor/laravel/framework/src/Illuminate/Pipeline/Pipeline.php(219): Illuminate/Foundation/Http/Middleware/InvokeDeferredCallbacks->handle(Object(Illuminate/Http/Request), Object(Closure))
#47 C:/Users/josea/Desktop/Proyectois/vendor/laravel/framework/src/Illuminate/Http/Middleware/ValidatePathEncoding.php(28): Illuminate/Pipeline/Pipeline->{closure:{closure:Illuminate/Pipeline/Pipeline::carry():194}:195}(Object(Illuminate/Http/Request))
#48 C:/Users/josea/Desktop/Proyectois/vendor/laravel/framework/src/Illuminate/Pipeline/Pipeline.php(219): Illuminate/Http/Middleware/ValidatePathEncoding->handle(Object(Illuminate/Http/Request), Object(Closure))
#49 C:/Users/josea/Desktop/Proyectois/vendor/laravel/framework/src/Illuminate/Pipeline/Pipeline.php(137): Illuminate/Pipeline/Pipeline->{closure:{closure:Illuminate/Pipeline/Pipeline::carry():194}:195}(Object(Illuminate/Http/Request))
#50 C:/Users/josea/Desktop/Proyectois/vendor/laravel/framework/src/Illuminate/Foundation/Http/Kernel.php(175): Illuminate/Pipeline/Pipeline->then(Object(Closure))
#51 C:/Users/josea/Desktop/Proyectois/vendor/laravel/framework/src/Illuminate/Foundation/Http/Kernel.php(144): Illuminate/Foundation/Http/Kernel->sendRequestThroughRouter(Object(Illuminate/Http/Request))
#52 C:/Users/josea/Desktop/Proyectois/vendor/laravel/framework/src/Illuminate/Foundation/Application.php(1227): Illuminate/Foundation/Http/Kernel->handle(Object(Illuminate/Http/Request))
#53 C:/Users/josea/Desktop/Proyectois/public/index.php(17): Illuminate/Foundation/Application->handleRequest(Object(Illuminate/Http/Request))
#54 C:/Users/josea/Desktop/Proyectois/vendor/laravel/framework/src/Illuminate/Foundation/resources/server.php(23): require_once('C://Users//josea//...')
#55 {main}
"} 
[2026-09-19 22:49:21] local.ERROR: Class "App\Services\ReorderRuleService" does not exist {"exception":"[object] (ReflectionException(code: -1): Class \"App\\Services\\ReorderRuleService\" does not exist at C:/Users/josea/Desktop/Proyectois/vendor/laravel/framework/src/Illuminate/Routing/ResolvesRouteDependencies.php:88)
[stacktrace]
#0 C:/Users/josea/Desktop/Proyectois/vendor/laravel/framework/src/Illuminate/Routing/ResolvesRouteDependencies.php(88): ReflectionClass->__construct('App//Services//Re...')
#1 C:/Users/josea/Desktop/Proyectois/vendor/laravel/framework/src/Illuminate/Routing/ResolvesRouteDependencies.php(51): Illuminate/Routing/ControllerDispatcher->transformDependency(Object(ReflectionParameter), Array, Object(stdClass))
#2 C:/Users/josea/Desktop/Proyectois/vendor/laravel/framework/src/Illuminate/Routing/ResolvesRouteDependencies.php(30): Illuminate/Routing/ControllerDispatcher->resolveMethodDependencies(Array, Object(ReflectionMethod))
#3 C:/Users/josea/Desktop/Proyectois/vendor/laravel/framework/src/Illuminate/Routing/ControllerDispatcher.php(59): Illuminate/Routing/ControllerDispatcher->resolveClassMethodDependencies(Array, Object(App/Http/Controllers/ReorderRuleController), 'syncAll')
#4 C:/Users/josea/Desktop/Proyectois/vendor/laravel/framework/src/Illuminate/Routing/ControllerDispatcher.php(40): Illuminate/Routing/ControllerDispatcher->resolveParameters(Object(Illuminate/Routing/Route), Object(App/Http/Controllers/ReorderRuleController), 'syncAll')
#5 C:/Users/josea/Desktop/Proyectois/vendor/laravel/framework/src/Illuminate/Routing/Route.php(276): Illuminate/Routing/ControllerDispatcher->dispatch(Object(Illuminate/Routing/Route), Object(App/Http/Controllers/ReorderRuleController), 'syncAll')
#6 C:/Users/josea/Desktop/Proyectois/vendor/laravel/framework/src/Illuminate/Routing/Route.php(216): Illuminate/Routing/Route->runController()
#7 C:/Users/josea/Desktop/Proyectois/vendor/laravel/framework/src/Illuminate/Routing/Router.php(822): Illuminate/Routing/Route->run()
#8 C:/Users/josea/Desktop/Proyectois/vendor/laravel/framework/src/Illuminate/Pipeline/Pipeline.php(180): Illuminate/Routing/Router->{closure:Illuminate/Routing/Router::runRouteWithinStack():821}(Object(Illuminate/Http/Request))
#9 C:/Users/josea/Desktop/Proyectois/vendor/inertiajs/inertia-laravel/src/Middleware.php(122): Illuminate/Pipeline/Pipeline->{closure:Illuminate/Pipeline/Pipeline::prepareDestination():178}(Object(Illuminate/Http/Request))
#10 C:/Users/josea/Desktop/Proyectois/vendor/laravel/framework/src/Illuminate/Pipeline/Pipeline.php(219): Inertia/Middleware->handle(Object(Illuminate/Http/Request), Object(Closure))
#11 C:/Users/josea/Desktop/Proyectois/vendor/laravel/framework/src/Illuminate/Routing/Middleware/SubstituteBindings.php(52): Illuminate/Pipeline/Pipeline->{closure:{closure:Illuminate/Pipeline/Pipeline::carry():194}:195}(Object(Illuminate/Http/Request))
#12 C:/Users/josea/Desktop/Proyectois/vendor/laravel/framework/src/Illuminate/Pipeline/Pipeline.php(219): Illuminate/Routing/Middleware/SubstituteBindings->handle(Object(Illuminate/Http/Request), Object(Closure))
#13 C:/Users/josea/Desktop/Proyectois/vendor/laravel/framework/src/Illuminate/Foundation/Http/Middleware/PreventRequestForgery.php(104): Illuminate/Pipeline/Pipeline->{closure:{closure:Illuminate/Pipeline/Pipeline::carry():194}:195}(Object(Illuminate/Http/Request))
#14 C:/Users/josea/Desktop/Proyectois/vendor/laravel/framework/src/Illuminate/Pipeline/Pipeline.php(219): Illuminate/Foundation/Http/Middleware/PreventRequestForgery->handle(Object(Illuminate/Http/Request), Object(Closure))
#15 C:/Users/josea/Desktop/Proyectois/vendor/laravel/framework/src/Illuminate/View/Middleware/ShareErrorsFromSession.php(48): Illuminate/Pipeline/Pipeline->{closure:{closure:Illuminate/Pipeline/Pipeline::carry():194}:195}(Object(Illuminate/Http/Request))
#16 C:/Users/josea/Desktop/Proyectois/vendor/laravel/framework/src/Illuminate/Pipeline/Pipeline.php(219): Illuminate/View/Middleware/ShareErrorsFromSession->handle(Object(Illuminate/Http/Request), Object(Closure))
#17 C:/Users/josea/Desktop/Proyectois/vendor/laravel/framework/src/Illuminate/Session/Middleware/StartSession.php(120): Illuminate/Pipeline/Pipeline->{closure:{closure:Illuminate/Pipeline/Pipeline::carry():194}:195}(Object(Illuminate/Http/Request))
#18 C:/Users/josea/Desktop/Proyectois/vendor/laravel/framework/src/Illuminate/Session/Middleware/StartSession.php(63): Illuminate/Session/Middleware/StartSession->handleStatefulRequest(Object(Illuminate/Http/Request), Object(Illuminate/Session/Store), Object(Closure))
#19 C:/Users/josea/Desktop/Proyectois/vendor/laravel/framework/src/Illuminate/Pipeline/Pipeline.php(219): Illuminate/Session/Middleware/StartSession->handle(Object(Illuminate/Http/Request), Object(Closure))
#20 C:/Users/josea/Desktop/Proyectois/vendor/laravel/framework/src/Illuminate/Cookie/Middleware/AddQueuedCookiesToResponse.php(36): Illuminate/Pipeline/Pipeline->{closure:{closure:Illuminate/Pipeline/Pipeline::carry():194}:195}(Object(Illuminate/Http/Request))
#21 C:/Users/josea/Desktop/Proyectois/vendor/laravel/framework/src/Illuminate/Pipeline/Pipeline.php(219): Illuminate/Cookie/Middleware/AddQueuedCookiesToResponse->handle(Object(Illuminate/Http/Request), Object(Closure))
#22 C:/Users/josea/Desktop/Proyectois/vendor/laravel/framework/src/Illuminate/Cookie/Middleware/EncryptCookies.php(74): Illuminate/Pipeline/Pipeline->{closure:{closure:Illuminate/Pipeline/Pipeline::carry():194}:195}(Object(Illuminate/Http/Request))
#23 C:/Users/josea/Desktop/Proyectois/vendor/laravel/framework/src/Illuminate/Pipeline/Pipeline.php(219): Illuminate/Cookie/Middleware/EncryptCookies->handle(Object(Illuminate/Http/Request), Object(Closure))
#24 C:/Users/josea/Desktop/Proyectois/vendor/laravel/framework/src/Illuminate/Pipeline/Pipeline.php(137): Illuminate/Pipeline/Pipeline->{closure:{closure:Illuminate/Pipeline/Pipeline::carry():194}:195}(Object(Illuminate/Http/Request))
#25 C:/Users/josea/Desktop/Proyectois/vendor/laravel/framework/src/Illuminate/Routing/Router.php(821): Illuminate/Pipeline/Pipeline->then(Object(Closure))
#26 C:/Users/josea/Desktop/Proyectois/vendor/laravel/framework/src/Illuminate/Routing/Router.php(800): Illuminate/Routing/Router->runRouteWithinStack(Object(Illuminate/Routing/Route), Object(Illuminate/Http/Request))
#27 C:/Users/josea/Desktop/Proyectois/vendor/laravel/framework/src/Illuminate/Routing/Router.php(764): Illuminate/Routing/Router->runRoute(Object(Illuminate/Http/Request), Object(Illuminate/Routing/Route))
#28 C:/Users/josea/Desktop/Proyectois/vendor/laravel/framework/src/Illuminate/Routing/Router.php(753): Illuminate/Routing/Router->dispatchToRoute(Object(Illuminate/Http/Request))
#29 C:/Users/josea/Desktop/Proyectois/vendor/laravel/framework/src/Illuminate/Foundation/Http/Kernel.php(200): Illuminate/Routing/Router->dispatch(Object(Illuminate/Http/Request))
#30 C:/Users/josea/Desktop/Proyectois/vendor/laravel/framework/src/Illuminate/Pipeline/Pipeline.php(180): Illuminate/Foundation/Http/Kernel->{closure:Illuminate/Foundation/Http/Kernel::dispatchToRouter():197}(Object(Illuminate/Http/Request))
#31 C:/Users/josea/Desktop/Proyectois/vendor/laravel/framework/src/Illuminate/Foundation/Http/Middleware/TransformsRequest.php(21): Illuminate/Pipeline/Pipeline->{closure:Illuminate/Pipeline/Pipeline::prepareDestination():178}(Object(Illuminate/Http/Request))
#32 C:/Users/josea/Desktop/Proyectois/vendor/laravel/framework/src/Illuminate/Foundation/Http/Middleware/ConvertEmptyStringsToNull.php(31): Illuminate/Foundation/Http/Middleware/TransformsRequest->handle(Object(Illuminate/Http/Request), Object(Closure))
#33 C:/Users/josea/Desktop/Proyectois/vendor/laravel/framework/src/Illuminate/Pipeline/Pipeline.php(219): Illuminate/Foundation/Http/Middleware/ConvertEmptyStringsToNull->handle(Object(Illuminate/Http/Request), Object(Closure))
#34 C:/Users/josea/Desktop/Proyectois/vendor/laravel/framework/src/Illuminate/Foundation/Http/Middleware/TransformsRequest.php(21): Illuminate/Pipeline/Pipeline->{closure:{closure:Illuminate/Pipeline/Pipeline::carry():194}:195}(Object(Illuminate/Http/Request))
#35 C:/Users/josea/Desktop/Proyectois/vendor/laravel/framework/src/Illuminate/Foundation/Http/Middleware/TrimStrings.php(51): Illuminate/Foundation/Http/Middleware/TransformsRequest->handle(Object(Illuminate/Http/Request), Object(Closure))
#36 C:/Users/josea/Desktop/Proyectois/vendor/laravel/framework/src/Illuminate/Pipeline/Pipeline.php(219): Illuminate/Foundation/Http/Middleware/TrimStrings->handle(Object(Illuminate/Http/Request), Object(Closure))
#37 C:/Users/josea/Desktop/Proyectois/vendor/laravel/framework/src/Illuminate/Http/Middleware/ValidatePostSize.php(27): Illuminate/Pipeline/Pipeline->{closure:{closure:Illuminate/Pipeline/Pipeline::carry():194}:195}(Object(Illuminate/Http/Request))
#38 C:/Users/josea/Desktop/Proyectois/vendor/laravel/framework/src/Illuminate/Pipeline/Pipeline.php(219): Illuminate/Http/Middleware/ValidatePostSize->handle(Object(Illuminate/Http/Request), Object(Closure))
#39 C:/Users/josea/Desktop/Proyectois/vendor/laravel/framework/src/Illuminate/Foundation/Http/Middleware/PreventRequestsDuringMaintenance.php(110): Illuminate/Pipeline/Pipeline->{closure:{closure:Illuminate/Pipeline/Pipeline::carry():194}:195}(Object(Illuminate/Http/Request))
#40 C:/Users/josea/Desktop/Proyectois/vendor/laravel/framework/src/Illuminate/Pipeline/Pipeline.php(219): Illuminate/Foundation/Http/Middleware/PreventRequestsDuringMaintenance->handle(Object(Illuminate/Http/Request), Object(Closure))
#41 C:/Users/josea/Desktop/Proyectois/vendor/laravel/framework/src/Illuminate/Http/Middleware/HandleCors.php(61): Illuminate/Pipeline/Pipeline->{closure:{closure:Illuminate/Pipeline/Pipeline::carry():194}:195}(Object(Illuminate/Http/Request))
#42 C:/Users/josea/Desktop/Proyectois/vendor/laravel/framework/src/Illuminate/Pipeline/Pipeline.php(219): Illuminate/Http/Middleware/HandleCors->handle(Object(Illuminate/Http/Request), Object(Closure))
#43 C:/Users/josea/Desktop/Proyectois/vendor/laravel/framework/src/Illuminate/Http/Middleware/TrustProxies.php(58): Illuminate/Pipeline/Pipeline->{closure:{closure:Illuminate/Pipeline/Pipeline::carry():194}:195}(Object(Illuminate/Http/Request))
#44 C:/Users/josea/Desktop/Proyectois/vendor/laravel/framework/src/Illuminate/Pipeline/Pipeline.php(219): Illuminate/Http/Middleware/TrustProxies->handle(Object(Illuminate/Http/Request), Object(Closure))
#45 C:/Users/josea/Desktop/Proyectois/vendor/laravel/framework/src/Illuminate/Foundation/Http/Middleware/InvokeDeferredCallbacks.php(22): Illuminate/Pipeline/Pipeline->{closure:{closure:Illuminate/Pipeline/Pipeline::carry():194}:195}(Object(Illuminate/Http/Request))
#46 C:/Users/josea/Desktop/Proyectois/vendor/laravel/framework/src/Illuminate/Pipeline/Pipeline.php(219): Illuminate/Foundation/Http/Middleware/InvokeDeferredCallbacks->handle(Object(Illuminate/Http/Request), Object(Closure))
#47 C:/Users/josea/Desktop/Proyectois/vendor/laravel/framework/src/Illuminate/Http/Middleware/ValidatePathEncoding.php(28): Illuminate/Pipeline/Pipeline->{closure:{closure:Illuminate/Pipeline/Pipeline::carry():194}:195}(Object(Illuminate/Http/Request))
#48 C:/Users/josea/Desktop/Proyectois/vendor/laravel/framework/src/Illuminate/Pipeline/Pipeline.php(219): Illuminate/Http/Middleware/ValidatePathEncoding->handle(Object(Illuminate/Http/Request), Object(Closure))
#49 C:/Users/josea/Desktop/Proyectois/vendor/laravel/framework/src/Illuminate/Pipeline/Pipeline.php(137): Illuminate/Pipeline/Pipeline->{closure:{closure:Illuminate/Pipeline/Pipeline::carry():194}:195}(Object(Illuminate/Http/Request))
#50 C:/Users/josea/Desktop/Proyectois/vendor/laravel/framework/src/Illuminate/Foundation/Http/Kernel.php(175): Illuminate/Pipeline/Pipeline->then(Object(Closure))
#51 C:/Users/josea/Desktop/Proyectois/vendor/laravel/framework/src/Illuminate/Foundation/Http/Kernel.php(144): Illuminate/Foundation/Http/Kernel->sendRequestThroughRouter(Object(Illuminate/Http/Request))
#52 C:/Users/josea/Desktop/Proyectois/vendor/laravel/framework/src/Illuminate/Foundation/Application.php(1227): Illuminate/Foundation/Http/Kernel->handle(Object(Illuminate/Http/Request))
#53 C:/Users/josea/Desktop/Proyectois/public/index.php(17): Illuminate/Foundation/Application->handleRequest(Object(Illuminate/Http/Request))
#54 C:/Users/josea/Desktop/Proyectois/vendor/laravel/framework/src/Illuminate/Foundation/resources/server.php(23): require_once('C://Users//josea//...')
#55 {main}
"} 
[2026-09-19 23:03:35] local.ERROR: preg_match(): Argument #2 ($subject) must be of type string, array given {"exception":"[object] (TypeError(code: 0): preg_match(): Argument #2 ($subject) must be of type string, array given at C:/Users/josea/Desktop/Proyectois/vendor/laravel/framework/src/Illuminate/Database/Eloquent/Concerns/HasAttributes.php:1616)
[stacktrace]
#0 C:/Users/josea/Desktop/Proyectois/vendor/laravel/framework/src/Illuminate/Database/Eloquent/Concerns/HasAttributes.php(1616): preg_match('/^(//d{4})-(//d{1...', Array)
#1 C:/Users/josea/Desktop/Proyectois/vendor/laravel/framework/src/Illuminate/Database/Eloquent/Concerns/HasAttributes.php(1590): Illuminate/Database/Eloquent/Model->isStandardDateFormat(Array)
#2 C:/Users/josea/Desktop/Proyectois/vendor/mongodb/laravel-mongodb/src/Eloquent/DocumentModel.php(168): Illuminate/Database/Eloquent/Model->asDateTime(Array)
#3 C:/Users/josea/Desktop/Proyectois/vendor/laravel/framework/src/Illuminate/Database/Eloquent/Concerns/HasAttributes.php(892): MongoDB/Laravel/Eloquent/Model->asDateTime(Array)
#4 C:/Users/josea/Desktop/Proyectois/vendor/laravel/framework/src/Illuminate/Database/Eloquent/Concerns/HasAttributes.php(2427): Illuminate/Database/Eloquent/Model->castAttribute('effective_at', Array)
#5 C:/Users/josea/Desktop/Proyectois/vendor/mongodb/laravel-mongodb/src/Eloquent/DocumentModel.php(219): Illuminate/Database/Eloquent/Model->transformModelValue('effective_at', Array)
#6 C:/Users/josea/Desktop/Proyectois/vendor/laravel/framework/src/Illuminate/Database/Eloquent/Concerns/HasAttributes.php(541): MongoDB/Laravel/Eloquent/Model->transformModelValue('effective_at', Array)
#7 C:/Users/josea/Desktop/Proyectois/vendor/laravel/framework/src/Illuminate/Database/Eloquent/Concerns/HasAttributes.php(495): Illuminate/Database/Eloquent/Model->getAttributeValue('effective_at')
#8 C:/Users/josea/Desktop/Proyectois/vendor/mongodb/laravel-mongodb/src/Eloquent/DocumentModel.php(213): Illuminate/Database/Eloquent/Model->getAttribute('effective_at')
#9 C:/Users/josea/Desktop/Proyectois/vendor/laravel/framework/src/Illuminate/Database/Eloquent/Model.php(2749): MongoDB/Laravel/Eloquent/Model->getAttribute('effective_at')
#10 C:/Users/josea/Desktop/Proyectois/app/Http/Controllers/CostController.php(129): Illuminate/Database/Eloquent/Model->__get('effective_at')
#11 [internal function]: App/Http/Controllers/CostController->{closure:App/Http/Controllers/CostController::history():123}(Object(App/Models/CostHistory), 0)
#12 C:/Users/josea/Desktop/Proyectois/vendor/laravel/framework/src/Illuminate/Collections/Arr.php(858): array_map(Object(Closure), Array, Array)
#13 C:/Users/josea/Desktop/Proyectois/vendor/laravel/framework/src/Illuminate/Collections/Collection.php(831): Illuminate/Support/Arr::map(Array, Object(Closure))
#14 C:/Users/josea/Desktop/Proyectois/vendor/laravel/framework/src/Illuminate/Database/Eloquent/Collection.php(421): Illuminate/Support/Collection->map(Object(Closure))
#15 C:/Users/josea/Desktop/Proyectois/app/Http/Controllers/CostController.php(123): Illuminate/Database/Eloquent/Collection->map(Object(Closure))
#16 C:/Users/josea/Desktop/Proyectois/vendor/laravel/framework/src/Illuminate/Routing/ControllerDispatcher.php(46): App/Http/Controllers/CostController->history('6aaeec6493979e1...')
#17 C:/Users/josea/Desktop/Proyectois/vendor/laravel/framework/src/Illuminate/Routing/Route.php(276): Illuminate/Routing/ControllerDispatcher->dispatch(Object(Illuminate/Routing/Route), Object(App/Http/Controllers/CostController), 'history')
#18 C:/Users/josea/Desktop/Proyectois/vendor/laravel/framework/src/Illuminate/Routing/Route.php(216): Illuminate/Routing/Route->runController()
#19 C:/Users/josea/Desktop/Proyectois/vendor/laravel/framework/src/Illuminate/Routing/Router.php(822): Illuminate/Routing/Route->run()
#20 C:/Users/josea/Desktop/Proyectois/vendor/laravel/framework/src/Illuminate/Pipeline/Pipeline.php(180): Illuminate/Routing/Router->{closure:Illuminate/Routing/Router::runRouteWithinStack():821}(Object(Illuminate/Http/Request))
#21 C:/Users/josea/Desktop/Proyectois/vendor/inertiajs/inertia-laravel/src/Middleware.php(122): Illuminate/Pipeline/Pipeline->{closure:Illuminate/Pipeline/Pipeline::prepareDestination():178}(Object(Illuminate/Http/Request))
#22 C:/Users/josea/Desktop/Proyectois/vendor/laravel/framework/src/Illuminate/Pipeline/Pipeline.php(219): Inertia/Middleware->handle(Object(Illuminate/Http/Request), Object(Closure))
#23 C:/Users/josea/Desktop/Proyectois/vendor/laravel/framework/src/Illuminate/Routing/Middleware/SubstituteBindings.php(52): Illuminate/Pipeline/Pipeline->{closure:{closure:Illuminate/Pipeline/Pipeline::carry():194}:195}(Object(Illuminate/Http/Request))
#24 C:/Users/josea/Desktop/Proyectois/vendor/laravel/framework/src/Illuminate/Pipeline/Pipeline.php(219): Illuminate/Routing/Middleware/SubstituteBindings->handle(Object(Illuminate/Http/Request), Object(Closure))
#25 C:/Users/josea/Desktop/Proyectois/vendor/laravel/framework/src/Illuminate/Foundation/Http/Middleware/PreventRequestForgery.php(104): Illuminate/Pipeline/Pipeline->{closure:{closure:Illuminate/Pipeline/Pipeline::carry():194}:195}(Object(Illuminate/Http/Request))
#26 C:/Users/josea/Desktop/Proyectois/vendor/laravel/framework/src/Illuminate/Pipeline/Pipeline.php(219): Illuminate/Foundation/Http/Middleware/PreventRequestForgery->handle(Object(Illuminate/Http/Request), Object(Closure))
#27 C:/Users/josea/Desktop/Proyectois/vendor/laravel/framework/src/Illuminate/View/Middleware/ShareErrorsFromSession.php(48): Illuminate/Pipeline/Pipeline->{closure:{closure:Illuminate/Pipeline/Pipeline::carry():194}:195}(Object(Illuminate/Http/Request))
#28 C:/Users/josea/Desktop/Proyectois/vendor/laravel/framework/src/Illuminate/Pipeline/Pipeline.php(219): Illuminate/View/Middleware/ShareErrorsFromSession->handle(Object(Illuminate/Http/Request), Object(Closure))
#29 C:/Users/josea/Desktop/Proyectois/vendor/laravel/framework/src/Illuminate/Session/Middleware/StartSession.php(120): Illuminate/Pipeline/Pipeline->{closure:{closure:Illuminate/Pipeline/Pipeline::carry():194}:195}(Object(Illuminate/Http/Request))
#30 C:/Users/josea/Desktop/Proyectois/vendor/laravel/framework/src/Illuminate/Session/Middleware/StartSession.php(63): Illuminate/Session/Middleware/StartSession->handleStatefulRequest(Object(Illuminate/Http/Request), Object(Illuminate/Session/Store), Object(Closure))
#31 C:/Users/josea/Desktop/Proyectois/vendor/laravel/framework/src/Illuminate/Pipeline/Pipeline.php(219): Illuminate/Session/Middleware/StartSession->handle(Object(Illuminate/Http/Request), Object(Closure))
#32 C:/Users/josea/Desktop/Proyectois/vendor/laravel/framework/src/Illuminate/Cookie/Middleware/AddQueuedCookiesToResponse.php(36): Illuminate/Pipeline/Pipeline->{closure:{closure:Illuminate/Pipeline/Pipeline::carry():194}:195}(Object(Illuminate/Http/Request))
#33 C:/Users/josea/Desktop/Proyectois/vendor/laravel/framework/src/Illuminate/Pipeline/Pipeline.php(219): Illuminate/Cookie/Middleware/AddQueuedCookiesToResponse->handle(Object(Illuminate/Http/Request), Object(Closure))
#34 C:/Users/josea/Desktop/Proyectois/vendor/laravel/framework/src/Illuminate/Cookie/Middleware/EncryptCookies.php(74): Illuminate/Pipeline/Pipeline->{closure:{closure:Illuminate/Pipeline/Pipeline::carry():194}:195}(Object(Illuminate/Http/Request))
#35 C:/Users/josea/Desktop/Proyectois/vendor/laravel/framework/src/Illuminate/Pipeline/Pipeline.php(219): Illuminate/Cookie/Middleware/EncryptCookies->handle(Object(Illuminate/Http/Request), Object(Closure))
#36 C:/Users/josea/Desktop/Proyectois/vendor/laravel/framework/src/Illuminate/Pipeline/Pipeline.php(137): Illuminate/Pipeline/Pipeline->{closure:{closure:Illuminate/Pipeline/Pipeline::carry():194}:195}(Object(Illuminate/Http/Request))
#37 C:/Users/josea/Desktop/Proyectois/vendor/laravel/framework/src/Illuminate/Routing/Router.php(821): Illuminate/Pipeline/Pipeline->then(Object(Closure))
#38 C:/Users/josea/Desktop/Proyectois/vendor/laravel/framework/src/Illuminate/Routing/Router.php(800): Illuminate/Routing/Router->runRouteWithinStack(Object(Illuminate/Routing/Route), Object(Illuminate/Http/Request))
#39 C:/Users/josea/Desktop/Proyectois/vendor/laravel/framework/src/Illuminate/Routing/Router.php(764): Illuminate/Routing/Router->runRoute(Object(Illuminate/Http/Request), Object(Illuminate/Routing/Route))
#40 C:/Users/josea/Desktop/Proyectois/vendor/laravel/framework/src/Illuminate/Routing/Router.php(753): Illuminate/Routing/Router->dispatchToRoute(Object(Illuminate/Http/Request))
#41 C:/Users/josea/Desktop/Proyectois/vendor/laravel/framework/src/Illuminate/Foundation/Http/Kernel.php(200): Illuminate/Routing/Router->dispatch(Object(Illuminate/Http/Request))
#42 C:/Users/josea/Desktop/Proyectois/vendor/laravel/framework/src/Illuminate/Pipeline/Pipeline.php(180): Illuminate/Foundation/Http/Kernel->{closure:Illuminate/Foundation/Http/Kernel::dispatchToRouter():197}(Object(Illuminate/Http/Request))
#43 C:/Users/josea/Desktop/Proyectois/vendor/laravel/framework/src/Illuminate/Foundation/Http/Middleware/TransformsRequest.php(21): Illuminate/Pipeline/Pipeline->{closure:Illuminate/Pipeline/Pipeline::prepareDestination():178}(Object(Illuminate/Http/Request))
#44 C:/Users/josea/Desktop/Proyectois/vendor/laravel/framework/src/Illuminate/Foundation/Http/Middleware/ConvertEmptyStringsToNull.php(31): Illuminate/Foundation/Http/Middleware/TransformsRequest->handle(Object(Illuminate/Http/Request), Object(Closure))
#45 C:/Users/josea/Desktop/Proyectois/vendor/laravel/framework/src/Illuminate/Pipeline/Pipeline.php(219): Illuminate/Foundation/Http/Middleware/ConvertEmptyStringsToNull->handle(Object(Illuminate/Http/Request), Object(Closure))
#46 C:/Users/josea/Desktop/Proyectois/vendor/laravel/framework/src/Illuminate/Foundation/Http/Middleware/TransformsRequest.php(21): Illuminate/Pipeline/Pipeline->{closure:{closure:Illuminate/Pipeline/Pipeline::carry():194}:195}(Object(Illuminate/Http/Request))
#47 C:/Users/josea/Desktop/Proyectois/vendor/laravel/framework/src/Illuminate/Foundation/Http/Middleware/TrimStrings.php(51): Illuminate/Foundation/Http/Middleware/TransformsRequest->handle(Object(Illuminate/Http/Request), Object(Closure))
#48 C:/Users/josea/Desktop/Proyectois/vendor/laravel/framework/src/Illuminate/Pipeline/Pipeline.php(219): Illuminate/Foundation/Http/Middleware/TrimStrings->handle(Object(Illuminate/Http/Request), Object(Closure))
#49 C:/Users/josea/Desktop/Proyectois/vendor/laravel/framework/src/Illuminate/Http/Middleware/ValidatePostSize.php(27): Illuminate/Pipeline/Pipeline->{closure:{closure:Illuminate/Pipeline/Pipeline::carry():194}:195}(Object(Illuminate/Http/Request))
#50 C:/Users/josea/Desktop/Proyectois/vendor/laravel/framework/src/Illuminate/Pipeline/Pipeline.php(219): Illuminate/Http/Middleware/ValidatePostSize->handle(Object(Illuminate/Http/Request), Object(Closure))
#51 C:/Users/josea/Desktop/Proyectois/vendor/laravel/framework/src/Illuminate/Foundation/Http/Middleware/PreventRequestsDuringMaintenance.php(110): Illuminate/Pipeline/Pipeline->{closure:{closure:Illuminate/Pipeline/Pipeline::carry():194}:195}(Object(Illuminate/Http/Request))
#52 C:/Users/josea/Desktop/Proyectois/vendor/laravel/framework/src/Illuminate/Pipeline/Pipeline.php(219): Illuminate/Foundation/Http/Middleware/PreventRequestsDuringMaintenance->handle(Object(Illuminate/Http/Request), Object(Closure))
#53 C:/Users/josea/Desktop/Proyectois/vendor/laravel/framework/src/Illuminate/Http/Middleware/HandleCors.php(61): Illuminate/Pipeline/Pipeline->{closure:{closure:Illuminate/Pipeline/Pipeline::carry():194}:195}(Object(Illuminate/Http/Request))
#54 C:/Users/josea/Desktop/Proyectois/vendor/laravel/framework/src/Illuminate/Pipeline/Pipeline.php(219): Illuminate/Http/Middleware/HandleCors->handle(Object(Illuminate/Http/Request), Object(Closure))
#55 C:/Users/josea/Desktop/Proyectois/vendor/laravel/framework/src/Illuminate/Http/Middleware/TrustProxies.php(58): Illuminate/Pipeline/Pipeline->{closure:{closure:Illuminate/Pipeline/Pipeline::carry():194}:195}(Object(Illuminate/Http/Request))
#56 C:/Users/josea/Desktop/Proyectois/vendor/laravel/framework/src/Illuminate/Pipeline/Pipeline.php(219): Illuminate/Http/Middleware/TrustProxies->handle(Object(Illuminate/Http/Request), Object(Closure))
#57 C:/Users/josea/Desktop/Proyectois/vendor/laravel/framework/src/Illuminate/Foundation/Http/Middleware/InvokeDeferredCallbacks.php(22): Illuminate/Pipeline/Pipeline->{closure:{closure:Illuminate/Pipeline/Pipeline::carry():194}:195}(Object(Illuminate/Http/Request))
#58 C:/Users/josea/Desktop/Proyectois/vendor/laravel/framework/src/Illuminate/Pipeline/Pipeline.php(219): Illuminate/Foundation/Http/Middleware/InvokeDeferredCallbacks->handle(Object(Illuminate/Http/Request), Object(Closure))
#59 C:/Users/josea/Desktop/Proyectois/vendor/laravel/framework/src/Illuminate/Http/Middleware/ValidatePathEncoding.php(28): Illuminate/Pipeline/Pipeline->{closure:{closure:Illuminate/Pipeline/Pipeline::carry():194}:195}(Object(Illuminate/Http/Request))
#60 C:/Users/josea/Desktop/Proyectois/vendor/laravel/framework/src/Illuminate/Pipeline/Pipeline.php(219): Illuminate/Http/Middleware/ValidatePathEncoding->handle(Object(Illuminate/Http/Request), Object(Closure))
#61 C:/Users/josea/Desktop/Proyectois/vendor/laravel/framework/src/Illuminate/Pipeline/Pipeline.php(137): Illuminate/Pipeline/Pipeline->{closure:{closure:Illuminate/Pipeline/Pipeline::carry():194}:195}(Object(Illuminate/Http/Request))
#62 C:/Users/josea/Desktop/Proyectois/vendor/laravel/framework/src/Illuminate/Foundation/Http/Kernel.php(175): Illuminate/Pipeline/Pipeline->then(Object(Closure))
#63 C:/Users/josea/Desktop/Proyectois/vendor/laravel/framework/src/Illuminate/Foundation/Http/Kernel.php(144): Illuminate/Foundation/Http/Kernel->sendRequestThroughRouter(Object(Illuminate/Http/Request))
#64 C:/Users/josea/Desktop/Proyectois/vendor/laravel/framework/src/Illuminate/Foundation/Application.php(1227): Illuminate/Foundation/Http/Kernel->handle(Object(Illuminate/Http/Request))
#65 C:/Users/josea/Desktop/Proyectois/public/index.php(17): Illuminate/Foundation/Application->handleRequest(Object(Illuminate/Http/Request))
#66 C:/Users/josea/Desktop/Proyectois/vendor/laravel/framework/src/Illuminate/Foundation/resources/server.php(23): require_once('C://Users//josea//...')
#67 {main}
"} 
[2026-09-19 23:03:56] local.ERROR: preg_match(): Argument #2 ($subject) must be of type string, array given {"exception":"[object] (TypeError(code: 0): preg_match(): Argument #2 ($subject) must be of type string, array given at C:/Users/josea/Desktop/Proyectois/vendor/laravel/framework/src/Illuminate/Database/Eloquent/Concerns/HasAttributes.php:1616)
[stacktrace]
#0 C:/Users/josea/Desktop/Proyectois/vendor/laravel/framework/src/Illuminate/Database/Eloquent/Concerns/HasAttributes.php(1616): preg_match('/^(//d{4})-(//d{1...', Array)
#1 C:/Users/josea/Desktop/Proyectois/vendor/laravel/framework/src/Illuminate/Database/Eloquent/Concerns/HasAttributes.php(1590): Illuminate/Database/Eloquent/Model->isStandardDateFormat(Array)
#2 C:/Users/josea/Desktop/Proyectois/vendor/mongodb/laravel-mongodb/src/Eloquent/DocumentModel.php(168): Illuminate/Database/Eloquent/Model->asDateTime(Array)
#3 C:/Users/josea/Desktop/Proyectois/vendor/laravel/framework/src/Illuminate/Database/Eloquent/Concerns/HasAttributes.php(892): MongoDB/Laravel/Eloquent/Model->asDateTime(Array)
#4 C:/Users/josea/Desktop/Proyectois/vendor/laravel/framework/src/Illuminate/Database/Eloquent/Concerns/HasAttributes.php(2427): Illuminate/Database/Eloquent/Model->castAttribute('effective_at', Array)
#5 C:/Users/josea/Desktop/Proyectois/vendor/mongodb/laravel-mongodb/src/Eloquent/DocumentModel.php(219): Illuminate/Database/Eloquent/Model->transformModelValue('effective_at', Array)
#6 C:/Users/josea/Desktop/Proyectois/vendor/laravel/framework/src/Illuminate/Database/Eloquent/Concerns/HasAttributes.php(541): MongoDB/Laravel/Eloquent/Model->transformModelValue('effective_at', Array)
#7 C:/Users/josea/Desktop/Proyectois/vendor/laravel/framework/src/Illuminate/Database/Eloquent/Concerns/HasAttributes.php(495): Illuminate/Database/Eloquent/Model->getAttributeValue('effective_at')
#8 C:/Users/josea/Desktop/Proyectois/vendor/mongodb/laravel-mongodb/src/Eloquent/DocumentModel.php(213): Illuminate/Database/Eloquent/Model->getAttribute('effective_at')
#9 C:/Users/josea/Desktop/Proyectois/vendor/laravel/framework/src/Illuminate/Database/Eloquent/Model.php(2749): MongoDB/Laravel/Eloquent/Model->getAttribute('effective_at')
#10 C:/Users/josea/Desktop/Proyectois/app/Http/Controllers/CostController.php(129): Illuminate/Database/Eloquent/Model->__get('effective_at')
#11 [internal function]: App/Http/Controllers/CostController->{closure:App/Http/Controllers/CostController::history():123}(Object(App/Models/CostHistory), 0)
#12 C:/Users/josea/Desktop/Proyectois/vendor/laravel/framework/src/Illuminate/Collections/Arr.php(858): array_map(Object(Closure), Array, Array)
#13 C:/Users/josea/Desktop/Proyectois/vendor/laravel/framework/src/Illuminate/Collections/Collection.php(831): Illuminate/Support/Arr::map(Array, Object(Closure))
#14 C:/Users/josea/Desktop/Proyectois/vendor/laravel/framework/src/Illuminate/Database/Eloquent/Collection.php(421): Illuminate/Support/Collection->map(Object(Closure))
#15 C:/Users/josea/Desktop/Proyectois/app/Http/Controllers/CostController.php(123): Illuminate/Database/Eloquent/Collection->map(Object(Closure))
#16 C:/Users/josea/Desktop/Proyectois/vendor/laravel/framework/src/Illuminate/Routing/ControllerDispatcher.php(46): App/Http/Controllers/CostController->history('6aaeec6493979e1...')
#17 C:/Users/josea/Desktop/Proyectois/vendor/laravel/framework/src/Illuminate/Routing/Route.php(276): Illuminate/Routing/ControllerDispatcher->dispatch(Object(Illuminate/Routing/Route), Object(App/Http/Controllers/CostController), 'history')
#18 C:/Users/josea/Desktop/Proyectois/vendor/laravel/framework/src/Illuminate/Routing/Route.php(216): Illuminate/Routing/Route->runController()
#19 C:/Users/josea/Desktop/Proyectois/vendor/laravel/framework/src/Illuminate/Routing/Router.php(822): Illuminate/Routing/Route->run()
#20 C:/Users/josea/Desktop/Proyectois/vendor/laravel/framework/src/Illuminate/Pipeline/Pipeline.php(180): Illuminate/Routing/Router->{closure:Illuminate/Routing/Router::runRouteWithinStack():821}(Object(Illuminate/Http/Request))
#21 C:/Users/josea/Desktop/Proyectois/vendor/inertiajs/inertia-laravel/src/Middleware.php(122): Illuminate/Pipeline/Pipeline->{closure:Illuminate/Pipeline/Pipeline::prepareDestination():178}(Object(Illuminate/Http/Request))
#22 C:/Users/josea/Desktop/Proyectois/vendor/laravel/framework/src/Illuminate/Pipeline/Pipeline.php(219): Inertia/Middleware->handle(Object(Illuminate/Http/Request), Object(Closure))
#23 C:/Users/josea/Desktop/Proyectois/vendor/laravel/framework/src/Illuminate/Routing/Middleware/SubstituteBindings.php(52): Illuminate/Pipeline/Pipeline->{closure:{closure:Illuminate/Pipeline/Pipeline::carry():194}:195}(Object(Illuminate/Http/Request))
#24 C:/Users/josea/Desktop/Proyectois/vendor/laravel/framework/src/Illuminate/Pipeline/Pipeline.php(219): Illuminate/Routing/Middleware/SubstituteBindings->handle(Object(Illuminate/Http/Request), Object(Closure))
#25 C:/Users/josea/Desktop/Proyectois/vendor/laravel/framework/src/Illuminate/Foundation/Http/Middleware/PreventRequestForgery.php(104): Illuminate/Pipeline/Pipeline->{closure:{closure:Illuminate/Pipeline/Pipeline::carry():194}:195}(Object(Illuminate/Http/Request))
#26 C:/Users/josea/Desktop/Proyectois/vendor/laravel/framework/src/Illuminate/Pipeline/Pipeline.php(219): Illuminate/Foundation/Http/Middleware/PreventRequestForgery->handle(Object(Illuminate/Http/Request), Object(Closure))
#27 C:/Users/josea/Desktop/Proyectois/vendor/laravel/framework/src/Illuminate/View/Middleware/ShareErrorsFromSession.php(48): Illuminate/Pipeline/Pipeline->{closure:{closure:Illuminate/Pipeline/Pipeline::carry():194}:195}(Object(Illuminate/Http/Request))
#28 C:/Users/josea/Desktop/Proyectois/vendor/laravel/framework/src/Illuminate/Pipeline/Pipeline.php(219): Illuminate/View/Middleware/ShareErrorsFromSession->handle(Object(Illuminate/Http/Request), Object(Closure))
#29 C:/Users/josea/Desktop/Proyectois/vendor/laravel/framework/src/Illuminate/Session/Middleware/StartSession.php(120): Illuminate/Pipeline/Pipeline->{closure:{closure:Illuminate/Pipeline/Pipeline::carry():194}:195}(Object(Illuminate/Http/Request))
#30 C:/Users/josea/Desktop/Proyectois/vendor/laravel/framework/src/Illuminate/Session/Middleware/StartSession.php(63): Illuminate/Session/Middleware/StartSession->handleStatefulRequest(Object(Illuminate/Http/Request), Object(Illuminate/Session/Store), Object(Closure))
#31 C:/Users/josea/Desktop/Proyectois/vendor/laravel/framework/src/Illuminate/Pipeline/Pipeline.php(219): Illuminate/Session/Middleware/StartSession->handle(Object(Illuminate/Http/Request), Object(Closure))
#32 C:/Users/josea/Desktop/Proyectois/vendor/laravel/framework/src/Illuminate/Cookie/Middleware/AddQueuedCookiesToResponse.php(36): Illuminate/Pipeline/Pipeline->{closure:{closure:Illuminate/Pipeline/Pipeline::carry():194}:195}(Object(Illuminate/Http/Request))
#33 C:/Users/josea/Desktop/Proyectois/vendor/laravel/framework/src/Illuminate/Pipeline/Pipeline.php(219): Illuminate/Cookie/Middleware/AddQueuedCookiesToResponse->handle(Object(Illuminate/Http/Request), Object(Closure))
#34 C:/Users/josea/Desktop/Proyectois/vendor/laravel/framework/src/Illuminate/Cookie/Middleware/EncryptCookies.php(74): Illuminate/Pipeline/Pipeline->{closure:{closure:Illuminate/Pipeline/Pipeline::carry():194}:195}(Object(Illuminate/Http/Request))
#35 C:/Users/josea/Desktop/Proyectois/vendor/laravel/framework/src/Illuminate/Pipeline/Pipeline.php(219): Illuminate/Cookie/Middleware/EncryptCookies->handle(Object(Illuminate/Http/Request), Object(Closure))
#36 C:/Users/josea/Desktop/Proyectois/vendor/laravel/framework/src/Illuminate/Pipeline/Pipeline.php(137): Illuminate/Pipeline/Pipeline->{closure:{closure:Illuminate/Pipeline/Pipeline::carry():194}:195}(Object(Illuminate/Http/Request))
#37 C:/Users/josea/Desktop/Proyectois/vendor/laravel/framework/src/Illuminate/Routing/Router.php(821): Illuminate/Pipeline/Pipeline->then(Object(Closure))
#38 C:/Users/josea/Desktop/Proyectois/vendor/laravel/framework/src/Illuminate/Routing/Router.php(800): Illuminate/Routing/Router->runRouteWithinStack(Object(Illuminate/Routing/Route), Object(Illuminate/Http/Request))
#39 C:/Users/josea/Desktop/Proyectois/vendor/laravel/framework/src/Illuminate/Routing/Router.php(764): Illuminate/Routing/Router->runRoute(Object(Illuminate/Http/Request), Object(Illuminate/Routing/Route))
#40 C:/Users/josea/Desktop/Proyectois/vendor/laravel/framework/src/Illuminate/Routing/Router.php(753): Illuminate/Routing/Router->dispatchToRoute(Object(Illuminate/Http/Request))
#41 C:/Users/josea/Desktop/Proyectois/vendor/laravel/framework/src/Illuminate/Foundation/Http/Kernel.php(200): Illuminate/Routing/Router->dispatch(Object(Illuminate/Http/Request))
#42 C:/Users/josea/Desktop/Proyectois/vendor/laravel/framework/src/Illuminate/Pipeline/Pipeline.php(180): Illuminate/Foundation/Http/Kernel->{closure:Illuminate/Foundation/Http/Kernel::dispatchToRouter():197}(Object(Illuminate/Http/Request))
#43 C:/Users/josea/Desktop/Proyectois/vendor/laravel/framework/src/Illuminate/Foundation/Http/Middleware/TransformsRequest.php(21): Illuminate/Pipeline/Pipeline->{closure:Illuminate/Pipeline/Pipeline::prepareDestination():178}(Object(Illuminate/Http/Request))
#44 C:/Users/josea/Desktop/Proyectois/vendor/laravel/framework/src/Illuminate/Foundation/Http/Middleware/ConvertEmptyStringsToNull.php(31): Illuminate/Foundation/Http/Middleware/TransformsRequest->handle(Object(Illuminate/Http/Request), Object(Closure))
#45 C:/Users/josea/Desktop/Proyectois/vendor/laravel/framework/src/Illuminate/Pipeline/Pipeline.php(219): Illuminate/Foundation/Http/Middleware/ConvertEmptyStringsToNull->handle(Object(Illuminate/Http/Request), Object(Closure))
#46 C:/Users/josea/Desktop/Proyectois/vendor/laravel/framework/src/Illuminate/Foundation/Http/Middleware/TransformsRequest.php(21): Illuminate/Pipeline/Pipeline->{closure:{closure:Illuminate/Pipeline/Pipeline::carry():194}:195}(Object(Illuminate/Http/Request))
#47 C:/Users/josea/Desktop/Proyectois/vendor/laravel/framework/src/Illuminate/Foundation/Http/Middleware/TrimStrings.php(51): Illuminate/Foundation/Http/Middleware/TransformsRequest->handle(Object(Illuminate/Http/Request), Object(Closure))
#48 C:/Users/josea/Desktop/Proyectois/vendor/laravel/framework/src/Illuminate/Pipeline/Pipeline.php(219): Illuminate/Foundation/Http/Middleware/TrimStrings->handle(Object(Illuminate/Http/Request), Object(Closure))
#49 C:/Users/josea/Desktop/Proyectois/vendor/laravel/framework/src/Illuminate/Http/Middleware/ValidatePostSize.php(27): Illuminate/Pipeline/Pipeline->{closure:{closure:Illuminate/Pipeline/Pipeline::carry():194}:195}(Object(Illuminate/Http/Request))
#50 C:/Users/josea/Desktop/Proyectois/vendor/laravel/framework/src/Illuminate/Pipeline/Pipeline.php(219): Illuminate/Http/Middleware/ValidatePostSize->handle(Object(Illuminate/Http/Request), Object(Closure))
#51 C:/Users/josea/Desktop/Proyectois/vendor/laravel/framework/src/Illuminate/Foundation/Http/Middleware/PreventRequestsDuringMaintenance.php(110): Illuminate/Pipeline/Pipeline->{closure:{closure:Illuminate/Pipeline/Pipeline::carry():194}:195}(Object(Illuminate/Http/Request))
#52 C:/Users/josea/Desktop/Proyectois/vendor/laravel/framework/src/Illuminate/Pipeline/Pipeline.php(219): Illuminate/Foundation/Http/Middleware/PreventRequestsDuringMaintenance->handle(Object(Illuminate/Http/Request), Object(Closure))
#53 C:/Users/josea/Desktop/Proyectois/vendor/laravel/framework/src/Illuminate/Http/Middleware/HandleCors.php(61): Illuminate/Pipeline/Pipeline->{closure:{closure:Illuminate/Pipeline/Pipeline::carry():194}:195}(Object(Illuminate/Http/Request))
#54 C:/Users/josea/Desktop/Proyectois/vendor/laravel/framework/src/Illuminate/Pipeline/Pipeline.php(219): Illuminate/Http/Middleware/HandleCors->handle(Object(Illuminate/Http/Request), Object(Closure))
#55 C:/Users/josea/Desktop/Proyectois/vendor/laravel/framework/src/Illuminate/Http/Middleware/TrustProxies.php(58): Illuminate/Pipeline/Pipeline->{closure:{closure:Illuminate/Pipeline/Pipeline::carry():194}:195}(Object(Illuminate/Http/Request))
#56 C:/Users/josea/Desktop/Proyectois/vendor/laravel/framework/src/Illuminate/Pipeline/Pipeline.php(219): Illuminate/Http/Middleware/TrustProxies->handle(Object(Illuminate/Http/Request), Object(Closure))
#57 C:/Users/josea/Desktop/Proyectois/vendor/laravel/framework/src/Illuminate/Foundation/Http/Middleware/InvokeDeferredCallbacks.php(22): Illuminate/Pipeline/Pipeline->{closure:{closure:Illuminate/Pipeline/Pipeline::carry():194}:195}(Object(Illuminate/Http/Request))
#58 C:/Users/josea/Desktop/Proyectois/vendor/laravel/framework/src/Illuminate/Pipeline/Pipeline.php(219): Illuminate/Foundation/Http/Middleware/InvokeDeferredCallbacks->handle(Object(Illuminate/Http/Request), Object(Closure))
#59 C:/Users/josea/Desktop/Proyectois/vendor/laravel/framework/src/Illuminate/Http/Middleware/ValidatePathEncoding.php(28): Illuminate/Pipeline/Pipeline->{closure:{closure:Illuminate/Pipeline/Pipeline::carry():194}:195}(Object(Illuminate/Http/Request))
#60 C:/Users/josea/Desktop/Proyectois/vendor/laravel/framework/src/Illuminate/Pipeline/Pipeline.php(219): Illuminate/Http/Middleware/ValidatePathEncoding->handle(Object(Illuminate/Http/Request), Object(Closure))
#61 C:/Users/josea/Desktop/Proyectois/vendor/laravel/framework/src/Illuminate/Pipeline/Pipeline.php(137): Illuminate/Pipeline/Pipeline->{closure:{closure:Illuminate/Pipeline/Pipeline::carry():194}:195}(Object(Illuminate/Http/Request))
#62 C:/Users/josea/Desktop/Proyectois/vendor/laravel/framework/src/Illuminate/Foundation/Http/Kernel.php(175): Illuminate/Pipeline/Pipeline->then(Object(Closure))
#63 C:/Users/josea/Desktop/Proyectois/vendor/laravel/framework/src/Illuminate/Foundation/Http/Kernel.php(144): Illuminate/Foundation/Http/Kernel->sendRequestThroughRouter(Object(Illuminate/Http/Request))
#64 C:/Users/josea/Desktop/Proyectois/vendor/laravel/framework/src/Illuminate/Foundation/Application.php(1227): Illuminate/Foundation/Http/Kernel->handle(Object(Illuminate/Http/Request))
#65 C:/Users/josea/Desktop/Proyectois/public/index.php(17): Illuminate/Foundation/Application->handleRequest(Object(Illuminate/Http/Request))
#66 C:/Users/josea/Desktop/Proyectois/vendor/laravel/framework/src/Illuminate/Foundation/resources/server.php(23): require_once('C://Users//josea//...')
#67 {main}
"} 
[2026-09-19 23:04:49] local.ERROR: preg_match(): Argument #2 ($subject) must be of type string, array given {"exception":"[object] (TypeError(code: 0): preg_match(): Argument #2 ($subject) must be of type string, array given at C:/Users/josea/Desktop/Proyectois/vendor/laravel/framework/src/Illuminate/Database/Eloquent/Concerns/HasAttributes.php:1616)
[stacktrace]
#0 C:/Users/josea/Desktop/Proyectois/vendor/laravel/framework/src/Illuminate/Database/Eloquent/Concerns/HasAttributes.php(1616): preg_match('/^(//d{4})-(//d{1...', Array)
#1 C:/Users/josea/Desktop/Proyectois/vendor/laravel/framework/src/Illuminate/Database/Eloquent/Concerns/HasAttributes.php(1590): Illuminate/Database/Eloquent/Model->isStandardDateFormat(Array)
#2 C:/Users/josea/Desktop/Proyectois/vendor/mongodb/laravel-mongodb/src/Eloquent/DocumentModel.php(168): Illuminate/Database/Eloquent/Model->asDateTime(Array)
#3 C:/Users/josea/Desktop/Proyectois/vendor/laravel/framework/src/Illuminate/Database/Eloquent/Concerns/HasAttributes.php(892): MongoDB/Laravel/Eloquent/Model->asDateTime(Array)
#4 C:/Users/josea/Desktop/Proyectois/vendor/laravel/framework/src/Illuminate/Database/Eloquent/Concerns/HasAttributes.php(2427): Illuminate/Database/Eloquent/Model->castAttribute('expires_at', Array)
#5 C:/Users/josea/Desktop/Proyectois/vendor/mongodb/laravel-mongodb/src/Eloquent/DocumentModel.php(219): Illuminate/Database/Eloquent/Model->transformModelValue('expires_at', Array)
#6 C:/Users/josea/Desktop/Proyectois/vendor/laravel/framework/src/Illuminate/Database/Eloquent/Concerns/HasAttributes.php(541): MongoDB/Laravel/Eloquent/Model->transformModelValue('expires_at', Array)
#7 C:/Users/josea/Desktop/Proyectois/vendor/laravel/framework/src/Illuminate/Database/Eloquent/Concerns/HasAttributes.php(495): Illuminate/Database/Eloquent/Model->getAttributeValue('expires_at')
#8 C:/Users/josea/Desktop/Proyectois/vendor/mongodb/laravel-mongodb/src/Eloquent/DocumentModel.php(213): Illuminate/Database/Eloquent/Model->getAttribute('expires_at')
#9 C:/Users/josea/Desktop/Proyectois/vendor/laravel/framework/src/Illuminate/Database/Eloquent/Model.php(2749): MongoDB/Laravel/Eloquent/Model->getAttribute('expires_at')
#10 C:/Users/josea/Desktop/Proyectois/app/Http/Controllers/ReservationController.php(55): Illuminate/Database/Eloquent/Model->__get('expires_at')
#11 [internal function]: App/Http/Controllers/ReservationController->{closure:App/Http/Controllers/ReservationController::index():50}(Object(App/Models/StockReservation), 0)
#12 C:/Users/josea/Desktop/Proyectois/vendor/laravel/framework/src/Illuminate/Collections/Arr.php(858): array_map(Object(Closure), Array, Array)
#13 C:/Users/josea/Desktop/Proyectois/vendor/laravel/framework/src/Illuminate/Collections/Collection.php(831): Illuminate/Support/Arr::map(Array, Object(Closure))
#14 C:/Users/josea/Desktop/Proyectois/app/Http/Controllers/ReservationController.php(50): Illuminate/Support/Collection->map(Object(Closure))
#15 C:/Users/josea/Desktop/Proyectois/vendor/laravel/framework/src/Illuminate/Routing/ControllerDispatcher.php(46): App/Http/Controllers/ReservationController->index(Object(Illuminate/Http/Request))
#16 C:/Users/josea/Desktop/Proyectois/vendor/laravel/framework/src/Illuminate/Routing/Route.php(276): Illuminate/Routing/ControllerDispatcher->dispatch(Object(Illuminate/Routing/Route), Object(App/Http/Controllers/ReservationController), 'index')
#17 C:/Users/josea/Desktop/Proyectois/vendor/laravel/framework/src/Illuminate/Routing/Route.php(216): Illuminate/Routing/Route->runController()
#18 C:/Users/josea/Desktop/Proyectois/vendor/laravel/framework/src/Illuminate/Routing/Router.php(822): Illuminate/Routing/Route->run()
#19 C:/Users/josea/Desktop/Proyectois/vendor/laravel/framework/src/Illuminate/Pipeline/Pipeline.php(180): Illuminate/Routing/Router->{closure:Illuminate/Routing/Router::runRouteWithinStack():821}(Object(Illuminate/Http/Request))
#20 C:/Users/josea/Desktop/Proyectois/vendor/inertiajs/inertia-laravel/src/Middleware.php(122): Illuminate/Pipeline/Pipeline->{closure:Illuminate/Pipeline/Pipeline::prepareDestination():178}(Object(Illuminate/Http/Request))
#21 C:/Users/josea/Desktop/Proyectois/vendor/laravel/framework/src/Illuminate/Pipeline/Pipeline.php(219): Inertia/Middleware->handle(Object(Illuminate/Http/Request), Object(Closure))
#22 C:/Users/josea/Desktop/Proyectois/vendor/laravel/framework/src/Illuminate/Routing/Middleware/SubstituteBindings.php(52): Illuminate/Pipeline/Pipeline->{closure:{closure:Illuminate/Pipeline/Pipeline::carry():194}:195}(Object(Illuminate/Http/Request))
#23 C:/Users/josea/Desktop/Proyectois/vendor/laravel/framework/src/Illuminate/Pipeline/Pipeline.php(219): Illuminate/Routing/Middleware/SubstituteBindings->handle(Object(Illuminate/Http/Request), Object(Closure))
#24 C:/Users/josea/Desktop/Proyectois/vendor/laravel/framework/src/Illuminate/Foundation/Http/Middleware/PreventRequestForgery.php(104): Illuminate/Pipeline/Pipeline->{closure:{closure:Illuminate/Pipeline/Pipeline::carry():194}:195}(Object(Illuminate/Http/Request))
#25 C:/Users/josea/Desktop/Proyectois/vendor/laravel/framework/src/Illuminate/Pipeline/Pipeline.php(219): Illuminate/Foundation/Http/Middleware/PreventRequestForgery->handle(Object(Illuminate/Http/Request), Object(Closure))
#26 C:/Users/josea/Desktop/Proyectois/vendor/laravel/framework/src/Illuminate/View/Middleware/ShareErrorsFromSession.php(48): Illuminate/Pipeline/Pipeline->{closure:{closure:Illuminate/Pipeline/Pipeline::carry():194}:195}(Object(Illuminate/Http/Request))
#27 C:/Users/josea/Desktop/Proyectois/vendor/laravel/framework/src/Illuminate/Pipeline/Pipeline.php(219): Illuminate/View/Middleware/ShareErrorsFromSession->handle(Object(Illuminate/Http/Request), Object(Closure))
#28 C:/Users/josea/Desktop/Proyectois/vendor/laravel/framework/src/Illuminate/Session/Middleware/StartSession.php(120): Illuminate/Pipeline/Pipeline->{closure:{closure:Illuminate/Pipeline/Pipeline::carry():194}:195}(Object(Illuminate/Http/Request))
#29 C:/Users/josea/Desktop/Proyectois/vendor/laravel/framework/src/Illuminate/Session/Middleware/StartSession.php(63): Illuminate/Session/Middleware/StartSession->handleStatefulRequest(Object(Illuminate/Http/Request), Object(Illuminate/Session/Store), Object(Closure))
#30 C:/Users/josea/Desktop/Proyectois/vendor/laravel/framework/src/Illuminate/Pipeline/Pipeline.php(219): Illuminate/Session/Middleware/StartSession->handle(Object(Illuminate/Http/Request), Object(Closure))
#31 C:/Users/josea/Desktop/Proyectois/vendor/laravel/framework/src/Illuminate/Cookie/Middleware/AddQueuedCookiesToResponse.php(36): Illuminate/Pipeline/Pipeline->{closure:{closure:Illuminate/Pipeline/Pipeline::carry():194}:195}(Object(Illuminate/Http/Request))
#32 C:/Users/josea/Desktop/Proyectois/vendor/laravel/framework/src/Illuminate/Pipeline/Pipeline.php(219): Illuminate/Cookie/Middleware/AddQueuedCookiesToResponse->handle(Object(Illuminate/Http/Request), Object(Closure))
#33 C:/Users/josea/Desktop/Proyectois/vendor/laravel/framework/src/Illuminate/Cookie/Middleware/EncryptCookies.php(74): Illuminate/Pipeline/Pipeline->{closure:{closure:Illuminate/Pipeline/Pipeline::carry():194}:195}(Object(Illuminate/Http/Request))
#34 C:/Users/josea/Desktop/Proyectois/vendor/laravel/framework/src/Illuminate/Pipeline/Pipeline.php(219): Illuminate/Cookie/Middleware/EncryptCookies->handle(Object(Illuminate/Http/Request), Object(Closure))
#35 C:/Users/josea/Desktop/Proyectois/vendor/laravel/framework/src/Illuminate/Pipeline/Pipeline.php(137): Illuminate/Pipeline/Pipeline->{closure:{closure:Illuminate/Pipeline/Pipeline::carry():194}:195}(Object(Illuminate/Http/Request))
#36 C:/Users/josea/Desktop/Proyectois/vendor/laravel/framework/src/Illuminate/Routing/Router.php(821): Illuminate/Pipeline/Pipeline->then(Object(Closure))
#37 C:/Users/josea/Desktop/Proyectois/vendor/laravel/framework/src/Illuminate/Routing/Router.php(800): Illuminate/Routing/Router->runRouteWithinStack(Object(Illuminate/Routing/Route), Object(Illuminate/Http/Request))
#38 C:/Users/josea/Desktop/Proyectois/vendor/laravel/framework/src/Illuminate/Routing/Router.php(764): Illuminate/Routing/Router->runRoute(Object(Illuminate/Http/Request), Object(Illuminate/Routing/Route))
#39 C:/Users/josea/Desktop/Proyectois/vendor/laravel/framework/src/Illuminate/Routing/Router.php(753): Illuminate/Routing/Router->dispatchToRoute(Object(Illuminate/Http/Request))
#40 C:/Users/josea/Desktop/Proyectois/vendor/laravel/framework/src/Illuminate/Foundation/Http/Kernel.php(200): Illuminate/Routing/Router->dispatch(Object(Illuminate/Http/Request))
#41 C:/Users/josea/Desktop/Proyectois/vendor/laravel/framework/src/Illuminate/Pipeline/Pipeline.php(180): Illuminate/Foundation/Http/Kernel->{closure:Illuminate/Foundation/Http/Kernel::dispatchToRouter():197}(Object(Illuminate/Http/Request))
#42 C:/Users/josea/Desktop/Proyectois/vendor/laravel/framework/src/Illuminate/Foundation/Http/Middleware/TransformsRequest.php(21): Illuminate/Pipeline/Pipeline->{closure:Illuminate/Pipeline/Pipeline::prepareDestination():178}(Object(Illuminate/Http/Request))
#43 C:/Users/josea/Desktop/Proyectois/vendor/laravel/framework/src/Illuminate/Foundation/Http/Middleware/ConvertEmptyStringsToNull.php(31): Illuminate/Foundation/Http/Middleware/TransformsRequest->handle(Object(Illuminate/Http/Request), Object(Closure))
#44 C:/Users/josea/Desktop/Proyectois/vendor/laravel/framework/src/Illuminate/Pipeline/Pipeline.php(219): Illuminate/Foundation/Http/Middleware/ConvertEmptyStringsToNull->handle(Object(Illuminate/Http/Request), Object(Closure))
#45 C:/Users/josea/Desktop/Proyectois/vendor/laravel/framework/src/Illuminate/Foundation/Http/Middleware/TransformsRequest.php(21): Illuminate/Pipeline/Pipeline->{closure:{closure:Illuminate/Pipeline/Pipeline::carry():194}:195}(Object(Illuminate/Http/Request))
#46 C:/Users/josea/Desktop/Proyectois/vendor/laravel/framework/src/Illuminate/Foundation/Http/Middleware/TrimStrings.php(51): Illuminate/Foundation/Http/Middleware/TransformsRequest->handle(Object(Illuminate/Http/Request), Object(Closure))
#47 C:/Users/josea/Desktop/Proyectois/vendor/laravel/framework/src/Illuminate/Pipeline/Pipeline.php(219): Illuminate/Foundation/Http/Middleware/TrimStrings->handle(Object(Illuminate/Http/Request), Object(Closure))
#48 C:/Users/josea/Desktop/Proyectois/vendor/laravel/framework/src/Illuminate/Http/Middleware/ValidatePostSize.php(27): Illuminate/Pipeline/Pipeline->{closure:{closure:Illuminate/Pipeline/Pipeline::carry():194}:195}(Object(Illuminate/Http/Request))
#49 C:/Users/josea/Desktop/Proyectois/vendor/laravel/framework/src/Illuminate/Pipeline/Pipeline.php(219): Illuminate/Http/Middleware/ValidatePostSize->handle(Object(Illuminate/Http/Request), Object(Closure))
#50 C:/Users/josea/Desktop/Proyectois/vendor/laravel/framework/src/Illuminate/Foundation/Http/Middleware/PreventRequestsDuringMaintenance.php(110): Illuminate/Pipeline/Pipeline->{closure:{closure:Illuminate/Pipeline/Pipeline::carry():194}:195}(Object(Illuminate/Http/Request))
#51 C:/Users/josea/Desktop/Proyectois/vendor/laravel/framework/src/Illuminate/Pipeline/Pipeline.php(219): Illuminate/Foundation/Http/Middleware/PreventRequestsDuringMaintenance->handle(Object(Illuminate/Http/Request), Object(Closure))
#52 C:/Users/josea/Desktop/Proyectois/vendor/laravel/framework/src/Illuminate/Http/Middleware/HandleCors.php(61): Illuminate/Pipeline/Pipeline->{closure:{closure:Illuminate/Pipeline/Pipeline::carry():194}:195}(Object(Illuminate/Http/Request))
#53 C:/Users/josea/Desktop/Proyectois/vendor/laravel/framework/src/Illuminate/Pipeline/Pipeline.php(219): Illuminate/Http/Middleware/HandleCors->handle(Object(Illuminate/Http/Request), Object(Closure))
#54 C:/Users/josea/Desktop/Proyectois/vendor/laravel/framework/src/Illuminate/Http/Middleware/TrustProxies.php(58): Illuminate/Pipeline/Pipeline->{closure:{closure:Illuminate/Pipeline/Pipeline::carry():194}:195}(Object(Illuminate/Http/Request))
#55 C:/Users/josea/Desktop/Proyectois/vendor/laravel/framework/src/Illuminate/Pipeline/Pipeline.php(219): Illuminate/Http/Middleware/TrustProxies->handle(Object(Illuminate/Http/Request), Object(Closure))
#56 C:/Users/josea/Desktop/Proyectois/vendor/laravel/framework/src/Illuminate/Foundation/Http/Middleware/InvokeDeferredCallbacks.php(22): Illuminate/Pipeline/Pipeline->{closure:{closure:Illuminate/Pipeline/Pipeline::carry():194}:195}(Object(Illuminate/Http/Request))
#57 C:/Users/josea/Desktop/Proyectois/vendor/laravel/framework/src/Illuminate/Pipeline/Pipeline.php(219): Illuminate/Foundation/Http/Middleware/InvokeDeferredCallbacks->handle(Object(Illuminate/Http/Request), Object(Closure))
#58 C:/Users/josea/Desktop/Proyectois/vendor/laravel/framework/src/Illuminate/Http/Middleware/ValidatePathEncoding.php(28): Illuminate/Pipeline/Pipeline->{closure:{closure:Illuminate/Pipeline/Pipeline::carry():194}:195}(Object(Illuminate/Http/Request))
#59 C:/Users/josea/Desktop/Proyectois/vendor/laravel/framework/src/Illuminate/Pipeline/Pipeline.php(219): Illuminate/Http/Middleware/ValidatePathEncoding->handle(Object(Illuminate/Http/Request), Object(Closure))
#60 C:/Users/josea/Desktop/Proyectois/vendor/laravel/framework/src/Illuminate/Pipeline/Pipeline.php(137): Illuminate/Pipeline/Pipeline->{closure:{closure:Illuminate/Pipeline/Pipeline::carry():194}:195}(Object(Illuminate/Http/Request))
#61 C:/Users/josea/Desktop/Proyectois/vendor/laravel/framework/src/Illuminate/Foundation/Http/Kernel.php(175): Illuminate/Pipeline/Pipeline->then(Object(Closure))
#62 C:/Users/josea/Desktop/Proyectois/vendor/laravel/framework/src/Illuminate/Foundation/Http/Kernel.php(144): Illuminate/Foundation/Http/Kernel->sendRequestThroughRouter(Object(Illuminate/Http/Request))
#63 C:/Users/josea/Desktop/Proyectois/vendor/laravel/framework/src/Illuminate/Foundation/Application.php(1227): Illuminate/Foundation/Http/Kernel->handle(Object(Illuminate/Http/Request))
#64 C:/Users/josea/Desktop/Proyectois/public/index.php(17): Illuminate/Foundation/Application->handleRequest(Object(Illuminate/Http/Request))
#65 C:/Users/josea/Desktop/Proyectois/vendor/laravel/framework/src/Illuminate/Foundation/resources/server.php(23): require_once('C://Users//josea//...')
#66 {main}
"} 
[2026-09-19 23:04:59] local.ERROR: preg_match(): Argument #2 ($subject) must be of type string, array given {"exception":"[object] (TypeError(code: 0): preg_match(): Argument #2 ($subject) must be of type string, array given at C:/Users/josea/Desktop/Proyectois/vendor/laravel/framework/src/Illuminate/Database/Eloquent/Concerns/HasAttributes.php:1616)
[stacktrace]
#0 C:/Users/josea/Desktop/Proyectois/vendor/laravel/framework/src/Illuminate/Database/Eloquent/Concerns/HasAttributes.php(1616): preg_match('/^(//d{4})-(//d{1...', Array)
#1 C:/Users/josea/Desktop/Proyectois/vendor/laravel/framework/src/Illuminate/Database/Eloquent/Concerns/HasAttributes.php(1590): Illuminate/Database/Eloquent/Model->isStandardDateFormat(Array)
#2 C:/Users/josea/Desktop/Proyectois/vendor/mongodb/laravel-mongodb/src/Eloquent/DocumentModel.php(168): Illuminate/Database/Eloquent/Model->asDateTime(Array)
#3 C:/Users/josea/Desktop/Proyectois/vendor/laravel/framework/src/Illuminate/Database/Eloquent/Concerns/HasAttributes.php(892): MongoDB/Laravel/Eloquent/Model->asDateTime(Array)
#4 C:/Users/josea/Desktop/Proyectois/vendor/laravel/framework/src/Illuminate/Database/Eloquent/Concerns/HasAttributes.php(2427): Illuminate/Database/Eloquent/Model->castAttribute('expires_at', Array)
#5 C:/Users/josea/Desktop/Proyectois/vendor/mongodb/laravel-mongodb/src/Eloquent/DocumentModel.php(219): Illuminate/Database/Eloquent/Model->transformModelValue('expires_at', Array)
#6 C:/Users/josea/Desktop/Proyectois/vendor/laravel/framework/src/Illuminate/Database/Eloquent/Concerns/HasAttributes.php(541): MongoDB/Laravel/Eloquent/Model->transformModelValue('expires_at', Array)
#7 C:/Users/josea/Desktop/Proyectois/vendor/laravel/framework/src/Illuminate/Database/Eloquent/Concerns/HasAttributes.php(495): Illuminate/Database/Eloquent/Model->getAttributeValue('expires_at')
#8 C:/Users/josea/Desktop/Proyectois/vendor/mongodb/laravel-mongodb/src/Eloquent/DocumentModel.php(213): Illuminate/Database/Eloquent/Model->getAttribute('expires_at')
#9 C:/Users/josea/Desktop/Proyectois/vendor/laravel/framework/src/Illuminate/Database/Eloquent/Model.php(2749): MongoDB/Laravel/Eloquent/Model->getAttribute('expires_at')
#10 C:/Users/josea/Desktop/Proyectois/app/Http/Controllers/ReservationController.php(55): Illuminate/Database/Eloquent/Model->__get('expires_at')
#11 [internal function]: App/Http/Controllers/ReservationController->{closure:App/Http/Controllers/ReservationController::index():50}(Object(App/Models/StockReservation), 0)
#12 C:/Users/josea/Desktop/Proyectois/vendor/laravel/framework/src/Illuminate/Collections/Arr.php(858): array_map(Object(Closure), Array, Array)
#13 C:/Users/josea/Desktop/Proyectois/vendor/laravel/framework/src/Illuminate/Collections/Collection.php(831): Illuminate/Support/Arr::map(Array, Object(Closure))
#14 C:/Users/josea/Desktop/Proyectois/app/Http/Controllers/ReservationController.php(50): Illuminate/Support/Collection->map(Object(Closure))
#15 C:/Users/josea/Desktop/Proyectois/vendor/laravel/framework/src/Illuminate/Routing/ControllerDispatcher.php(46): App/Http/Controllers/ReservationController->index(Object(Illuminate/Http/Request))
#16 C:/Users/josea/Desktop/Proyectois/vendor/laravel/framework/src/Illuminate/Routing/Route.php(276): Illuminate/Routing/ControllerDispatcher->dispatch(Object(Illuminate/Routing/Route), Object(App/Http/Controllers/ReservationController), 'index')
#17 C:/Users/josea/Desktop/Proyectois/vendor/laravel/framework/src/Illuminate/Routing/Route.php(216): Illuminate/Routing/Route->runController()
#18 C:/Users/josea/Desktop/Proyectois/vendor/laravel/framework/src/Illuminate/Routing/Router.php(822): Illuminate/Routing/Route->run()
#19 C:/Users/josea/Desktop/Proyectois/vendor/laravel/framework/src/Illuminate/Pipeline/Pipeline.php(180): Illuminate/Routing/Router->{closure:Illuminate/Routing/Router::runRouteWithinStack():821}(Object(Illuminate/Http/Request))
#20 C:/Users/josea/Desktop/Proyectois/vendor/inertiajs/inertia-laravel/src/Middleware.php(122): Illuminate/Pipeline/Pipeline->{closure:Illuminate/Pipeline/Pipeline::prepareDestination():178}(Object(Illuminate/Http/Request))
#21 C:/Users/josea/Desktop/Proyectois/vendor/laravel/framework/src/Illuminate/Pipeline/Pipeline.php(219): Inertia/Middleware->handle(Object(Illuminate/Http/Request), Object(Closure))
#22 C:/Users/josea/Desktop/Proyectois/vendor/laravel/framework/src/Illuminate/Routing/Middleware/SubstituteBindings.php(52): Illuminate/Pipeline/Pipeline->{closure:{closure:Illuminate/Pipeline/Pipeline::carry():194}:195}(Object(Illuminate/Http/Request))
#23 C:/Users/josea/Desktop/Proyectois/vendor/laravel/framework/src/Illuminate/Pipeline/Pipeline.php(219): Illuminate/Routing/Middleware/SubstituteBindings->handle(Object(Illuminate/Http/Request), Object(Closure))
#24 C:/Users/josea/Desktop/Proyectois/vendor/laravel/framework/src/Illuminate/Foundation/Http/Middleware/PreventRequestForgery.php(104): Illuminate/Pipeline/Pipeline->{closure:{closure:Illuminate/Pipeline/Pipeline::carry():194}:195}(Object(Illuminate/Http/Request))
#25 C:/Users/josea/Desktop/Proyectois/vendor/laravel/framework/src/Illuminate/Pipeline/Pipeline.php(219): Illuminate/Foundation/Http/Middleware/PreventRequestForgery->handle(Object(Illuminate/Http/Request), Object(Closure))
#26 C:/Users/josea/Desktop/Proyectois/vendor/laravel/framework/src/Illuminate/View/Middleware/ShareErrorsFromSession.php(48): Illuminate/Pipeline/Pipeline->{closure:{closure:Illuminate/Pipeline/Pipeline::carry():194}:195}(Object(Illuminate/Http/Request))
#27 C:/Users/josea/Desktop/Proyectois/vendor/laravel/framework/src/Illuminate/Pipeline/Pipeline.php(219): Illuminate/View/Middleware/ShareErrorsFromSession->handle(Object(Illuminate/Http/Request), Object(Closure))
#28 C:/Users/josea/Desktop/Proyectois/vendor/laravel/framework/src/Illuminate/Session/Middleware/StartSession.php(120): Illuminate/Pipeline/Pipeline->{closure:{closure:Illuminate/Pipeline/Pipeline::carry():194}:195}(Object(Illuminate/Http/Request))
#29 C:/Users/josea/Desktop/Proyectois/vendor/laravel/framework/src/Illuminate/Session/Middleware/StartSession.php(63): Illuminate/Session/Middleware/StartSession->handleStatefulRequest(Object(Illuminate/Http/Request), Object(Illuminate/Session/Store), Object(Closure))
#30 C:/Users/josea/Desktop/Proyectois/vendor/laravel/framework/src/Illuminate/Pipeline/Pipeline.php(219): Illuminate/Session/Middleware/StartSession->handle(Object(Illuminate/Http/Request), Object(Closure))
#31 C:/Users/josea/Desktop/Proyectois/vendor/laravel/framework/src/Illuminate/Cookie/Middleware/AddQueuedCookiesToResponse.php(36): Illuminate/Pipeline/Pipeline->{closure:{closure:Illuminate/Pipeline/Pipeline::carry():194}:195}(Object(Illuminate/Http/Request))
#32 C:/Users/josea/Desktop/Proyectois/vendor/laravel/framework/src/Illuminate/Pipeline/Pipeline.php(219): Illuminate/Cookie/Middleware/AddQueuedCookiesToResponse->handle(Object(Illuminate/Http/Request), Object(Closure))
#33 C:/Users/josea/Desktop/Proyectois/vendor/laravel/framework/src/Illuminate/Cookie/Middleware/EncryptCookies.php(74): Illuminate/Pipeline/Pipeline->{closure:{closure:Illuminate/Pipeline/Pipeline::carry():194}:195}(Object(Illuminate/Http/Request))
#34 C:/Users/josea/Desktop/Proyectois/vendor/laravel/framework/src/Illuminate/Pipeline/Pipeline.php(219): Illuminate/Cookie/Middleware/EncryptCookies->handle(Object(Illuminate/Http/Request), Object(Closure))
#35 C:/Users/josea/Desktop/Proyectois/vendor/laravel/framework/src/Illuminate/Pipeline/Pipeline.php(137): Illuminate/Pipeline/Pipeline->{closure:{closure:Illuminate/Pipeline/Pipeline::carry():194}:195}(Object(Illuminate/Http/Request))
#36 C:/Users/josea/Desktop/Proyectois/vendor/laravel/framework/src/Illuminate/Routing/Router.php(821): Illuminate/Pipeline/Pipeline->then(Object(Closure))
#37 C:/Users/josea/Desktop/Proyectois/vendor/laravel/framework/src/Illuminate/Routing/Router.php(800): Illuminate/Routing/Router->runRouteWithinStack(Object(Illuminate/Routing/Route), Object(Illuminate/Http/Request))
#38 C:/Users/josea/Desktop/Proyectois/vendor/laravel/framework/src/Illuminate/Routing/Router.php(764): Illuminate/Routing/Router->runRoute(Object(Illuminate/Http/Request), Object(Illuminate/Routing/Route))
#39 C:/Users/josea/Desktop/Proyectois/vendor/laravel/framework/src/Illuminate/Routing/Router.php(753): Illuminate/Routing/Router->dispatchToRoute(Object(Illuminate/Http/Request))
#40 C:/Users/josea/Desktop/Proyectois/vendor/laravel/framework/src/Illuminate/Foundation/Http/Kernel.php(200): Illuminate/Routing/Router->dispatch(Object(Illuminate/Http/Request))
#41 C:/Users/josea/Desktop/Proyectois/vendor/laravel/framework/src/Illuminate/Pipeline/Pipeline.php(180): Illuminate/Foundation/Http/Kernel->{closure:Illuminate/Foundation/Http/Kernel::dispatchToRouter():197}(Object(Illuminate/Http/Request))
#42 C:/Users/josea/Desktop/Proyectois/vendor/laravel/framework/src/Illuminate/Foundation/Http/Middleware/TransformsRequest.php(21): Illuminate/Pipeline/Pipeline->{closure:Illuminate/Pipeline/Pipeline::prepareDestination():178}(Object(Illuminate/Http/Request))
#43 C:/Users/josea/Desktop/Proyectois/vendor/laravel/framework/src/Illuminate/Foundation/Http/Middleware/ConvertEmptyStringsToNull.php(31): Illuminate/Foundation/Http/Middleware/TransformsRequest->handle(Object(Illuminate/Http/Request), Object(Closure))
#44 C:/Users/josea/Desktop/Proyectois/vendor/laravel/framework/src/Illuminate/Pipeline/Pipeline.php(219): Illuminate/Foundation/Http/Middleware/ConvertEmptyStringsToNull->handle(Object(Illuminate/Http/Request), Object(Closure))
#45 C:/Users/josea/Desktop/Proyectois/vendor/laravel/framework/src/Illuminate/Foundation/Http/Middleware/TransformsRequest.php(21): Illuminate/Pipeline/Pipeline->{closure:{closure:Illuminate/Pipeline/Pipeline::carry():194}:195}(Object(Illuminate/Http/Request))
#46 C:/Users/josea/Desktop/Proyectois/vendor/laravel/framework/src/Illuminate/Foundation/Http/Middleware/TrimStrings.php(51): Illuminate/Foundation/Http/Middleware/TransformsRequest->handle(Object(Illuminate/Http/Request), Object(Closure))
#47 C:/Users/josea/Desktop/Proyectois/vendor/laravel/framework/src/Illuminate/Pipeline/Pipeline.php(219): Illuminate/Foundation/Http/Middleware/TrimStrings->handle(Object(Illuminate/Http/Request), Object(Closure))
#48 C:/Users/josea/Desktop/Proyectois/vendor/laravel/framework/src/Illuminate/Http/Middleware/ValidatePostSize.php(27): Illuminate/Pipeline/Pipeline->{closure:{closure:Illuminate/Pipeline/Pipeline::carry():194}:195}(Object(Illuminate/Http/Request))
#49 C:/Users/josea/Desktop/Proyectois/vendor/laravel/framework/src/Illuminate/Pipeline/Pipeline.php(219): Illuminate/Http/Middleware/ValidatePostSize->handle(Object(Illuminate/Http/Request), Object(Closure))
#50 C:/Users/josea/Desktop/Proyectois/vendor/laravel/framework/src/Illuminate/Foundation/Http/Middleware/PreventRequestsDuringMaintenance.php(110): Illuminate/Pipeline/Pipeline->{closure:{closure:Illuminate/Pipeline/Pipeline::carry():194}:195}(Object(Illuminate/Http/Request))
#51 C:/Users/josea/Desktop/Proyectois/vendor/laravel/framework/src/Illuminate/Pipeline/Pipeline.php(219): Illuminate/Foundation/Http/Middleware/PreventRequestsDuringMaintenance->handle(Object(Illuminate/Http/Request), Object(Closure))
#52 C:/Users/josea/Desktop/Proyectois/vendor/laravel/framework/src/Illuminate/Http/Middleware/HandleCors.php(61): Illuminate/Pipeline/Pipeline->{closure:{closure:Illuminate/Pipeline/Pipeline::carry():194}:195}(Object(Illuminate/Http/Request))
#53 C:/Users/josea/Desktop/Proyectois/vendor/laravel/framework/src/Illuminate/Pipeline/Pipeline.php(219): Illuminate/Http/Middleware/HandleCors->handle(Object(Illuminate/Http/Request), Object(Closure))
#54 C:/Users/josea/Desktop/Proyectois/vendor/laravel/framework/src/Illuminate/Http/Middleware/TrustProxies.php(58): Illuminate/Pipeline/Pipeline->{closure:{closure:Illuminate/Pipeline/Pipeline::carry():194}:195}(Object(Illuminate/Http/Request))
#55 C:/Users/josea/Desktop/Proyectois/vendor/laravel/framework/src/Illuminate/Pipeline/Pipeline.php(219): Illuminate/Http/Middleware/TrustProxies->handle(Object(Illuminate/Http/Request), Object(Closure))
#56 C:/Users/josea/Desktop/Proyectois/vendor/laravel/framework/src/Illuminate/Foundation/Http/Middleware/InvokeDeferredCallbacks.php(22): Illuminate/Pipeline/Pipeline->{closure:{closure:Illuminate/Pipeline/Pipeline::carry():194}:195}(Object(Illuminate/Http/Request))
#57 C:/Users/josea/Desktop/Proyectois/vendor/laravel/framework/src/Illuminate/Pipeline/Pipeline.php(219): Illuminate/Foundation/Http/Middleware/InvokeDeferredCallbacks->handle(Object(Illuminate/Http/Request), Object(Closure))
#58 C:/Users/josea/Desktop/Proyectois/vendor/laravel/framework/src/Illuminate/Http/Middleware/ValidatePathEncoding.php(28): Illuminate/Pipeline/Pipeline->{closure:{closure:Illuminate/Pipeline/Pipeline::carry():194}:195}(Object(Illuminate/Http/Request))
#59 C:/Users/josea/Desktop/Proyectois/vendor/laravel/framework/src/Illuminate/Pipeline/Pipeline.php(219): Illuminate/Http/Middleware/ValidatePathEncoding->handle(Object(Illuminate/Http/Request), Object(Closure))
#60 C:/Users/josea/Desktop/Proyectois/vendor/laravel/framework/src/Illuminate/Pipeline/Pipeline.php(137): Illuminate/Pipeline/Pipeline->{closure:{closure:Illuminate/Pipeline/Pipeline::carry():194}:195}(Object(Illuminate/Http/Request))
#61 C:/Users/josea/Desktop/Proyectois/vendor/laravel/framework/src/Illuminate/Foundation/Http/Kernel.php(175): Illuminate/Pipeline/Pipeline->then(Object(Closure))
#62 C:/Users/josea/Desktop/Proyectois/vendor/laravel/framework/src/Illuminate/Foundation/Http/Kernel.php(144): Illuminate/Foundation/Http/Kernel->sendRequestThroughRouter(Object(Illuminate/Http/Request))
#63 C:/Users/josea/Desktop/Proyectois/vendor/laravel/framework/src/Illuminate/Foundation/Application.php(1227): Illuminate/Foundation/Http/Kernel->handle(Object(Illuminate/Http/Request))
#64 C:/Users/josea/Desktop/Proyectois/public/index.php(17): Illuminate/Foundation/Application->handleRequest(Object(Illuminate/Http/Request))
#65 C:/Users/josea/Desktop/Proyectois/vendor/laravel/framework/src/Illuminate/Foundation/resources/server.php(23): require_once('C://Users//josea//...')
#66 {main}
"} 
[2026-09-19 23:07:27] local.ERROR: preg_match(): Argument #2 ($subject) must be of type string, array given {"exception":"[object] (TypeError(code: 0): preg_match(): Argument #2 ($subject) must be of type string, array given at C:/Users/josea/Desktop/Proyectois/vendor/laravel/framework/src/Illuminate/Database/Eloquent/Concerns/HasAttributes.php:1616)
[stacktrace]
#0 C:/Users/josea/Desktop/Proyectois/vendor/laravel/framework/src/Illuminate/Database/Eloquent/Concerns/HasAttributes.php(1616): preg_match('/^(//d{4})-(//d{1...', Array)
#1 C:/Users/josea/Desktop/Proyectois/vendor/laravel/framework/src/Illuminate/Database/Eloquent/Concerns/HasAttributes.php(1590): Illuminate/Database/Eloquent/Model->isStandardDateFormat(Array)
#2 C:/Users/josea/Desktop/Proyectois/vendor/mongodb/laravel-mongodb/src/Eloquent/DocumentModel.php(168): Illuminate/Database/Eloquent/Model->asDateTime(Array)
#3 C:/Users/josea/Desktop/Proyectois/vendor/laravel/framework/src/Illuminate/Database/Eloquent/Concerns/HasAttributes.php(892): MongoDB/Laravel/Eloquent/Model->asDateTime(Array)
#4 C:/Users/josea/Desktop/Proyectois/vendor/laravel/framework/src/Illuminate/Database/Eloquent/Concerns/HasAttributes.php(2427): Illuminate/Database/Eloquent/Model->castAttribute('expires_at', Array)
#5 C:/Users/josea/Desktop/Proyectois/vendor/mongodb/laravel-mongodb/src/Eloquent/DocumentModel.php(219): Illuminate/Database/Eloquent/Model->transformModelValue('expires_at', Array)
#6 C:/Users/josea/Desktop/Proyectois/vendor/laravel/framework/src/Illuminate/Database/Eloquent/Concerns/HasAttributes.php(541): MongoDB/Laravel/Eloquent/Model->transformModelValue('expires_at', Array)
#7 C:/Users/josea/Desktop/Proyectois/vendor/laravel/framework/src/Illuminate/Database/Eloquent/Concerns/HasAttributes.php(495): Illuminate/Database/Eloquent/Model->getAttributeValue('expires_at')
#8 C:/Users/josea/Desktop/Proyectois/vendor/mongodb/laravel-mongodb/src/Eloquent/DocumentModel.php(213): Illuminate/Database/Eloquent/Model->getAttribute('expires_at')
#9 C:/Users/josea/Desktop/Proyectois/vendor/laravel/framework/src/Illuminate/Database/Eloquent/Model.php(2749): MongoDB/Laravel/Eloquent/Model->getAttribute('expires_at')
#10 C:/Users/josea/Desktop/Proyectois/app/Http/Controllers/ReservationController.php(87): Illuminate/Database/Eloquent/Model->__get('expires_at')
#11 [internal function]: App/Http/Controllers/ReservationController->{closure:App/Http/Controllers/ReservationController::index():73}(Object(App/Models/StockReservation), 0)
#12 C:/Users/josea/Desktop/Proyectois/vendor/laravel/framework/src/Illuminate/Collections/Arr.php(858): array_map(Object(Closure), Array, Array)
#13 C:/Users/josea/Desktop/Proyectois/vendor/laravel/framework/src/Illuminate/Collections/Collection.php(831): Illuminate/Support/Arr::map(Array, Object(Closure))
#14 C:/Users/josea/Desktop/Proyectois/app/Http/Controllers/ReservationController.php(73): Illuminate/Support/Collection->map(Object(Closure))
#15 C:/Users/josea/Desktop/Proyectois/vendor/laravel/framework/src/Illuminate/Routing/ControllerDispatcher.php(46): App/Http/Controllers/ReservationController->index(Object(Illuminate/Http/Request))
#16 C:/Users/josea/Desktop/Proyectois/vendor/laravel/framework/src/Illuminate/Routing/Route.php(276): Illuminate/Routing/ControllerDispatcher->dispatch(Object(Illuminate/Routing/Route), Object(App/Http/Controllers/ReservationController), 'index')
#17 C:/Users/josea/Desktop/Proyectois/vendor/laravel/framework/src/Illuminate/Routing/Route.php(216): Illuminate/Routing/Route->runController()
#18 C:/Users/josea/Desktop/Proyectois/vendor/laravel/framework/src/Illuminate/Routing/Router.php(822): Illuminate/Routing/Route->run()
#19 C:/Users/josea/Desktop/Proyectois/vendor/laravel/framework/src/Illuminate/Pipeline/Pipeline.php(180): Illuminate/Routing/Router->{closure:Illuminate/Routing/Router::runRouteWithinStack():821}(Object(Illuminate/Http/Request))
#20 C:/Users/josea/Desktop/Proyectois/vendor/inertiajs/inertia-laravel/src/Middleware.php(122): Illuminate/Pipeline/Pipeline->{closure:Illuminate/Pipeline/Pipeline::prepareDestination():178}(Object(Illuminate/Http/Request))
#21 C:/Users/josea/Desktop/Proyectois/vendor/laravel/framework/src/Illuminate/Pipeline/Pipeline.php(219): Inertia/Middleware->handle(Object(Illuminate/Http/Request), Object(Closure))
#22 C:/Users/josea/Desktop/Proyectois/vendor/laravel/framework/src/Illuminate/Routing/Middleware/SubstituteBindings.php(52): Illuminate/Pipeline/Pipeline->{closure:{closure:Illuminate/Pipeline/Pipeline::carry():194}:195}(Object(Illuminate/Http/Request))
#23 C:/Users/josea/Desktop/Proyectois/vendor/laravel/framework/src/Illuminate/Pipeline/Pipeline.php(219): Illuminate/Routing/Middleware/SubstituteBindings->handle(Object(Illuminate/Http/Request), Object(Closure))
#24 C:/Users/josea/Desktop/Proyectois/vendor/laravel/framework/src/Illuminate/Foundation/Http/Middleware/PreventRequestForgery.php(104): Illuminate/Pipeline/Pipeline->{closure:{closure:Illuminate/Pipeline/Pipeline::carry():194}:195}(Object(Illuminate/Http/Request))
#25 C:/Users/josea/Desktop/Proyectois/vendor/laravel/framework/src/Illuminate/Pipeline/Pipeline.php(219): Illuminate/Foundation/Http/Middleware/PreventRequestForgery->handle(Object(Illuminate/Http/Request), Object(Closure))
#26 C:/Users/josea/Desktop/Proyectois/vendor/laravel/framework/src/Illuminate/View/Middleware/ShareErrorsFromSession.php(48): Illuminate/Pipeline/Pipeline->{closure:{closure:Illuminate/Pipeline/Pipeline::carry():194}:195}(Object(Illuminate/Http/Request))
#27 C:/Users/josea/Desktop/Proyectois/vendor/laravel/framework/src/Illuminate/Pipeline/Pipeline.php(219): Illuminate/View/Middleware/ShareErrorsFromSession->handle(Object(Illuminate/Http/Request), Object(Closure))
#28 C:/Users/josea/Desktop/Proyectois/vendor/laravel/framework/src/Illuminate/Session/Middleware/StartSession.php(120): Illuminate/Pipeline/Pipeline->{closure:{closure:Illuminate/Pipeline/Pipeline::carry():194}:195}(Object(Illuminate/Http/Request))
#29 C:/Users/josea/Desktop/Proyectois/vendor/laravel/framework/src/Illuminate/Session/Middleware/StartSession.php(63): Illuminate/Session/Middleware/StartSession->handleStatefulRequest(Object(Illuminate/Http/Request), Object(Illuminate/Session/Store), Object(Closure))
#30 C:/Users/josea/Desktop/Proyectois/vendor/laravel/framework/src/Illuminate/Pipeline/Pipeline.php(219): Illuminate/Session/Middleware/StartSession->handle(Object(Illuminate/Http/Request), Object(Closure))
#31 C:/Users/josea/Desktop/Proyectois/vendor/laravel/framework/src/Illuminate/Cookie/Middleware/AddQueuedCookiesToResponse.php(36): Illuminate/Pipeline/Pipeline->{closure:{closure:Illuminate/Pipeline/Pipeline::carry():194}:195}(Object(Illuminate/Http/Request))
#32 C:/Users/josea/Desktop/Proyectois/vendor/laravel/framework/src/Illuminate/Pipeline/Pipeline.php(219): Illuminate/Cookie/Middleware/AddQueuedCookiesToResponse->handle(Object(Illuminate/Http/Request), Object(Closure))
#33 C:/Users/josea/Desktop/Proyectois/vendor/laravel/framework/src/Illuminate/Cookie/Middleware/EncryptCookies.php(74): Illuminate/Pipeline/Pipeline->{closure:{closure:Illuminate/Pipeline/Pipeline::carry():194}:195}(Object(Illuminate/Http/Request))
#34 C:/Users/josea/Desktop/Proyectois/vendor/laravel/framework/src/Illuminate/Pipeline/Pipeline.php(219): Illuminate/Cookie/Middleware/EncryptCookies->handle(Object(Illuminate/Http/Request), Object(Closure))
#35 C:/Users/josea/Desktop/Proyectois/vendor/laravel/framework/src/Illuminate/Pipeline/Pipeline.php(137): Illuminate/Pipeline/Pipeline->{closure:{closure:Illuminate/Pipeline/Pipeline::carry():194}:195}(Object(Illuminate/Http/Request))
#36 C:/Users/josea/Desktop/Proyectois/vendor/laravel/framework/src/Illuminate/Routing/Router.php(821): Illuminate/Pipeline/Pipeline->then(Object(Closure))
#37 C:/Users/josea/Desktop/Proyectois/vendor/laravel/framework/src/Illuminate/Routing/Router.php(800): Illuminate/Routing/Router->runRouteWithinStack(Object(Illuminate/Routing/Route), Object(Illuminate/Http/Request))
#38 C:/Users/josea/Desktop/Proyectois/vendor/laravel/framework/src/Illuminate/Routing/Router.php(764): Illuminate/Routing/Router->runRoute(Object(Illuminate/Http/Request), Object(Illuminate/Routing/Route))
#39 C:/Users/josea/Desktop/Proyectois/vendor/laravel/framework/src/Illuminate/Routing/Router.php(753): Illuminate/Routing/Router->dispatchToRoute(Object(Illuminate/Http/Request))
#40 C:/Users/josea/Desktop/Proyectois/vendor/laravel/framework/src/Illuminate/Foundation/Http/Kernel.php(200): Illuminate/Routing/Router->dispatch(Object(Illuminate/Http/Request))
#41 C:/Users/josea/Desktop/Proyectois/vendor/laravel/framework/src/Illuminate/Pipeline/Pipeline.php(180): Illuminate/Foundation/Http/Kernel->{closure:Illuminate/Foundation/Http/Kernel::dispatchToRouter():197}(Object(Illuminate/Http/Request))
#42 C:/Users/josea/Desktop/Proyectois/vendor/laravel/framework/src/Illuminate/Foundation/Http/Middleware/TransformsRequest.php(21): Illuminate/Pipeline/Pipeline->{closure:Illuminate/Pipeline/Pipeline::prepareDestination():178}(Object(Illuminate/Http/Request))
#43 C:/Users/josea/Desktop/Proyectois/vendor/laravel/framework/src/Illuminate/Foundation/Http/Middleware/ConvertEmptyStringsToNull.php(31): Illuminate/Foundation/Http/Middleware/TransformsRequest->handle(Object(Illuminate/Http/Request), Object(Closure))
#44 C:/Users/josea/Desktop/Proyectois/vendor/laravel/framework/src/Illuminate/Pipeline/Pipeline.php(219): Illuminate/Foundation/Http/Middleware/ConvertEmptyStringsToNull->handle(Object(Illuminate/Http/Request), Object(Closure))
#45 C:/Users/josea/Desktop/Proyectois/vendor/laravel/framework/src/Illuminate/Foundation/Http/Middleware/TransformsRequest.php(21): Illuminate/Pipeline/Pipeline->{closure:{closure:Illuminate/Pipeline/Pipeline::carry():194}:195}(Object(Illuminate/Http/Request))
#46 C:/Users/josea/Desktop/Proyectois/vendor/laravel/framework/src/Illuminate/Foundation/Http/Middleware/TrimStrings.php(51): Illuminate/Foundation/Http/Middleware/TransformsRequest->handle(Object(Illuminate/Http/Request), Object(Closure))
#47 C:/Users/josea/Desktop/Proyectois/vendor/laravel/framework/src/Illuminate/Pipeline/Pipeline.php(219): Illuminate/Foundation/Http/Middleware/TrimStrings->handle(Object(Illuminate/Http/Request), Object(Closure))
#48 C:/Users/josea/Desktop/Proyectois/vendor/laravel/framework/src/Illuminate/Http/Middleware/ValidatePostSize.php(27): Illuminate/Pipeline/Pipeline->{closure:{closure:Illuminate/Pipeline/Pipeline::carry():194}:195}(Object(Illuminate/Http/Request))
#49 C:/Users/josea/Desktop/Proyectois/vendor/laravel/framework/src/Illuminate/Pipeline/Pipeline.php(219): Illuminate/Http/Middleware/ValidatePostSize->handle(Object(Illuminate/Http/Request), Object(Closure))
#50 C:/Users/josea/Desktop/Proyectois/vendor/laravel/framework/src/Illuminate/Foundation/Http/Middleware/PreventRequestsDuringMaintenance.php(110): Illuminate/Pipeline/Pipeline->{closure:{closure:Illuminate/Pipeline/Pipeline::carry():194}:195}(Object(Illuminate/Http/Request))
#51 C:/Users/josea/Desktop/Proyectois/vendor/laravel/framework/src/Illuminate/Pipeline/Pipeline.php(219): Illuminate/Foundation/Http/Middleware/PreventRequestsDuringMaintenance->handle(Object(Illuminate/Http/Request), Object(Closure))
#52 C:/Users/josea/Desktop/Proyectois/vendor/laravel/framework/src/Illuminate/Http/Middleware/HandleCors.php(61): Illuminate/Pipeline/Pipeline->{closure:{closure:Illuminate/Pipeline/Pipeline::carry():194}:195}(Object(Illuminate/Http/Request))
#53 C:/Users/josea/Desktop/Proyectois/vendor/laravel/framework/src/Illuminate/Pipeline/Pipeline.php(219): Illuminate/Http/Middleware/HandleCors->handle(Object(Illuminate/Http/Request), Object(Closure))
#54 C:/Users/josea/Desktop/Proyectois/vendor/laravel/framework/src/Illuminate/Http/Middleware/TrustProxies.php(58): Illuminate/Pipeline/Pipeline->{closure:{closure:Illuminate/Pipeline/Pipeline::carry():194}:195}(Object(Illuminate/Http/Request))
#55 C:/Users/josea/Desktop/Proyectois/vendor/laravel/framework/src/Illuminate/Pipeline/Pipeline.php(219): Illuminate/Http/Middleware/TrustProxies->handle(Object(Illuminate/Http/Request), Object(Closure))
#56 C:/Users/josea/Desktop/Proyectois/vendor/laravel/framework/src/Illuminate/Foundation/Http/Middleware/InvokeDeferredCallbacks.php(22): Illuminate/Pipeline/Pipeline->{closure:{closure:Illuminate/Pipeline/Pipeline::carry():194}:195}(Object(Illuminate/Http/Request))
#57 C:/Users/josea/Desktop/Proyectois/vendor/laravel/framework/src/Illuminate/Pipeline/Pipeline.php(219): Illuminate/Foundation/Http/Middleware/InvokeDeferredCallbacks->handle(Object(Illuminate/Http/Request), Object(Closure))
#58 C:/Users/josea/Desktop/Proyectois/vendor/laravel/framework/src/Illuminate/Http/Middleware/ValidatePathEncoding.php(28): Illuminate/Pipeline/Pipeline->{closure:{closure:Illuminate/Pipeline/Pipeline::carry():194}:195}(Object(Illuminate/Http/Request))
#59 C:/Users/josea/Desktop/Proyectois/vendor/laravel/framework/src/Illuminate/Pipeline/Pipeline.php(219): Illuminate/Http/Middleware/ValidatePathEncoding->handle(Object(Illuminate/Http/Request), Object(Closure))
#60 C:/Users/josea/Desktop/Proyectois/vendor/laravel/framework/src/Illuminate/Pipeline/Pipeline.php(137): Illuminate/Pipeline/Pipeline->{closure:{closure:Illuminate/Pipeline/Pipeline::carry():194}:195}(Object(Illuminate/Http/Request))
#61 C:/Users/josea/Desktop/Proyectois/vendor/laravel/framework/src/Illuminate/Foundation/Http/Kernel.php(175): Illuminate/Pipeline/Pipeline->then(Object(Closure))
#62 C:/Users/josea/Desktop/Proyectois/vendor/laravel/framework/src/Illuminate/Foundation/Http/Kernel.php(144): Illuminate/Foundation/Http/Kernel->sendRequestThroughRouter(Object(Illuminate/Http/Request))
#63 C:/Users/josea/Desktop/Proyectois/vendor/laravel/framework/src/Illuminate/Foundation/Application.php(1227): Illuminate/Foundation/Http/Kernel->handle(Object(Illuminate/Http/Request))
#64 C:/Users/josea/Desktop/Proyectois/public/index.php(17): Illuminate/Foundation/Application->handleRequest(Object(Illuminate/Http/Request))
#65 C:/Users/josea/Desktop/Proyectois/vendor/laravel/framework/src/Illuminate/Foundation/resources/server.php(23): require_once('C://Users//josea//...')
#66 {main}
"} 
[2026-09-19 23:07:33] local.ERROR: preg_match(): Argument #2 ($subject) must be of type string, array given {"exception":"[object] (TypeError(code: 0): preg_match(): Argument #2 ($subject) must be of type string, array given at C:/Users/josea/Desktop/Proyectois/vendor/laravel/framework/src/Illuminate/Database/Eloquent/Concerns/HasAttributes.php:1616)
[stacktrace]
#0 C:/Users/josea/Desktop/Proyectois/vendor/laravel/framework/src/Illuminate/Database/Eloquent/Concerns/HasAttributes.php(1616): preg_match('/^(//d{4})-(//d{1...', Array)
#1 C:/Users/josea/Desktop/Proyectois/vendor/laravel/framework/src/Illuminate/Database/Eloquent/Concerns/HasAttributes.php(1590): Illuminate/Database/Eloquent/Model->isStandardDateFormat(Array)
#2 C:/Users/josea/Desktop/Proyectois/vendor/mongodb/laravel-mongodb/src/Eloquent/DocumentModel.php(168): Illuminate/Database/Eloquent/Model->asDateTime(Array)
#3 C:/Users/josea/Desktop/Proyectois/vendor/laravel/framework/src/Illuminate/Database/Eloquent/Concerns/HasAttributes.php(892): MongoDB/Laravel/Eloquent/Model->asDateTime(Array)
#4 C:/Users/josea/Desktop/Proyectois/vendor/laravel/framework/src/Illuminate/Database/Eloquent/Concerns/HasAttributes.php(2427): Illuminate/Database/Eloquent/Model->castAttribute('expires_at', Array)
#5 C:/Users/josea/Desktop/Proyectois/vendor/mongodb/laravel-mongodb/src/Eloquent/DocumentModel.php(219): Illuminate/Database/Eloquent/Model->transformModelValue('expires_at', Array)
#6 C:/Users/josea/Desktop/Proyectois/vendor/laravel/framework/src/Illuminate/Database/Eloquent/Concerns/HasAttributes.php(541): MongoDB/Laravel/Eloquent/Model->transformModelValue('expires_at', Array)
#7 C:/Users/josea/Desktop/Proyectois/vendor/laravel/framework/src/Illuminate/Database/Eloquent/Concerns/HasAttributes.php(495): Illuminate/Database/Eloquent/Model->getAttributeValue('expires_at')
#8 C:/Users/josea/Desktop/Proyectois/vendor/mongodb/laravel-mongodb/src/Eloquent/DocumentModel.php(213): Illuminate/Database/Eloquent/Model->getAttribute('expires_at')
#9 C:/Users/josea/Desktop/Proyectois/vendor/laravel/framework/src/Illuminate/Database/Eloquent/Model.php(2749): MongoDB/Laravel/Eloquent/Model->getAttribute('expires_at')
#10 C:/Users/josea/Desktop/Proyectois/app/Http/Controllers/ReservationController.php(87): Illuminate/Database/Eloquent/Model->__get('expires_at')
#11 [internal function]: App/Http/Controllers/ReservationController->{closure:App/Http/Controllers/ReservationController::index():73}(Object(App/Models/StockReservation), 0)
#12 C:/Users/josea/Desktop/Proyectois/vendor/laravel/framework/src/Illuminate/Collections/Arr.php(858): array_map(Object(Closure), Array, Array)
#13 C:/Users/josea/Desktop/Proyectois/vendor/laravel/framework/src/Illuminate/Collections/Collection.php(831): Illuminate/Support/Arr::map(Array, Object(Closure))
#14 C:/Users/josea/Desktop/Proyectois/app/Http/Controllers/ReservationController.php(73): Illuminate/Support/Collection->map(Object(Closure))
#15 C:/Users/josea/Desktop/Proyectois/vendor/laravel/framework/src/Illuminate/Routing/ControllerDispatcher.php(46): App/Http/Controllers/ReservationController->index(Object(Illuminate/Http/Request))
#16 C:/Users/josea/Desktop/Proyectois/vendor/laravel/framework/src/Illuminate/Routing/Route.php(276): Illuminate/Routing/ControllerDispatcher->dispatch(Object(Illuminate/Routing/Route), Object(App/Http/Controllers/ReservationController), 'index')
#17 C:/Users/josea/Desktop/Proyectois/vendor/laravel/framework/src/Illuminate/Routing/Route.php(216): Illuminate/Routing/Route->runController()
#18 C:/Users/josea/Desktop/Proyectois/vendor/laravel/framework/src/Illuminate/Routing/Router.php(822): Illuminate/Routing/Route->run()
#19 C:/Users/josea/Desktop/Proyectois/vendor/laravel/framework/src/Illuminate/Pipeline/Pipeline.php(180): Illuminate/Routing/Router->{closure:Illuminate/Routing/Router::runRouteWithinStack():821}(Object(Illuminate/Http/Request))
#20 C:/Users/josea/Desktop/Proyectois/vendor/inertiajs/inertia-laravel/src/Middleware.php(122): Illuminate/Pipeline/Pipeline->{closure:Illuminate/Pipeline/Pipeline::prepareDestination():178}(Object(Illuminate/Http/Request))
#21 C:/Users/josea/Desktop/Proyectois/vendor/laravel/framework/src/Illuminate/Pipeline/Pipeline.php(219): Inertia/Middleware->handle(Object(Illuminate/Http/Request), Object(Closure))
#22 C:/Users/josea/Desktop/Proyectois/vendor/laravel/framework/src/Illuminate/Routing/Middleware/SubstituteBindings.php(52): Illuminate/Pipeline/Pipeline->{closure:{closure:Illuminate/Pipeline/Pipeline::carry():194}:195}(Object(Illuminate/Http/Request))
#23 C:/Users/josea/Desktop/Proyectois/vendor/laravel/framework/src/Illuminate/Pipeline/Pipeline.php(219): Illuminate/Routing/Middleware/SubstituteBindings->handle(Object(Illuminate/Http/Request), Object(Closure))
#24 C:/Users/josea/Desktop/Proyectois/vendor/laravel/framework/src/Illuminate/Foundation/Http/Middleware/PreventRequestForgery.php(104): Illuminate/Pipeline/Pipeline->{closure:{closure:Illuminate/Pipeline/Pipeline::carry():194}:195}(Object(Illuminate/Http/Request))
#25 C:/Users/josea/Desktop/Proyectois/vendor/laravel/framework/src/Illuminate/Pipeline/Pipeline.php(219): Illuminate/Foundation/Http/Middleware/PreventRequestForgery->handle(Object(Illuminate/Http/Request), Object(Closure))
#26 C:/Users/josea/Desktop/Proyectois/vendor/laravel/framework/src/Illuminate/View/Middleware/ShareErrorsFromSession.php(48): Illuminate/Pipeline/Pipeline->{closure:{closure:Illuminate/Pipeline/Pipeline::carry():194}:195}(Object(Illuminate/Http/Request))
#27 C:/Users/josea/Desktop/Proyectois/vendor/laravel/framework/src/Illuminate/Pipeline/Pipeline.php(219): Illuminate/View/Middleware/ShareErrorsFromSession->handle(Object(Illuminate/Http/Request), Object(Closure))
#28 C:/Users/josea/Desktop/Proyectois/vendor/laravel/framework/src/Illuminate/Session/Middleware/StartSession.php(120): Illuminate/Pipeline/Pipeline->{closure:{closure:Illuminate/Pipeline/Pipeline::carry():194}:195}(Object(Illuminate/Http/Request))
#29 C:/Users/josea/Desktop/Proyectois/vendor/laravel/framework/src/Illuminate/Session/Middleware/StartSession.php(63): Illuminate/Session/Middleware/StartSession->handleStatefulRequest(Object(Illuminate/Http/Request), Object(Illuminate/Session/Store), Object(Closure))
#30 C:/Users/josea/Desktop/Proyectois/vendor/laravel/framework/src/Illuminate/Pipeline/Pipeline.php(219): Illuminate/Session/Middleware/StartSession->handle(Object(Illuminate/Http/Request), Object(Closure))
#31 C:/Users/josea/Desktop/Proyectois/vendor/laravel/framework/src/Illuminate/Cookie/Middleware/AddQueuedCookiesToResponse.php(36): Illuminate/Pipeline/Pipeline->{closure:{closure:Illuminate/Pipeline/Pipeline::carry():194}:195}(Object(Illuminate/Http/Request))
#32 C:/Users/josea/Desktop/Proyectois/vendor/laravel/framework/src/Illuminate/Pipeline/Pipeline.php(219): Illuminate/Cookie/Middleware/AddQueuedCookiesToResponse->handle(Object(Illuminate/Http/Request), Object(Closure))
#33 C:/Users/josea/Desktop/Proyectois/vendor/laravel/framework/src/Illuminate/Cookie/Middleware/EncryptCookies.php(74): Illuminate/Pipeline/Pipeline->{closure:{closure:Illuminate/Pipeline/Pipeline::carry():194}:195}(Object(Illuminate/Http/Request))
#34 C:/Users/josea/Desktop/Proyectois/vendor/laravel/framework/src/Illuminate/Pipeline/Pipeline.php(219): Illuminate/Cookie/Middleware/EncryptCookies->handle(Object(Illuminate/Http/Request), Object(Closure))
#35 C:/Users/josea/Desktop/Proyectois/vendor/laravel/framework/src/Illuminate/Pipeline/Pipeline.php(137): Illuminate/Pipeline/Pipeline->{closure:{closure:Illuminate/Pipeline/Pipeline::carry():194}:195}(Object(Illuminate/Http/Request))
#36 C:/Users/josea/Desktop/Proyectois/vendor/laravel/framework/src/Illuminate/Routing/Router.php(821): Illuminate/Pipeline/Pipeline->then(Object(Closure))
#37 C:/Users/josea/Desktop/Proyectois/vendor/laravel/framework/src/Illuminate/Routing/Router.php(800): Illuminate/Routing/Router->runRouteWithinStack(Object(Illuminate/Routing/Route), Object(Illuminate/Http/Request))
#38 C:/Users/josea/Desktop/Proyectois/vendor/laravel/framework/src/Illuminate/Routing/Router.php(764): Illuminate/Routing/Router->runRoute(Object(Illuminate/Http/Request), Object(Illuminate/Routing/Route))
#39 C:/Users/josea/Desktop/Proyectois/vendor/laravel/framework/src/Illuminate/Routing/Router.php(753): Illuminate/Routing/Router->dispatchToRoute(Object(Illuminate/Http/Request))
#40 C:/Users/josea/Desktop/Proyectois/vendor/laravel/framework/src/Illuminate/Foundation/Http/Kernel.php(200): Illuminate/Routing/Router->dispatch(Object(Illuminate/Http/Request))
#41 C:/Users/josea/Desktop/Proyectois/vendor/laravel/framework/src/Illuminate/Pipeline/Pipeline.php(180): Illuminate/Foundation/Http/Kernel->{closure:Illuminate/Foundation/Http/Kernel::dispatchToRouter():197}(Object(Illuminate/Http/Request))
#42 C:/Users/josea/Desktop/Proyectois/vendor/laravel/framework/src/Illuminate/Foundation/Http/Middleware/TransformsRequest.php(21): Illuminate/Pipeline/Pipeline->{closure:Illuminate/Pipeline/Pipeline::prepareDestination():178}(Object(Illuminate/Http/Request))
#43 C:/Users/josea/Desktop/Proyectois/vendor/laravel/framework/src/Illuminate/Foundation/Http/Middleware/ConvertEmptyStringsToNull.php(31): Illuminate/Foundation/Http/Middleware/TransformsRequest->handle(Object(Illuminate/Http/Request), Object(Closure))
#44 C:/Users/josea/Desktop/Proyectois/vendor/laravel/framework/src/Illuminate/Pipeline/Pipeline.php(219): Illuminate/Foundation/Http/Middleware/ConvertEmptyStringsToNull->handle(Object(Illuminate/Http/Request), Object(Closure))
#45 C:/Users/josea/Desktop/Proyectois/vendor/laravel/framework/src/Illuminate/Foundation/Http/Middleware/TransformsRequest.php(21): Illuminate/Pipeline/Pipeline->{closure:{closure:Illuminate/Pipeline/Pipeline::carry():194}:195}(Object(Illuminate/Http/Request))
#46 C:/Users/josea/Desktop/Proyectois/vendor/laravel/framework/src/Illuminate/Foundation/Http/Middleware/TrimStrings.php(51): Illuminate/Foundation/Http/Middleware/TransformsRequest->handle(Object(Illuminate/Http/Request), Object(Closure))
#47 C:/Users/josea/Desktop/Proyectois/vendor/laravel/framework/src/Illuminate/Pipeline/Pipeline.php(219): Illuminate/Foundation/Http/Middleware/TrimStrings->handle(Object(Illuminate/Http/Request), Object(Closure))
#48 C:/Users/josea/Desktop/Proyectois/vendor/laravel/framework/src/Illuminate/Http/Middleware/ValidatePostSize.php(27): Illuminate/Pipeline/Pipeline->{closure:{closure:Illuminate/Pipeline/Pipeline::carry():194}:195}(Object(Illuminate/Http/Request))
#49 C:/Users/josea/Desktop/Proyectois/vendor/laravel/framework/src/Illuminate/Pipeline/Pipeline.php(219): Illuminate/Http/Middleware/ValidatePostSize->handle(Object(Illuminate/Http/Request), Object(Closure))
#50 C:/Users/josea/Desktop/Proyectois/vendor/laravel/framework/src/Illuminate/Foundation/Http/Middleware/PreventRequestsDuringMaintenance.php(110): Illuminate/Pipeline/Pipeline->{closure:{closure:Illuminate/Pipeline/Pipeline::carry():194}:195}(Object(Illuminate/Http/Request))
#51 C:/Users/josea/Desktop/Proyectois/vendor/laravel/framework/src/Illuminate/Pipeline/Pipeline.php(219): Illuminate/Foundation/Http/Middleware/PreventRequestsDuringMaintenance->handle(Object(Illuminate/Http/Request), Object(Closure))
#52 C:/Users/josea/Desktop/Proyectois/vendor/laravel/framework/src/Illuminate/Http/Middleware/HandleCors.php(61): Illuminate/Pipeline/Pipeline->{closure:{closure:Illuminate/Pipeline/Pipeline::carry():194}:195}(Object(Illuminate/Http/Request))
#53 C:/Users/josea/Desktop/Proyectois/vendor/laravel/framework/src/Illuminate/Pipeline/Pipeline.php(219): Illuminate/Http/Middleware/HandleCors->handle(Object(Illuminate/Http/Request), Object(Closure))
#54 C:/Users/josea/Desktop/Proyectois/vendor/laravel/framework/src/Illuminate/Http/Middleware/TrustProxies.php(58): Illuminate/Pipeline/Pipeline->{closure:{closure:Illuminate/Pipeline/Pipeline::carry():194}:195}(Object(Illuminate/Http/Request))
#55 C:/Users/josea/Desktop/Proyectois/vendor/laravel/framework/src/Illuminate/Pipeline/Pipeline.php(219): Illuminate/Http/Middleware/TrustProxies->handle(Object(Illuminate/Http/Request), Object(Closure))
#56 C:/Users/josea/Desktop/Proyectois/vendor/laravel/framework/src/Illuminate/Foundation/Http/Middleware/InvokeDeferredCallbacks.php(22): Illuminate/Pipeline/Pipeline->{closure:{closure:Illuminate/Pipeline/Pipeline::carry():194}:195}(Object(Illuminate/Http/Request))
#57 C:/Users/josea/Desktop/Proyectois/vendor/laravel/framework/src/Illuminate/Pipeline/Pipeline.php(219): Illuminate/Foundation/Http/Middleware/InvokeDeferredCallbacks->handle(Object(Illuminate/Http/Request), Object(Closure))
#58 C:/Users/josea/Desktop/Proyectois/vendor/laravel/framework/src/Illuminate/Http/Middleware/ValidatePathEncoding.php(28): Illuminate/Pipeline/Pipeline->{closure:{closure:Illuminate/Pipeline/Pipeline::carry():194}:195}(Object(Illuminate/Http/Request))
#59 C:/Users/josea/Desktop/Proyectois/vendor/laravel/framework/src/Illuminate/Pipeline/Pipeline.php(219): Illuminate/Http/Middleware/ValidatePathEncoding->handle(Object(Illuminate/Http/Request), Object(Closure))
#60 C:/Users/josea/Desktop/Proyectois/vendor/laravel/framework/src/Illuminate/Pipeline/Pipeline.php(137): Illuminate/Pipeline/Pipeline->{closure:{closure:Illuminate/Pipeline/Pipeline::carry():194}:195}(Object(Illuminate/Http/Request))
#61 C:/Users/josea/Desktop/Proyectois/vendor/laravel/framework/src/Illuminate/Foundation/Http/Kernel.php(175): Illuminate/Pipeline/Pipeline->then(Object(Closure))
#62 C:/Users/josea/Desktop/Proyectois/vendor/laravel/framework/src/Illuminate/Foundation/Http/Kernel.php(144): Illuminate/Foundation/Http/Kernel->sendRequestThroughRouter(Object(Illuminate/Http/Request))
#63 C:/Users/josea/Desktop/Proyectois/vendor/laravel/framework/src/Illuminate/Foundation/Application.php(1227): Illuminate/Foundation/Http/Kernel->handle(Object(Illuminate/Http/Request))
#64 C:/Users/josea/Desktop/Proyectois/public/index.php(17): Illuminate/Foundation/Application->handleRequest(Object(Illuminate/Http/Request))
#65 C:/Users/josea/Desktop/Proyectois/vendor/laravel/framework/src/Illuminate/Foundation/resources/server.php(23): require_once('C://Users//josea//...')
#66 {main}
"} 
[2026-09-19 23:07:45] local.ERROR: preg_match(): Argument #2 ($subject) must be of type string, array given {"exception":"[object] (TypeError(code: 0): preg_match(): Argument #2 ($subject) must be of type string, array given at C:/Users/josea/Desktop/Proyectois/vendor/laravel/framework/src/Illuminate/Database/Eloquent/Concerns/HasAttributes.php:1616)
[stacktrace]
#0 C:/Users/josea/Desktop/Proyectois/vendor/laravel/framework/src/Illuminate/Database/Eloquent/Concerns/HasAttributes.php(1616): preg_match('/^(//d{4})-(//d{1...', Array)
#1 C:/Users/josea/Desktop/Proyectois/vendor/laravel/framework/src/Illuminate/Database/Eloquent/Concerns/HasAttributes.php(1590): Illuminate/Database/Eloquent/Model->isStandardDateFormat(Array)
#2 C:/Users/josea/Desktop/Proyectois/vendor/mongodb/laravel-mongodb/src/Eloquent/DocumentModel.php(168): Illuminate/Database/Eloquent/Model->asDateTime(Array)
#3 C:/Users/josea/Desktop/Proyectois/vendor/laravel/framework/src/Illuminate/Database/Eloquent/Concerns/HasAttributes.php(892): MongoDB/Laravel/Eloquent/Model->asDateTime(Array)
#4 C:/Users/josea/Desktop/Proyectois/vendor/laravel/framework/src/Illuminate/Database/Eloquent/Concerns/HasAttributes.php(2427): Illuminate/Database/Eloquent/Model->castAttribute('expires_at', Array)
#5 C:/Users/josea/Desktop/Proyectois/vendor/mongodb/laravel-mongodb/src/Eloquent/DocumentModel.php(219): Illuminate/Database/Eloquent/Model->transformModelValue('expires_at', Array)
#6 C:/Users/josea/Desktop/Proyectois/vendor/laravel/framework/src/Illuminate/Database/Eloquent/Concerns/HasAttributes.php(541): MongoDB/Laravel/Eloquent/Model->transformModelValue('expires_at', Array)
#7 C:/Users/josea/Desktop/Proyectois/vendor/laravel/framework/src/Illuminate/Database/Eloquent/Concerns/HasAttributes.php(495): Illuminate/Database/Eloquent/Model->getAttributeValue('expires_at')
#8 C:/Users/josea/Desktop/Proyectois/vendor/mongodb/laravel-mongodb/src/Eloquent/DocumentModel.php(213): Illuminate/Database/Eloquent/Model->getAttribute('expires_at')
#9 C:/Users/josea/Desktop/Proyectois/vendor/laravel/framework/src/Illuminate/Database/Eloquent/Model.php(2749): MongoDB/Laravel/Eloquent/Model->getAttribute('expires_at')
#10 C:/Users/josea/Desktop/Proyectois/app/Http/Controllers/ReservationController.php(87): Illuminate/Database/Eloquent/Model->__get('expires_at')
#11 [internal function]: App/Http/Controllers/ReservationController->{closure:App/Http/Controllers/ReservationController::index():73}(Object(App/Models/StockReservation), 0)
#12 C:/Users/josea/Desktop/Proyectois/vendor/laravel/framework/src/Illuminate/Collections/Arr.php(858): array_map(Object(Closure), Array, Array)
#13 C:/Users/josea/Desktop/Proyectois/vendor/laravel/framework/src/Illuminate/Collections/Collection.php(831): Illuminate/Support/Arr::map(Array, Object(Closure))
#14 C:/Users/josea/Desktop/Proyectois/app/Http/Controllers/ReservationController.php(73): Illuminate/Support/Collection->map(Object(Closure))
#15 C:/Users/josea/Desktop/Proyectois/vendor/laravel/framework/src/Illuminate/Routing/ControllerDispatcher.php(46): App/Http/Controllers/ReservationController->index(Object(Illuminate/Http/Request))
#16 C:/Users/josea/Desktop/Proyectois/vendor/laravel/framework/src/Illuminate/Routing/Route.php(276): Illuminate/Routing/ControllerDispatcher->dispatch(Object(Illuminate/Routing/Route), Object(App/Http/Controllers/ReservationController), 'index')
#17 C:/Users/josea/Desktop/Proyectois/vendor/laravel/framework/src/Illuminate/Routing/Route.php(216): Illuminate/Routing/Route->runController()
#18 C:/Users/josea/Desktop/Proyectois/vendor/laravel/framework/src/Illuminate/Routing/Router.php(822): Illuminate/Routing/Route->run()
#19 C:/Users/josea/Desktop/Proyectois/vendor/laravel/framework/src/Illuminate/Pipeline/Pipeline.php(180): Illuminate/Routing/Router->{closure:Illuminate/Routing/Router::runRouteWithinStack():821}(Object(Illuminate/Http/Request))
#20 C:/Users/josea/Desktop/Proyectois/vendor/inertiajs/inertia-laravel/src/Middleware.php(122): Illuminate/Pipeline/Pipeline->{closure:Illuminate/Pipeline/Pipeline::prepareDestination():178}(Object(Illuminate/Http/Request))
#21 C:/Users/josea/Desktop/Proyectois/vendor/laravel/framework/src/Illuminate/Pipeline/Pipeline.php(219): Inertia/Middleware->handle(Object(Illuminate/Http/Request), Object(Closure))
#22 C:/Users/josea/Desktop/Proyectois/vendor/laravel/framework/src/Illuminate/Routing/Middleware/SubstituteBindings.php(52): Illuminate/Pipeline/Pipeline->{closure:{closure:Illuminate/Pipeline/Pipeline::carry():194}:195}(Object(Illuminate/Http/Request))
#23 C:/Users/josea/Desktop/Proyectois/vendor/laravel/framework/src/Illuminate/Pipeline/Pipeline.php(219): Illuminate/Routing/Middleware/SubstituteBindings->handle(Object(Illuminate/Http/Request), Object(Closure))
#24 C:/Users/josea/Desktop/Proyectois/vendor/laravel/framework/src/Illuminate/Foundation/Http/Middleware/PreventRequestForgery.php(104): Illuminate/Pipeline/Pipeline->{closure:{closure:Illuminate/Pipeline/Pipeline::carry():194}:195}(Object(Illuminate/Http/Request))
#25 C:/Users/josea/Desktop/Proyectois/vendor/laravel/framework/src/Illuminate/Pipeline/Pipeline.php(219): Illuminate/Foundation/Http/Middleware/PreventRequestForgery->handle(Object(Illuminate/Http/Request), Object(Closure))
#26 C:/Users/josea/Desktop/Proyectois/vendor/laravel/framework/src/Illuminate/View/Middleware/ShareErrorsFromSession.php(48): Illuminate/Pipeline/Pipeline->{closure:{closure:Illuminate/Pipeline/Pipeline::carry():194}:195}(Object(Illuminate/Http/Request))
#27 C:/Users/josea/Desktop/Proyectois/vendor/laravel/framework/src/Illuminate/Pipeline/Pipeline.php(219): Illuminate/View/Middleware/ShareErrorsFromSession->handle(Object(Illuminate/Http/Request), Object(Closure))
#28 C:/Users/josea/Desktop/Proyectois/vendor/laravel/framework/src/Illuminate/Session/Middleware/StartSession.php(120): Illuminate/Pipeline/Pipeline->{closure:{closure:Illuminate/Pipeline/Pipeline::carry():194}:195}(Object(Illuminate/Http/Request))
#29 C:/Users/josea/Desktop/Proyectois/vendor/laravel/framework/src/Illuminate/Session/Middleware/StartSession.php(63): Illuminate/Session/Middleware/StartSession->handleStatefulRequest(Object(Illuminate/Http/Request), Object(Illuminate/Session/Store), Object(Closure))
#30 C:/Users/josea/Desktop/Proyectois/vendor/laravel/framework/src/Illuminate/Pipeline/Pipeline.php(219): Illuminate/Session/Middleware/StartSession->handle(Object(Illuminate/Http/Request), Object(Closure))
#31 C:/Users/josea/Desktop/Proyectois/vendor/laravel/framework/src/Illuminate/Cookie/Middleware/AddQueuedCookiesToResponse.php(36): Illuminate/Pipeline/Pipeline->{closure:{closure:Illuminate/Pipeline/Pipeline::carry():194}:195}(Object(Illuminate/Http/Request))
#32 C:/Users/josea/Desktop/Proyectois/vendor/laravel/framework/src/Illuminate/Pipeline/Pipeline.php(219): Illuminate/Cookie/Middleware/AddQueuedCookiesToResponse->handle(Object(Illuminate/Http/Request), Object(Closure))
#33 C:/Users/josea/Desktop/Proyectois/vendor/laravel/framework/src/Illuminate/Cookie/Middleware/EncryptCookies.php(74): Illuminate/Pipeline/Pipeline->{closure:{closure:Illuminate/Pipeline/Pipeline::carry():194}:195}(Object(Illuminate/Http/Request))
#34 C:/Users/josea/Desktop/Proyectois/vendor/laravel/framework/src/Illuminate/Pipeline/Pipeline.php(219): Illuminate/Cookie/Middleware/EncryptCookies->handle(Object(Illuminate/Http/Request), Object(Closure))
#35 C:/Users/josea/Desktop/Proyectois/vendor/laravel/framework/src/Illuminate/Pipeline/Pipeline.php(137): Illuminate/Pipeline/Pipeline->{closure:{closure:Illuminate/Pipeline/Pipeline::carry():194}:195}(Object(Illuminate/Http/Request))
#36 C:/Users/josea/Desktop/Proyectois/vendor/laravel/framework/src/Illuminate/Routing/Router.php(821): Illuminate/Pipeline/Pipeline->then(Object(Closure))
#37 C:/Users/josea/Desktop/Proyectois/vendor/laravel/framework/src/Illuminate/Routing/Router.php(800): Illuminate/Routing/Router->runRouteWithinStack(Object(Illuminate/Routing/Route), Object(Illuminate/Http/Request))
#38 C:/Users/josea/Desktop/Proyectois/vendor/laravel/framework/src/Illuminate/Routing/Router.php(764): Illuminate/Routing/Router->runRoute(Object(Illuminate/Http/Request), Object(Illuminate/Routing/Route))
#39 C:/Users/josea/Desktop/Proyectois/vendor/laravel/framework/src/Illuminate/Routing/Router.php(753): Illuminate/Routing/Router->dispatchToRoute(Object(Illuminate/Http/Request))
#40 C:/Users/josea/Desktop/Proyectois/vendor/laravel/framework/src/Illuminate/Foundation/Http/Kernel.php(200): Illuminate/Routing/Router->dispatch(Object(Illuminate/Http/Request))
#41 C:/Users/josea/Desktop/Proyectois/vendor/laravel/framework/src/Illuminate/Pipeline/Pipeline.php(180): Illuminate/Foundation/Http/Kernel->{closure:Illuminate/Foundation/Http/Kernel::dispatchToRouter():197}(Object(Illuminate/Http/Request))
#42 C:/Users/josea/Desktop/Proyectois/vendor/laravel/framework/src/Illuminate/Foundation/Http/Middleware/TransformsRequest.php(21): Illuminate/Pipeline/Pipeline->{closure:Illuminate/Pipeline/Pipeline::prepareDestination():178}(Object(Illuminate/Http/Request))
#43 C:/Users/josea/Desktop/Proyectois/vendor/laravel/framework/src/Illuminate/Foundation/Http/Middleware/ConvertEmptyStringsToNull.php(31): Illuminate/Foundation/Http/Middleware/TransformsRequest->handle(Object(Illuminate/Http/Request), Object(Closure))
#44 C:/Users/josea/Desktop/Proyectois/vendor/laravel/framework/src/Illuminate/Pipeline/Pipeline.php(219): Illuminate/Foundation/Http/Middleware/ConvertEmptyStringsToNull->handle(Object(Illuminate/Http/Request), Object(Closure))
#45 C:/Users/josea/Desktop/Proyectois/vendor/laravel/framework/src/Illuminate/Foundation/Http/Middleware/TransformsRequest.php(21): Illuminate/Pipeline/Pipeline->{closure:{closure:Illuminate/Pipeline/Pipeline::carry():194}:195}(Object(Illuminate/Http/Request))
#46 C:/Users/josea/Desktop/Proyectois/vendor/laravel/framework/src/Illuminate/Foundation/Http/Middleware/TrimStrings.php(51): Illuminate/Foundation/Http/Middleware/TransformsRequest->handle(Object(Illuminate/Http/Request), Object(Closure))
#47 C:/Users/josea/Desktop/Proyectois/vendor/laravel/framework/src/Illuminate/Pipeline/Pipeline.php(219): Illuminate/Foundation/Http/Middleware/TrimStrings->handle(Object(Illuminate/Http/Request), Object(Closure))
#48 C:/Users/josea/Desktop/Proyectois/vendor/laravel/framework/src/Illuminate/Http/Middleware/ValidatePostSize.php(27): Illuminate/Pipeline/Pipeline->{closure:{closure:Illuminate/Pipeline/Pipeline::carry():194}:195}(Object(Illuminate/Http/Request))
#49 C:/Users/josea/Desktop/Proyectois/vendor/laravel/framework/src/Illuminate/Pipeline/Pipeline.php(219): Illuminate/Http/Middleware/ValidatePostSize->handle(Object(Illuminate/Http/Request), Object(Closure))
#50 C:/Users/josea/Desktop/Proyectois/vendor/laravel/framework/src/Illuminate/Foundation/Http/Middleware/PreventRequestsDuringMaintenance.php(110): Illuminate/Pipeline/Pipeline->{closure:{closure:Illuminate/Pipeline/Pipeline::carry():194}:195}(Object(Illuminate/Http/Request))
#51 C:/Users/josea/Desktop/Proyectois/vendor/laravel/framework/src/Illuminate/Pipeline/Pipeline.php(219): Illuminate/Foundation/Http/Middleware/PreventRequestsDuringMaintenance->handle(Object(Illuminate/Http/Request), Object(Closure))
#52 C:/Users/josea/Desktop/Proyectois/vendor/laravel/framework/src/Illuminate/Http/Middleware/HandleCors.php(61): Illuminate/Pipeline/Pipeline->{closure:{closure:Illuminate/Pipeline/Pipeline::carry():194}:195}(Object(Illuminate/Http/Request))
#53 C:/Users/josea/Desktop/Proyectois/vendor/laravel/framework/src/Illuminate/Pipeline/Pipeline.php(219): Illuminate/Http/Middleware/HandleCors->handle(Object(Illuminate/Http/Request), Object(Closure))
#54 C:/Users/josea/Desktop/Proyectois/vendor/laravel/framework/src/Illuminate/Http/Middleware/TrustProxies.php(58): Illuminate/Pipeline/Pipeline->{closure:{closure:Illuminate/Pipeline/Pipeline::carry():194}:195}(Object(Illuminate/Http/Request))
#55 C:/Users/josea/Desktop/Proyectois/vendor/laravel/framework/src/Illuminate/Pipeline/Pipeline.php(219): Illuminate/Http/Middleware/TrustProxies->handle(Object(Illuminate/Http/Request), Object(Closure))
#56 C:/Users/josea/Desktop/Proyectois/vendor/laravel/framework/src/Illuminate/Foundation/Http/Middleware/InvokeDeferredCallbacks.php(22): Illuminate/Pipeline/Pipeline->{closure:{closure:Illuminate/Pipeline/Pipeline::carry():194}:195}(Object(Illuminate/Http/Request))
#57 C:/Users/josea/Desktop/Proyectois/vendor/laravel/framework/src/Illuminate/Pipeline/Pipeline.php(219): Illuminate/Foundation/Http/Middleware/InvokeDeferredCallbacks->handle(Object(Illuminate/Http/Request), Object(Closure))
#58 C:/Users/josea/Desktop/Proyectois/vendor/laravel/framework/src/Illuminate/Http/Middleware/ValidatePathEncoding.php(28): Illuminate/Pipeline/Pipeline->{closure:{closure:Illuminate/Pipeline/Pipeline::carry():194}:195}(Object(Illuminate/Http/Request))
#59 C:/Users/josea/Desktop/Proyectois/vendor/laravel/framework/src/Illuminate/Pipeline/Pipeline.php(219): Illuminate/Http/Middleware/ValidatePathEncoding->handle(Object(Illuminate/Http/Request), Object(Closure))
#60 C:/Users/josea/Desktop/Proyectois/vendor/laravel/framework/src/Illuminate/Pipeline/Pipeline.php(137): Illuminate/Pipeline/Pipeline->{closure:{closure:Illuminate/Pipeline/Pipeline::carry():194}:195}(Object(Illuminate/Http/Request))
#61 C:/Users/josea/Desktop/Proyectois/vendor/laravel/framework/src/Illuminate/Foundation/Http/Kernel.php(175): Illuminate/Pipeline/Pipeline->then(Object(Closure))
#62 C:/Users/josea/Desktop/Proyectois/vendor/laravel/framework/src/Illuminate/Foundation/Http/Kernel.php(144): Illuminate/Foundation/Http/Kernel->sendRequestThroughRouter(Object(Illuminate/Http/Request))
#63 C:/Users/josea/Desktop/Proyectois/vendor/laravel/framework/src/Illuminate/Foundation/Application.php(1227): Illuminate/Foundation/Http/Kernel->handle(Object(Illuminate/Http/Request))
#64 C:/Users/josea/Desktop/Proyectois/public/index.php(17): Illuminate/Foundation/Application->handleRequest(Object(Illuminate/Http/Request))
#65 C:/Users/josea/Desktop/Proyectois/vendor/laravel/framework/src/Illuminate/Foundation/resources/server.php(23): require_once('C://Users//josea//...')
#66 {main}
"} 
[2026-09-19 23:08:13] local.ERROR: Fallo al cargar historial de costos. {"product_id":"6aaeec6493979e1325fdf132","error":"preg_match(): Argument #2 ($subject) must be of type string, array given"} 
[2026-09-19 23:08:35] local.ERROR: Fallo al cargar historial de costos. {"product_id":"6aaeec6493979e1325fdf132","error":"preg_match(): Argument #2 ($subject) must be of type string, array given"} 
[2026-09-19 23:09:05] local.ERROR: preg_match(): Argument #2 ($subject) must be of type string, array given {"exception":"[object] (TypeError(code: 0): preg_match(): Argument #2 ($subject) must be of type string, array given at C:/Users/josea/Desktop/Proyectois/vendor/laravel/framework/src/Illuminate/Database/Eloquent/Concerns/HasAttributes.php:1616)
[stacktrace]
#0 C:/Users/josea/Desktop/Proyectois/vendor/laravel/framework/src/Illuminate/Database/Eloquent/Concerns/HasAttributes.php(1616): preg_match('/^(//d{4})-(//d{1...', Array)
#1 C:/Users/josea/Desktop/Proyectois/vendor/laravel/framework/src/Illuminate/Database/Eloquent/Concerns/HasAttributes.php(1590): Illuminate/Database/Eloquent/Model->isStandardDateFormat(Array)
#2 C:/Users/josea/Desktop/Proyectois/vendor/mongodb/laravel-mongodb/src/Eloquent/DocumentModel.php(168): Illuminate/Database/Eloquent/Model->asDateTime(Array)
#3 C:/Users/josea/Desktop/Proyectois/vendor/laravel/framework/src/Illuminate/Database/Eloquent/Concerns/HasAttributes.php(892): MongoDB/Laravel/Eloquent/Model->asDateTime(Array)
#4 C:/Users/josea/Desktop/Proyectois/vendor/laravel/framework/src/Illuminate/Database/Eloquent/Concerns/HasAttributes.php(2427): Illuminate/Database/Eloquent/Model->castAttribute('expires_at', Array)
#5 C:/Users/josea/Desktop/Proyectois/vendor/mongodb/laravel-mongodb/src/Eloquent/DocumentModel.php(219): Illuminate/Database/Eloquent/Model->transformModelValue('expires_at', Array)
#6 C:/Users/josea/Desktop/Proyectois/vendor/laravel/framework/src/Illuminate/Database/Eloquent/Concerns/HasAttributes.php(541): MongoDB/Laravel/Eloquent/Model->transformModelValue('expires_at', Array)
#7 C:/Users/josea/Desktop/Proyectois/vendor/laravel/framework/src/Illuminate/Database/Eloquent/Concerns/HasAttributes.php(495): Illuminate/Database/Eloquent/Model->getAttributeValue('expires_at')
#8 C:/Users/josea/Desktop/Proyectois/vendor/mongodb/laravel-mongodb/src/Eloquent/DocumentModel.php(213): Illuminate/Database/Eloquent/Model->getAttribute('expires_at')
#9 C:/Users/josea/Desktop/Proyectois/vendor/laravel/framework/src/Illuminate/Database/Eloquent/Model.php(2749): MongoDB/Laravel/Eloquent/Model->getAttribute('expires_at')
#10 C:/Users/josea/Desktop/Proyectois/app/Http/Controllers/ReservationController.php(87): Illuminate/Database/Eloquent/Model->__get('expires_at')
#11 [internal function]: App/Http/Controllers/ReservationController->{closure:App/Http/Controllers/ReservationController::index():73}(Object(App/Models/StockReservation), 0)
#12 C:/Users/josea/Desktop/Proyectois/vendor/laravel/framework/src/Illuminate/Collections/Arr.php(858): array_map(Object(Closure), Array, Array)
#13 C:/Users/josea/Desktop/Proyectois/vendor/laravel/framework/src/Illuminate/Collections/Collection.php(831): Illuminate/Support/Arr::map(Array, Object(Closure))
#14 C:/Users/josea/Desktop/Proyectois/app/Http/Controllers/ReservationController.php(73): Illuminate/Support/Collection->map(Object(Closure))
#15 C:/Users/josea/Desktop/Proyectois/vendor/laravel/framework/src/Illuminate/Routing/ControllerDispatcher.php(46): App/Http/Controllers/ReservationController->index(Object(Illuminate/Http/Request))
#16 C:/Users/josea/Desktop/Proyectois/vendor/laravel/framework/src/Illuminate/Routing/Route.php(276): Illuminate/Routing/ControllerDispatcher->dispatch(Object(Illuminate/Routing/Route), Object(App/Http/Controllers/ReservationController), 'index')
#17 C:/Users/josea/Desktop/Proyectois/vendor/laravel/framework/src/Illuminate/Routing/Route.php(216): Illuminate/Routing/Route->runController()
#18 C:/Users/josea/Desktop/Proyectois/vendor/laravel/framework/src/Illuminate/Routing/Router.php(822): Illuminate/Routing/Route->run()
#19 C:/Users/josea/Desktop/Proyectois/vendor/laravel/framework/src/Illuminate/Pipeline/Pipeline.php(180): Illuminate/Routing/Router->{closure:Illuminate/Routing/Router::runRouteWithinStack():821}(Object(Illuminate/Http/Request))
#20 C:/Users/josea/Desktop/Proyectois/vendor/inertiajs/inertia-laravel/src/Middleware.php(122): Illuminate/Pipeline/Pipeline->{closure:Illuminate/Pipeline/Pipeline::prepareDestination():178}(Object(Illuminate/Http/Request))
#21 C:/Users/josea/Desktop/Proyectois/vendor/laravel/framework/src/Illuminate/Pipeline/Pipeline.php(219): Inertia/Middleware->handle(Object(Illuminate/Http/Request), Object(Closure))
#22 C:/Users/josea/Desktop/Proyectois/vendor/laravel/framework/src/Illuminate/Routing/Middleware/SubstituteBindings.php(52): Illuminate/Pipeline/Pipeline->{closure:{closure:Illuminate/Pipeline/Pipeline::carry():194}:195}(Object(Illuminate/Http/Request))
#23 C:/Users/josea/Desktop/Proyectois/vendor/laravel/framework/src/Illuminate/Pipeline/Pipeline.php(219): Illuminate/Routing/Middleware/SubstituteBindings->handle(Object(Illuminate/Http/Request), Object(Closure))
#24 C:/Users/josea/Desktop/Proyectois/vendor/laravel/framework/src/Illuminate/Foundation/Http/Middleware/PreventRequestForgery.php(104): Illuminate/Pipeline/Pipeline->{closure:{closure:Illuminate/Pipeline/Pipeline::carry():194}:195}(Object(Illuminate/Http/Request))
#25 C:/Users/josea/Desktop/Proyectois/vendor/laravel/framework/src/Illuminate/Pipeline/Pipeline.php(219): Illuminate/Foundation/Http/Middleware/PreventRequestForgery->handle(Object(Illuminate/Http/Request), Object(Closure))
#26 C:/Users/josea/Desktop/Proyectois/vendor/laravel/framework/src/Illuminate/View/Middleware/ShareErrorsFromSession.php(48): Illuminate/Pipeline/Pipeline->{closure:{closure:Illuminate/Pipeline/Pipeline::carry():194}:195}(Object(Illuminate/Http/Request))
#27 C:/Users/josea/Desktop/Proyectois/vendor/laravel/framework/src/Illuminate/Pipeline/Pipeline.php(219): Illuminate/View/Middleware/ShareErrorsFromSession->handle(Object(Illuminate/Http/Request), Object(Closure))
#28 C:/Users/josea/Desktop/Proyectois/vendor/laravel/framework/src/Illuminate/Session/Middleware/StartSession.php(120): Illuminate/Pipeline/Pipeline->{closure:{closure:Illuminate/Pipeline/Pipeline::carry():194}:195}(Object(Illuminate/Http/Request))
#29 C:/Users/josea/Desktop/Proyectois/vendor/laravel/framework/src/Illuminate/Session/Middleware/StartSession.php(63): Illuminate/Session/Middleware/StartSession->handleStatefulRequest(Object(Illuminate/Http/Request), Object(Illuminate/Session/Store), Object(Closure))
#30 C:/Users/josea/Desktop/Proyectois/vendor/laravel/framework/src/Illuminate/Pipeline/Pipeline.php(219): Illuminate/Session/Middleware/StartSession->handle(Object(Illuminate/Http/Request), Object(Closure))
#31 C:/Users/josea/Desktop/Proyectois/vendor/laravel/framework/src/Illuminate/Cookie/Middleware/AddQueuedCookiesToResponse.php(36): Illuminate/Pipeline/Pipeline->{closure:{closure:Illuminate/Pipeline/Pipeline::carry():194}:195}(Object(Illuminate/Http/Request))
#32 C:/Users/josea/Desktop/Proyectois/vendor/laravel/framework/src/Illuminate/Pipeline/Pipeline.php(219): Illuminate/Cookie/Middleware/AddQueuedCookiesToResponse->handle(Object(Illuminate/Http/Request), Object(Closure))
#33 C:/Users/josea/Desktop/Proyectois/vendor/laravel/framework/src/Illuminate/Cookie/Middleware/EncryptCookies.php(74): Illuminate/Pipeline/Pipeline->{closure:{closure:Illuminate/Pipeline/Pipeline::carry():194}:195}(Object(Illuminate/Http/Request))
#34 C:/Users/josea/Desktop/Proyectois/vendor/laravel/framework/src/Illuminate/Pipeline/Pipeline.php(219): Illuminate/Cookie/Middleware/EncryptCookies->handle(Object(Illuminate/Http/Request), Object(Closure))
#35 C:/Users/josea/Desktop/Proyectois/vendor/laravel/framework/src/Illuminate/Pipeline/Pipeline.php(137): Illuminate/Pipeline/Pipeline->{closure:{closure:Illuminate/Pipeline/Pipeline::carry():194}:195}(Object(Illuminate/Http/Request))
#36 C:/Users/josea/Desktop/Proyectois/vendor/laravel/framework/src/Illuminate/Routing/Router.php(821): Illuminate/Pipeline/Pipeline->then(Object(Closure))
#37 C:/Users/josea/Desktop/Proyectois/vendor/laravel/framework/src/Illuminate/Routing/Router.php(800): Illuminate/Routing/Router->runRouteWithinStack(Object(Illuminate/Routing/Route), Object(Illuminate/Http/Request))
#38 C:/Users/josea/Desktop/Proyectois/vendor/laravel/framework/src/Illuminate/Routing/Router.php(764): Illuminate/Routing/Router->runRoute(Object(Illuminate/Http/Request), Object(Illuminate/Routing/Route))
#39 C:/Users/josea/Desktop/Proyectois/vendor/laravel/framework/src/Illuminate/Routing/Router.php(753): Illuminate/Routing/Router->dispatchToRoute(Object(Illuminate/Http/Request))
#40 C:/Users/josea/Desktop/Proyectois/vendor/laravel/framework/src/Illuminate/Foundation/Http/Kernel.php(200): Illuminate/Routing/Router->dispatch(Object(Illuminate/Http/Request))
#41 C:/Users/josea/Desktop/Proyectois/vendor/laravel/framework/src/Illuminate/Pipeline/Pipeline.php(180): Illuminate/Foundation/Http/Kernel->{closure:Illuminate/Foundation/Http/Kernel::dispatchToRouter():197}(Object(Illuminate/Http/Request))
#42 C:/Users/josea/Desktop/Proyectois/vendor/laravel/framework/src/Illuminate/Foundation/Http/Middleware/TransformsRequest.php(21): Illuminate/Pipeline/Pipeline->{closure:Illuminate/Pipeline/Pipeline::prepareDestination():178}(Object(Illuminate/Http/Request))
#43 C:/Users/josea/Desktop/Proyectois/vendor/laravel/framework/src/Illuminate/Foundation/Http/Middleware/ConvertEmptyStringsToNull.php(31): Illuminate/Foundation/Http/Middleware/TransformsRequest->handle(Object(Illuminate/Http/Request), Object(Closure))
#44 C:/Users/josea/Desktop/Proyectois/vendor/laravel/framework/src/Illuminate/Pipeline/Pipeline.php(219): Illuminate/Foundation/Http/Middleware/ConvertEmptyStringsToNull->handle(Object(Illuminate/Http/Request), Object(Closure))
#45 C:/Users/josea/Desktop/Proyectois/vendor/laravel/framework/src/Illuminate/Foundation/Http/Middleware/TransformsRequest.php(21): Illuminate/Pipeline/Pipeline->{closure:{closure:Illuminate/Pipeline/Pipeline::carry():194}:195}(Object(Illuminate/Http/Request))
#46 C:/Users/josea/Desktop/Proyectois/vendor/laravel/framework/src/Illuminate/Foundation/Http/Middleware/TrimStrings.php(51): Illuminate/Foundation/Http/Middleware/TransformsRequest->handle(Object(Illuminate/Http/Request), Object(Closure))
#47 C:/Users/josea/Desktop/Proyectois/vendor/laravel/framework/src/Illuminate/Pipeline/Pipeline.php(219): Illuminate/Foundation/Http/Middleware/TrimStrings->handle(Object(Illuminate/Http/Request), Object(Closure))
#48 C:/Users/josea/Desktop/Proyectois/vendor/laravel/framework/src/Illuminate/Http/Middleware/ValidatePostSize.php(27): Illuminate/Pipeline/Pipeline->{closure:{closure:Illuminate/Pipeline/Pipeline::carry():194}:195}(Object(Illuminate/Http/Request))
#49 C:/Users/josea/Desktop/Proyectois/vendor/laravel/framework/src/Illuminate/Pipeline/Pipeline.php(219): Illuminate/Http/Middleware/ValidatePostSize->handle(Object(Illuminate/Http/Request), Object(Closure))
#50 C:/Users/josea/Desktop/Proyectois/vendor/laravel/framework/src/Illuminate/Foundation/Http/Middleware/PreventRequestsDuringMaintenance.php(110): Illuminate/Pipeline/Pipeline->{closure:{closure:Illuminate/Pipeline/Pipeline::carry():194}:195}(Object(Illuminate/Http/Request))
#51 C:/Users/josea/Desktop/Proyectois/vendor/laravel/framework/src/Illuminate/Pipeline/Pipeline.php(219): Illuminate/Foundation/Http/Middleware/PreventRequestsDuringMaintenance->handle(Object(Illuminate/Http/Request), Object(Closure))
#52 C:/Users/josea/Desktop/Proyectois/vendor/laravel/framework/src/Illuminate/Http/Middleware/HandleCors.php(61): Illuminate/Pipeline/Pipeline->{closure:{closure:Illuminate/Pipeline/Pipeline::carry():194}:195}(Object(Illuminate/Http/Request))
#53 C:/Users/josea/Desktop/Proyectois/vendor/laravel/framework/src/Illuminate/Pipeline/Pipeline.php(219): Illuminate/Http/Middleware/HandleCors->handle(Object(Illuminate/Http/Request), Object(Closure))
#54 C:/Users/josea/Desktop/Proyectois/vendor/laravel/framework/src/Illuminate/Http/Middleware/TrustProxies.php(58): Illuminate/Pipeline/Pipeline->{closure:{closure:Illuminate/Pipeline/Pipeline::carry():194}:195}(Object(Illuminate/Http/Request))
#55 C:/Users/josea/Desktop/Proyectois/vendor/laravel/framework/src/Illuminate/Pipeline/Pipeline.php(219): Illuminate/Http/Middleware/TrustProxies->handle(Object(Illuminate/Http/Request), Object(Closure))
#56 C:/Users/josea/Desktop/Proyectois/vendor/laravel/framework/src/Illuminate/Foundation/Http/Middleware/InvokeDeferredCallbacks.php(22): Illuminate/Pipeline/Pipeline->{closure:{closure:Illuminate/Pipeline/Pipeline::carry():194}:195}(Object(Illuminate/Http/Request))
#57 C:/Users/josea/Desktop/Proyectois/vendor/laravel/framework/src/Illuminate/Pipeline/Pipeline.php(219): Illuminate/Foundation/Http/Middleware/InvokeDeferredCallbacks->handle(Object(Illuminate/Http/Request), Object(Closure))
#58 C:/Users/josea/Desktop/Proyectois/vendor/laravel/framework/src/Illuminate/Http/Middleware/ValidatePathEncoding.php(28): Illuminate/Pipeline/Pipeline->{closure:{closure:Illuminate/Pipeline/Pipeline::carry():194}:195}(Object(Illuminate/Http/Request))
#59 C:/Users/josea/Desktop/Proyectois/vendor/laravel/framework/src/Illuminate/Pipeline/Pipeline.php(219): Illuminate/Http/Middleware/ValidatePathEncoding->handle(Object(Illuminate/Http/Request), Object(Closure))
#60 C:/Users/josea/Desktop/Proyectois/vendor/laravel/framework/src/Illuminate/Pipeline/Pipeline.php(137): Illuminate/Pipeline/Pipeline->{closure:{closure:Illuminate/Pipeline/Pipeline::carry():194}:195}(Object(Illuminate/Http/Request))
#61 C:/Users/josea/Desktop/Proyectois/vendor/laravel/framework/src/Illuminate/Foundation/Http/Kernel.php(175): Illuminate/Pipeline/Pipeline->then(Object(Closure))
#62 C:/Users/josea/Desktop/Proyectois/vendor/laravel/framework/src/Illuminate/Foundation/Http/Kernel.php(144): Illuminate/Foundation/Http/Kernel->sendRequestThroughRouter(Object(Illuminate/Http/Request))
#63 C:/Users/josea/Desktop/Proyectois/vendor/laravel/framework/src/Illuminate/Foundation/Application.php(1227): Illuminate/Foundation/Http/Kernel->handle(Object(Illuminate/Http/Request))
#64 C:/Users/josea/Desktop/Proyectois/public/index.php(17): Illuminate/Foundation/Application->handleRequest(Object(Illuminate/Http/Request))
#65 C:/Users/josea/Desktop/Proyectois/vendor/laravel/framework/src/Illuminate/Foundation/resources/server.php(23): require_once('C://Users//josea//...')
#66 {main}
"} 
[2026-09-19 23:13:12] local.ERROR: Fallo al crear reserva. {"error":"Existencia insuficiente para reservar."} 
[2026-09-19 23:13:26] local.ERROR: Fallo al crear reserva. {"error":"Existencia insuficiente para reservar."} 
[2026-09-19 23:13:28] local.ERROR: Fallo al crear reserva. {"error":"Existencia insuficiente para reservar."} 
[2026-09-19 23:13:29] local.ERROR: Fallo al crear reserva. {"error":"Existencia insuficiente para reservar."} 
[2026-09-19 23:13:29] local.ERROR: Fallo al crear reserva. {"error":"Existencia insuficiente para reservar."} 
[2026-09-19 23:22:37] local.ERROR: Fallo al crear reserva. {"error":"Existencia insuficiente para reservar."} 
[2026-09-19 23:22:42] local.ERROR: Fallo al crear reserva. {"error":"Existencia insuficiente para reservar."} 
[2026-09-19 23:22:44] local.ERROR: Fallo al crear reserva. {"error":"Existencia insuficiente para reservar."} 
[2026-09-19 23:22:44] local.ERROR: Fallo al crear reserva. {"error":"Existencia insuficiente para reservar."} 
[2026-09-19 23:30:19] local.ERROR: Fallo al liberar reserva. {"id":"01M2YK7R5JCAZBA7Q53PPH0TPE","error":"Reserva no encontrada o ID invalido."} 
[2026-09-20 00:56:16] local.ERROR: Target [Laravel\Fortify\Contracts\LoginViewResponse] is not instantiable. {"exception":"[object] (Illuminate\\Contracts\\Container\\BindingResolutionException(code: 0): Target [Laravel\\Fortify\\Contracts\\LoginViewResponse] is not instantiable. at C:/Users/josea/Desktop/Proyectois/vendor/laravel/framework/src/Illuminate/Container/Container.php:1440)
[stacktrace]
#0 C:/Users/josea/Desktop/Proyectois/vendor/laravel/framework/src/Illuminate/Container/Container.php(1156): Illuminate/Container/Container->notInstantiable('Laravel//Fortify...')
#1 C:/Users/josea/Desktop/Proyectois/vendor/laravel/framework/src/Illuminate/Container/Container.php(939): Illuminate/Container/Container->build('Laravel//Fortify...')
#2 C:/Users/josea/Desktop/Proyectois/vendor/laravel/framework/src/Illuminate/Foundation/Application.php(1085): Illuminate/Container/Container->resolve('Laravel//Fortify...', Array, true)
#3 C:/Users/josea/Desktop/Proyectois/vendor/laravel/framework/src/Illuminate/Container/Container.php(867): Illuminate/Foundation/Application->resolve('Laravel//Fortify...', Array)
#4 C:/Users/josea/Desktop/Proyectois/vendor/laravel/framework/src/Illuminate/Foundation/Application.php(1065): Illuminate/Container/Container->make('Laravel//Fortify...', Array)
#5 C:/Users/josea/Desktop/Proyectois/vendor/laravel/framework/src/Illuminate/Foundation/helpers.php(138): Illuminate/Foundation/Application->make('Laravel//Fortify...', Array)
#6 C:/Users/josea/Desktop/Proyectois/vendor/laravel/fortify/src/Http/Controllers/AuthenticatedSessionController.php(49): app('Laravel//Fortify...')
#7 C:/Users/josea/Desktop/Proyectois/vendor/laravel/framework/src/Illuminate/Routing/Controller.php(54): Laravel/Fortify/Http/Controllers/AuthenticatedSessionController->create(Object(Illuminate/Http/Request))
#8 C:/Users/josea/Desktop/Proyectois/vendor/laravel/framework/src/Illuminate/Routing/ControllerDispatcher.php(43): Illuminate/Routing/Controller->callAction('create', Array)
#9 C:/Users/josea/Desktop/Proyectois/vendor/laravel/framework/src/Illuminate/Routing/Route.php(276): Illuminate/Routing/ControllerDispatcher->dispatch(Object(Illuminate/Routing/Route), Object(Laravel/Fortify/Http/Controllers/AuthenticatedSessionController), 'create')
#10 C:/Users/josea/Desktop/Proyectois/vendor/laravel/framework/src/Illuminate/Routing/Route.php(216): Illuminate/Routing/Route->runController()
#11 C:/Users/josea/Desktop/Proyectois/vendor/laravel/framework/src/Illuminate/Routing/Router.php(822): Illuminate/Routing/Route->run()
#12 C:/Users/josea/Desktop/Proyectois/vendor/laravel/framework/src/Illuminate/Pipeline/Pipeline.php(180): Illuminate/Routing/Router->{closure:Illuminate/Routing/Router::runRouteWithinStack():821}(Object(Illuminate/Http/Request))
#13 C:/Users/josea/Desktop/Proyectois/vendor/laravel/framework/src/Illuminate/Auth/Middleware/RedirectIfAuthenticated.php(47): Illuminate/Pipeline/Pipeline->{closure:Illuminate/Pipeline/Pipeline::prepareDestination():178}(Object(Illuminate/Http/Request))
#14 C:/Users/josea/Desktop/Proyectois/vendor/laravel/framework/src/Illuminate/Pipeline/Pipeline.php(219): Illuminate/Auth/Middleware/RedirectIfAuthenticated->handle(Object(Illuminate/Http/Request), Object(Closure), 'web')
#15 C:/Users/josea/Desktop/Proyectois/vendor/inertiajs/inertia-laravel/src/Middleware.php(122): Illuminate/Pipeline/Pipeline->{closure:{closure:Illuminate/Pipeline/Pipeline::carry():194}:195}(Object(Illuminate/Http/Request))
#16 C:/Users/josea/Desktop/Proyectois/vendor/laravel/framework/src/Illuminate/Pipeline/Pipeline.php(219): Inertia/Middleware->handle(Object(Illuminate/Http/Request), Object(Closure))
#17 C:/Users/josea/Desktop/Proyectois/vendor/laravel/framework/src/Illuminate/Routing/Middleware/SubstituteBindings.php(52): Illuminate/Pipeline/Pipeline->{closure:{closure:Illuminate/Pipeline/Pipeline::carry():194}:195}(Object(Illuminate/Http/Request))
#18 C:/Users/josea/Desktop/Proyectois/vendor/laravel/framework/src/Illuminate/Pipeline/Pipeline.php(219): Illuminate/Routing/Middleware/SubstituteBindings->handle(Object(Illuminate/Http/Request), Object(Closure))
#19 C:/Users/josea/Desktop/Proyectois/vendor/laravel/framework/src/Illuminate/Foundation/Http/Middleware/PreventRequestForgery.php(104): Illuminate/Pipeline/Pipeline->{closure:{closure:Illuminate/Pipeline/Pipeline::carry():194}:195}(Object(Illuminate/Http/Request))
#20 C:/Users/josea/Desktop/Proyectois/vendor/laravel/framework/src/Illuminate/Pipeline/Pipeline.php(219): Illuminate/Foundation/Http/Middleware/PreventRequestForgery->handle(Object(Illuminate/Http/Request), Object(Closure))
#21 C:/Users/josea/Desktop/Proyectois/vendor/laravel/framework/src/Illuminate/View/Middleware/ShareErrorsFromSession.php(48): Illuminate/Pipeline/Pipeline->{closure:{closure:Illuminate/Pipeline/Pipeline::carry():194}:195}(Object(Illuminate/Http/Request))
#22 C:/Users/josea/Desktop/Proyectois/vendor/laravel/framework/src/Illuminate/Pipeline/Pipeline.php(219): Illuminate/View/Middleware/ShareErrorsFromSession->handle(Object(Illuminate/Http/Request), Object(Closure))
#23 C:/Users/josea/Desktop/Proyectois/vendor/laravel/framework/src/Illuminate/Session/Middleware/StartSession.php(120): Illuminate/Pipeline/Pipeline->{closure:{closure:Illuminate/Pipeline/Pipeline::carry():194}:195}(Object(Illuminate/Http/Request))
#24 C:/Users/josea/Desktop/Proyectois/vendor/laravel/framework/src/Illuminate/Session/Middleware/StartSession.php(63): Illuminate/Session/Middleware/StartSession->handleStatefulRequest(Object(Illuminate/Http/Request), Object(Illuminate/Session/Store), Object(Closure))
#25 C:/Users/josea/Desktop/Proyectois/vendor/laravel/framework/src/Illuminate/Pipeline/Pipeline.php(219): Illuminate/Session/Middleware/StartSession->handle(Object(Illuminate/Http/Request), Object(Closure))
#26 C:/Users/josea/Desktop/Proyectois/vendor/laravel/framework/src/Illuminate/Cookie/Middleware/AddQueuedCookiesToResponse.php(36): Illuminate/Pipeline/Pipeline->{closure:{closure:Illuminate/Pipeline/Pipeline::carry():194}:195}(Object(Illuminate/Http/Request))
#27 C:/Users/josea/Desktop/Proyectois/vendor/laravel/framework/src/Illuminate/Pipeline/Pipeline.php(219): Illuminate/Cookie/Middleware/AddQueuedCookiesToResponse->handle(Object(Illuminate/Http/Request), Object(Closure))
#28 C:/Users/josea/Desktop/Proyectois/vendor/laravel/framework/src/Illuminate/Cookie/Middleware/EncryptCookies.php(74): Illuminate/Pipeline/Pipeline->{closure:{closure:Illuminate/Pipeline/Pipeline::carry():194}:195}(Object(Illuminate/Http/Request))
#29 C:/Users/josea/Desktop/Proyectois/vendor/laravel/framework/src/Illuminate/Pipeline/Pipeline.php(219): Illuminate/Cookie/Middleware/EncryptCookies->handle(Object(Illuminate/Http/Request), Object(Closure))
#30 C:/Users/josea/Desktop/Proyectois/vendor/laravel/framework/src/Illuminate/Pipeline/Pipeline.php(137): Illuminate/Pipeline/Pipeline->{closure:{closure:Illuminate/Pipeline/Pipeline::carry():194}:195}(Object(Illuminate/Http/Request))
#31 C:/Users/josea/Desktop/Proyectois/vendor/laravel/framework/src/Illuminate/Routing/Router.php(821): Illuminate/Pipeline/Pipeline->then(Object(Closure))
#32 C:/Users/josea/Desktop/Proyectois/vendor/laravel/framework/src/Illuminate/Routing/Router.php(800): Illuminate/Routing/Router->runRouteWithinStack(Object(Illuminate/Routing/Route), Object(Illuminate/Http/Request))
#33 C:/Users/josea/Desktop/Proyectois/vendor/laravel/framework/src/Illuminate/Routing/Router.php(764): Illuminate/Routing/Router->runRoute(Object(Illuminate/Http/Request), Object(Illuminate/Routing/Route))
#34 C:/Users/josea/Desktop/Proyectois/vendor/laravel/framework/src/Illuminate/Routing/Router.php(753): Illuminate/Routing/Router->dispatchToRoute(Object(Illuminate/Http/Request))
#35 C:/Users/josea/Desktop/Proyectois/vendor/laravel/framework/src/Illuminate/Foundation/Http/Kernel.php(200): Illuminate/Routing/Router->dispatch(Object(Illuminate/Http/Request))
#36 C:/Users/josea/Desktop/Proyectois/vendor/laravel/framework/src/Illuminate/Pipeline/Pipeline.php(180): Illuminate/Foundation/Http/Kernel->{closure:Illuminate/Foundation/Http/Kernel::dispatchToRouter():197}(Object(Illuminate/Http/Request))
#37 C:/Users/josea/Desktop/Proyectois/vendor/laravel/framework/src/Illuminate/Foundation/Http/Middleware/TransformsRequest.php(21): Illuminate/Pipeline/Pipeline->{closure:Illuminate/Pipeline/Pipeline::prepareDestination():178}(Object(Illuminate/Http/Request))
#38 C:/Users/josea/Desktop/Proyectois/vendor/laravel/framework/src/Illuminate/Foundation/Http/Middleware/ConvertEmptyStringsToNull.php(31): Illuminate/Foundation/Http/Middleware/TransformsRequest->handle(Object(Illuminate/Http/Request), Object(Closure))
#39 C:/Users/josea/Desktop/Proyectois/vendor/laravel/framework/src/Illuminate/Pipeline/Pipeline.php(219): Illuminate/Foundation/Http/Middleware/ConvertEmptyStringsToNull->handle(Object(Illuminate/Http/Request), Object(Closure))
#40 C:/Users/josea/Desktop/Proyectois/vendor/laravel/framework/src/Illuminate/Foundation/Http/Middleware/TransformsRequest.php(21): Illuminate/Pipeline/Pipeline->{closure:{closure:Illuminate/Pipeline/Pipeline::carry():194}:195}(Object(Illuminate/Http/Request))
#41 C:/Users/josea/Desktop/Proyectois/vendor/laravel/framework/src/Illuminate/Foundation/Http/Middleware/TrimStrings.php(51): Illuminate/Foundation/Http/Middleware/TransformsRequest->handle(Object(Illuminate/Http/Request), Object(Closure))
#42 C:/Users/josea/Desktop/Proyectois/vendor/laravel/framework/src/Illuminate/Pipeline/Pipeline.php(219): Illuminate/Foundation/Http/Middleware/TrimStrings->handle(Object(Illuminate/Http/Request), Object(Closure))
#43 C:/Users/josea/Desktop/Proyectois/vendor/laravel/framework/src/Illuminate/Http/Middleware/ValidatePostSize.php(27): Illuminate/Pipeline/Pipeline->{closure:{closure:Illuminate/Pipeline/Pipeline::carry():194}:195}(Object(Illuminate/Http/Request))
#44 C:/Users/josea/Desktop/Proyectois/vendor/laravel/framework/src/Illuminate/Pipeline/Pipeline.php(219): Illuminate/Http/Middleware/ValidatePostSize->handle(Object(Illuminate/Http/Request), Object(Closure))
#45 C:/Users/josea/Desktop/Proyectois/vendor/laravel/framework/src/Illuminate/Foundation/Http/Middleware/PreventRequestsDuringMaintenance.php(110): Illuminate/Pipeline/Pipeline->{closure:{closure:Illuminate/Pipeline/Pipeline::carry():194}:195}(Object(Illuminate/Http/Request))
#46 C:/Users/josea/Desktop/Proyectois/vendor/laravel/framework/src/Illuminate/Pipeline/Pipeline.php(219): Illuminate/Foundation/Http/Middleware/PreventRequestsDuringMaintenance->handle(Object(Illuminate/Http/Request), Object(Closure))
#47 C:/Users/josea/Desktop/Proyectois/vendor/laravel/framework/src/Illuminate/Http/Middleware/HandleCors.php(61): Illuminate/Pipeline/Pipeline->{closure:{closure:Illuminate/Pipeline/Pipeline::carry():194}:195}(Object(Illuminate/Http/Request))
#48 C:/Users/josea/Desktop/Proyectois/vendor/laravel/framework/src/Illuminate/Pipeline/Pipeline.php(219): Illuminate/Http/Middleware/HandleCors->handle(Object(Illuminate/Http/Request), Object(Closure))
#49 C:/Users/josea/Desktop/Proyectois/vendor/laravel/framework/src/Illuminate/Http/Middleware/TrustProxies.php(58): Illuminate/Pipeline/Pipeline->{closure:{closure:Illuminate/Pipeline/Pipeline::carry():194}:195}(Object(Illuminate/Http/Request))
#50 C:/Users/josea/Desktop/Proyectois/vendor/laravel/framework/src/Illuminate/Pipeline/Pipeline.php(219): Illuminate/Http/Middleware/TrustProxies->handle(Object(Illuminate/Http/Request), Object(Closure))
#51 C:/Users/josea/Desktop/Proyectois/vendor/laravel/framework/src/Illuminate/Foundation/Http/Middleware/InvokeDeferredCallbacks.php(22): Illuminate/Pipeline/Pipeline->{closure:{closure:Illuminate/Pipeline/Pipeline::carry():194}:195}(Object(Illuminate/Http/Request))
#52 C:/Users/josea/Desktop/Proyectois/vendor/laravel/framework/src/Illuminate/Pipeline/Pipeline.php(219): Illuminate/Foundation/Http/Middleware/InvokeDeferredCallbacks->handle(Object(Illuminate/Http/Request), Object(Closure))
#53 C:/Users/josea/Desktop/Proyectois/vendor/laravel/framework/src/Illuminate/Http/Middleware/ValidatePathEncoding.php(28): Illuminate/Pipeline/Pipeline->{closure:{closure:Illuminate/Pipeline/Pipeline::carry():194}:195}(Object(Illuminate/Http/Request))
#54 C:/Users/josea/Desktop/Proyectois/vendor/laravel/framework/src/Illuminate/Pipeline/Pipeline.php(219): Illuminate/Http/Middleware/ValidatePathEncoding->handle(Object(Illuminate/Http/Request), Object(Closure))
#55 C:/Users/josea/Desktop/Proyectois/vendor/laravel/framework/src/Illuminate/Pipeline/Pipeline.php(137): Illuminate/Pipeline/Pipeline->{closure:{closure:Illuminate/Pipeline/Pipeline::carry():194}:195}(Object(Illuminate/Http/Request))
#56 C:/Users/josea/Desktop/Proyectois/vendor/laravel/framework/src/Illuminate/Foundation/Http/Kernel.php(175): Illuminate/Pipeline/Pipeline->then(Object(Closure))
#57 C:/Users/josea/Desktop/Proyectois/vendor/laravel/framework/src/Illuminate/Foundation/Http/Kernel.php(144): Illuminate/Foundation/Http/Kernel->sendRequestThroughRouter(Object(Illuminate/Http/Request))
#58 C:/Users/josea/Desktop/Proyectois/vendor/laravel/framework/src/Illuminate/Foundation/Application.php(1227): Illuminate/Foundation/Http/Kernel->handle(Object(Illuminate/Http/Request))
#59 C:/Users/josea/Desktop/Proyectois/public/index.php(17): Illuminate/Foundation/Application->handleRequest(Object(Illuminate/Http/Request))
#60 C:/Users/josea/Desktop/Proyectois/vendor/laravel/framework/src/Illuminate/Foundation/resources/server.php(23): require_once('C://Users//josea//...')
#61 {main}
"} 
